property_id,years_underperforming,mean_gap,median_gap,mean_gap_pct,eui_2022,eui_2023,eui_2024,expected_eui_2024,property_name,property_type_model,borough,property_gfa_calculated_buildings_ft2,ghg_2024,ghg_intensity_2024,priority_group,gap_rank,ghg_rank,priority_score
6118551,3,744.9266433070475,741.014170172396,1415.480127379716,796.1,870.5,726.6,53.09974360655466,Magnolia Industries,Manufacturing/Industrial Plant,BROOKLYN,43750,1690.65,38.64,High Gap + High GHG,1,0.7972136222910217,0.8986068111455108
21354486,3,692.2058620541352,697.3173333341823,657.444986291158,851,736.9,804.5,107.18266666581768,CIG > BBG_746_BBG: Administrative Building,Other / Rare,BROOKLYN,33800,1953.36,57.790000000000006,High Gap + High GHG,0.999484004127967,0.8214654282765738,0.9104747162022704
21354436,3,675.1551166949866,676.1205544312512,334.9786844895601,823.1,875,931.6,207.56913412674552,H+H_4296_Jacobi Medical Center: Jacobi Medical Center Staff Residence,Hospital (General Medical & Surgical),BRONX,55300,5929.2699999999995,107.22,High Gap + High GHG,0.9989680082559339,0.934984520123839,0.9669762641898865
21355919,3,669.3026311375523,723.0662327603833,316.71687800105224,767.5,924.8,950.6,220.9949380611442,DEP > BWT_9617_Tallman Island WPCP Campus,Other / Rare,QUEENS,151313,13310.06,87.96000000000001,High Gap + High GHG,0.9984520123839009,0.97781217750258,0.9881320949432404
21354537,3,627.590189719452,613.4590306641524,256.32590663483734,925.2,837.5,854.8,241.34096933584766,"H+H_4318_Kings County Hospital: Buildings A, B, C",Hospital (General Medical & Surgical),BROOKLYN,658920,30242.49,45.9,High Gap + High GHG,0.9979360165118679,0.9938080495356038,0.9958720330237358
21353871,3,623.293116577693,676.5678181582132,804.0724543046151,757.7,776.6,569.5,79.91400791085472,CUNY CC > BCC_345_Bronx CC: Bliss Hall,College/University,BRONX,31075,2011.49,64.73,High Gap + High GHG,0.9974200206398349,0.8245614035087719,0.9109907120743035
21353705,3,615.6208535527379,623.4866535458467,715.7713609172022,764.9,619.5,723.6,100.11334645415333,Benchmarking Group - 105,Manufacturing/Industrial Plant,BROOKLYN,138951,6022.33,43.34,High Gap + High GHG,0.9969040247678018,0.936016511867905,0.9664602683178534
21353656,3,606.1623000009171,583.5302061082792,888.2732540260273,740.4,630.5,652.3,68.7697938917207,DCAS_1010_City Hall,Office,MANHATTAN,52000,3762.57,72.36,High Gap + High GHG,0.9963880288957688,0.8993808049535603,0.9478844169246645
10821842,3,583.3043479095487,598.8872458230031,735.5446750368127,697.7,676.4,613.8,75.54518463585815,Harlem River Campus - 1060604,Multifamily Housing,MANHATTAN,69694,2273.01,32.61,High Gap + High GHG,0.9958720330237358,0.8457172342621259,0.9207946336429309
6312171,3,533.9515638568262,535.9285282026409,899.4125666652508,549,590.1,641.5,65.7086906873872,781 East 133rd Street AKA 780 East 134th Street,Manufacturing/Industrial Plant,BRONX,145719,5527.87,37.94,High Gap + High GHG,0.9953560371517027,0.9267285861713106,0.9610423116615067
4972284,3,531.9595744106182,474.16339219513293,327.81904970139885,747.6,806.8,803.6,329.4366078048671,2086 2nd Ave,Multifamily Housing,MANHATTAN,124000,6353.1,51.23,High Gap + High GHG,0.9948400412796697,0.9380804953560371,0.9664602683178534
21354831,3,519.7188942848475,526.1414914759085,549.0019631517405,624.5,589.5,629.9,89.60830531179033,CUNY CC > QCC_551_Queensborough CC: Science Building,College/University,QUEENS,186006,9241.39,49.68,High Gap + High GHG,0.9943240454076367,0.9566563467492261,0.9754901960784315
2741571,3,503.25459400091347,510.6254896631973,702.0058855669542,615.8,582.7,527,74.43722047821085,"Towers 2,3",Residence Hall/Dormitory,MANHATTAN,358042,11742.14,32.8,High Gap + High GHG,0.9938080495356038,0.9711042311661506,0.9824561403508771
6208843,3,482.57675591257396,461.3515806370529,661.1992571837193,622.2,510.7,533.6,72.24841936294713,Park Lane at Sea View (Prescriptive Pathway),Multifamily Housing,STATEN IS,115563,4540.09,39.290000000000006,High Gap + High GHG,0.9932920536635707,0.9158926728586171,0.9545923632610939
6454089,3,478.2106328193281,444.32383403155393,552.2696825634848,523.6,521,663.8,79.93782910915098,15 W. 139th St,Multifamily Housing,MANHATTAN,185318,6822.610000000001,36.82,High Gap + High GHG,0.9927760577915377,0.9432404540763674,0.9680082559339525
6621646,3,469.2923535575735,465.2556425482129,195.75038158935672,873.5,729.8,541.2,251.69928477336651,280 Malden Pl,Multifamily Housing,STATEN IS,6700,192.6,28.75,High Gap + Lower GHG,0.9922600619195047,0.03560371517027864,0.5139318885448917
21355050,3,464.0762589938236,489.06943475403654,270.04775472963445,532.7,647.8,728,185.6880682040379,Benchmarking Group - 93,Other - Recreation,BRONX,3340,224.9,67.34,High Gap + Lower GHG,0.9917440660474717,0.06707946336429309,0.5294117647058824
14905940,3,460.6176958804685,473.73407708252836,319.9708105426861,620.6,668.3,525.1,143.58483183430414,301 West 46th Street AKA 739 8th Avenue,Other / Rare,MANHATTAN,26600,1351.81,50.82,High Gap + High GHG,0.9912280701754386,0.759545923632611,0.8753869969040248
2597674,3,441.6148134231438,462.4672005720693,596.994782445192,471.3,535.8,540,73.07523019647653,CBS-513,Office,MANHATTAN,165625,10293.33,62.15,High Gap + High GHG,0.9907120743034056,0.9638802889576883,0.977296181630547
25745730,3,440.9881328895103,440.67780946544525,621.6609336705884,558.1,510.3,467.3,70.9572224948689,230 East 123rd Street,Multifamily Housing,MANHATTAN,255677,8413.65,32.91,High Gap + High GHG,0.9901960784313726,0.9530443756449949,0.9716202270381837
4972281,3,419.8346126693618,423.45481678199985,280.7084265585079,516.3,684.9,701.2,277.7451832180002,2085 2nd Ave,Multifamily Housing,MANHATTAN,128000,5840.94,45.63,High Gap + High GHG,0.9896800825593395,0.9318885448916409,0.9607843137254901
21354334,3,413.36931963454913,458.7039033043018,387.82415694705975,659.9,560.2,353,127.53136466809354,DOC_1153_Rikers Island West Facility: 200 Bed Modules,Other / Rare,QUEENS,30000,1218.74,40.620000000000005,High Gap + High GHG,0.9891640866873065,0.7337461300309598,0.8614551083591331
7534471,3,398.5292510519306,403.2916492189649,477.3973497209032,467.9,475.2,506.9,98.3070388637136,10-01 43 ROAD,Other / Rare,QUEENS,35000,1302.98,37.23,High Gap + High GHG,0.9886480908152735,0.7518059855521155,0.8702270381836945
15101705,3,396.4672494672414,400.7322691717433,550.9447936765448,428.1,457.6,565.2,148.9369725248138,179-29 150 Road,Other / Rare,QUEENS,30785,1203.86,39.11,High Gap + High GHG,0.9881320949432405,0.7316821465428277,0.8599071207430341
4077824,3,394.7019816987762,369.9775174450134,522.3572393045079,439.7,727.3,344.2,188.34686857278055,11 Metrotech Center - Brooklyn,Data Center,BROOKLYN,260405,9867.4,37.89,High Gap + High GHG,0.9876160990712074,0.9597523219814241,0.9736842105263157
21353975,3,390.41564571859084,400.08689329544444,232.92767628470204,530,570.1,574.4,163.8366784888251,Benchmarking Group - 17,Other / Rare,BRONX,641893,19684.1,30.67,High Gap + High GHG,0.9871001031991744,0.9871001031991744,0.9871001031991744
10397098,3,390.06469970507544,396.6611135689678,414.2445202241283,490.9,497.2,465.1,92.05170580695427,25 Montgomery St,Multifamily Housing,MANHATTAN,136070,4422.87,32.5,High Gap + High GHG,0.9865841073271414,0.913828689370485,0.9502063983488132
6688831,3,387.4790762027222,428.45220565282057,490.22128959038406,110.8,785.6,508.8,80.34779434717947,GVS PROPERTIES IV (248 Sherman Ave),Multifamily Housing,MANHATTAN,32295,903.46,27.979999999999997,High Gap + High GHG,0.9860681114551083,0.6661506707946336,0.8261093911248709
21028435,3,386.8511573670277,238.11313336588475,171.15733123394992,461.2,441.6,934.4,226.8002045938376,Morningside Womans &amp; Babcock West,Hospital (General Medical & Surgical),MANHATTAN,187798,9320.47,49.63,High Gap + High GHG,0.9855521155830753,0.957172342621259,0.9713622291021672
6800133,3,382.60003339674125,383.2468515994252,1033.6431078797912,421.5,425.8,411.6,35.818880377592066,Kai Development Corp,Non-Refrigerated Warehouse,BRONX,38850,1839.13,47.34,High Gap + High GHG,0.9850361197110423,0.8095975232198143,0.8973168214654283
21355226,3,375.7555818221026,331.2866954852543,317.46756047774625,898.9,447.9,134.4,118.19806875608789,DHS_1130_Classified DHS Location,Other - Lodging/Residential,NA,21633,176.54,8.16,High Gap + Lower GHG,0.9845201238390093,0.026831785345717233,0.5056759545923633
11532179,3,369.8526743894369,375.74022515875873,515.6757118689027,451.4,402.6,471,75.67496251574626,Precision Gear 112-07,Manufacturing/Industrial Plant,QUEENS,29134,1305.89,44.82,High Gap + High GHG,0.9840041279669762,0.7543859649122807,0.8691950464396285
6118570,3,367.3604692279103,340.5040886666493,432.32373350099573,344.7,581.8,428.6,88.0959113333507,E & G Plastics,Manufacturing/Industrial Plant,BROOKLYN,29500,1445.2,48.99,High Gap + High GHG,0.9834881320949432,0.7719298245614035,0.8777089783281733
10565018,3,364.02771800381214,362.64356232268733,425.2939907777562,434.6,445.2,469.9,84.03951914921319,218 West 10th Street,Multifamily Housing,MANHATTAN,23165,603.66,26.06,High Gap + High GHG,0.9829721362229102,0.5350877192982456,0.7590299277605779
21354395,3,363.1855584199395,343.8440726204427,233.8310420598291,752.5,493.4,300.5,145.45689523210484,DOC_9203_Rikers Island Transportation Garage,Vehicle Repair Services,QUEENS,73895,2555.2,34.58,High Gap + High GHG,0.9824561403508771,0.8622291021671826,0.9223426212590299
6266163,3,354.84574950018344,375.4133330164286,371.49847491544114,414.8,465.8,478.3,88.67001758747031,42-01 Main Street - 39886,Retail Store,QUEENS,37829,1242.45,32.839999999999996,High Gap + High GHG,0.9819401444788441,0.739938080495356,0.8609391124871001
6787823,3,339.2642076690446,328.73633752497767,294.6589350741405,341.1,437.5,583.2,120.171830111288,"Flushing Roosevelt Associates, LLC",Other / Rare,QUEENS,32900,1314.36,39.95,High Gap + High GHG,0.9814241486068112,0.7559339525283798,0.8686790505675954
26684914,3,338.6077283701034,380.70366058413776,125.35462280789591,439.4,649.3,733,274.2547681753252,Bedford Courts I LLC,Other - Recreation,BROOKLYN,76699,2986.25,38.93,High Gap + High GHG,0.9809081527347782,0.8797729618163055,0.9303405572755419
21355052,3,336.4508076103316,490.9876802410751,278.1793572438602,618.6,614,154.7,135.74572656085908,DPR_3646_Crotona Park-Cary Leeds Center for Tennis & Learning,Other - Recreation,BRONX,9975,144.57,14.49,High Gap + Lower GHG,0.9803921568627451,0.016511867905056758,0.4984520123839009
10790828,3,333.4916474854597,106.31733158121045,412.6253920975229,132.1,181.6,921.3,81.81816540632728,Williamsburg Houses: Buildings 9-14,Multifamily Housing,BROOKLYN,73445,5545.07,75.5,High Gap + High GHG,0.9798761609907121,0.9272445820433437,0.9535603715170279
16089237,3,333.28872326849535,325.06285291671895,375.5578627780047,463.1,390.2,412.8,87.73714708328104,"Betances III, 18 411 E136th Street",Multifamily Housing,BRONX,17629,506.71,28.74,High Gap + Lower GHG,0.9793601651186791,0.4545923632610939,0.7169762641898865
6664944,3,332.9807906229836,424.8923456839923,410.56298798065455,92.7,646,506.5,81.60765431600771,NANYANG REALTY CORP: 200 Sterling,Multifamily Housing,BROOKLYN,38199,2089.25,54.690000000000005,High Gap + High GHG,0.9788441692466461,0.8328173374613003,0.9058307533539731
24127172,3,324.83062275759454,258.27069284479876,534.138907016715,266.9,318.2,571.4,61.27652354996901,515 7th Avenue,Parking,MANHATTAN,33061,1343.88,40.65,High Gap + High GHG,0.978328173374613,0.7579979360165119,0.8681630546955624
12721684,3,324.42806711319054,359.60959946824727,301.94268350443144,527.3,360,549.2,189.59040053175278,10220-BKN-Brooklyn,Supermarket/Grocery Store,BROOKLYN,75421,3904.22,51.77,High Gap + High GHG,0.97781217750258,0.9040247678018576,0.9409184726522188
2805494,3,318.7207271198513,375.18709787748196,410.4061508377595,274.1,451.3,464.1,78.86055153164627,60 First Ave - 7144,Multifamily Housing,MANHATTAN,214280,5684.88,26.53,High Gap + High GHG,0.977296181630547,0.9298245614035088,0.9535603715170279
8169123,3,317.9380388471548,27.32202891392334,655.4666294428371,83.9,970.2,78.7,74.18788214514196,454 Riverside Dr,Multifamily Housing,MANHATTAN,47934,229.65,4.79,High Gap + Lower GHG,0.9767801857585139,0.07223942208462332,0.5245098039215687
26222977,3,316.45225619859616,407.564195820793,246.69392710856383,218.9,568.8,540.1,132.53580417920702,95 Marginal Street (Tin Building),Other / Rare,MANHATTAN,59020,2579.52,43.71,High Gap + High GHG,0.9762641898864809,0.8642930856553147,0.9202786377708978
21353687,3,313.3192093999057,317.87170772339846,241.30313938531197,426,455.4,448.9,123.85429511121686,FDNY_4046_Bronx Central Office,Office,BRONX,7900,408.14,51.66,High Gap + Lower GHG,0.9757481940144479,0.3431372549019608,0.6594427244582044
6802860,3,308.1441675759828,400.4670160395323,367.96262343594617,585.2,481.8,106.5,81.85190573805757,Elliot Place Estates LLC,Multifamily Housing,BRONX,45235,314.71999999999997,6.96,High Gap + Lower GHG,0.9752321981424149,0.2043343653250774,0.5897832817337462
26573811,3,307.2551373797686,314.70964610988636,396.89765370621643,395.6,359.7,398.8,75.80139299815461,201 Clinton Ave,Multifamily Housing,BROOKLYN,138474,2932.9,21.18,High Gap + High GHG,0.9747162022703818,0.8751289989680082,0.9249226006191951
21739150,3,306.18139347638044,149.11652995580368,399.2832676932521,228.1,762.4,159.5,76.21560996861508,Heath - 2680 Heath Ave,Multifamily Housing,NA,60200,549.42,9.13,High Gap + Lower GHG,0.9742002063983488,0.4932920536635707,0.7337461300309598
26533115,3,304.80426371426216,312.2835775347477,418.3729218234969,385.3,405.5,342.6,74.61123187199095,AKAM - 307 Cherry Street,Multifamily Housing,MANHATTAN,56553,1215.33,21.49,High Gap + High GHG,0.9736842105263158,0.7321981424148607,0.8529411764705883
14720575,3,299.27784102424386,285.26442537467346,618.8989706259132,267.8,333.4,441,49.483905218712565,911 Erskine St,Multifamily Housing,BROOKLYN,50000,1680.1699999999998,33.6,High Gap + High GHG,0.9731682146542827,0.7956656346749226,0.8844169246646026
21355922,3,299.24357373778395,370.23364467614056,193.5413178541838,268.1,523.4,593.2,151.33723957264027,DEP > BWT_9608_Coney Island WPCP Campus,Other / Rare,BROOKLYN,309325,18127.66,58.6,High Gap + High GHG,0.9726522187822497,0.9855521155830753,0.9791021671826625
2830942,3,298.94005763507374,219.80420337990097,361.0518825816756,568.8,302.6,273.8,82.77973288662412,BAILEY AVENUE-WEST 193RD STREET,Multifamily Housing,BRONX,99600,1764.7,17.72,High Gap + High GHG,0.9721362229102167,0.8018575851393189,0.8869969040247678
21902522,3,294.00317085120986,296.67549621578405,330.1830173667115,400.2,363.1,385.7,89.02450378421595,1048-1064 Sheridan Investors LLC,Multifamily Housing,BRONX,30385,664.75,21.88,High Gap + High GHG,0.9716202270381837,0.5737874097007224,0.772703818369453
7732937,3,291.90922921429086,358.8214710449448,257.83907738381436,268.1,472.1,481.1,109.92362627804319,147 W 43rd St,Hotel,MANHATTAN,30150,957.03,31.74,High Gap + High GHG,0.9711042311661506,0.6811145510835913,0.8261093911248709
2831135,3,289.1195772914465,280.6646328839819,344.63563682854584,460.2,366.6,292.4,82.9717756609132,OCEAN BAY APARTMENTS (OCEANSIDE),Multifamily Housing,QUEENS,390000,6679.68,17.130000000000003,High Gap + High GHG,0.9705882352941176,0.9416924664602683,0.956140350877193
10821538,3,288.56180422832614,284.4319446162742,467.6124530150715,366.4,342.7,341.9,62.327897071760574,96-03 Beach Channel Drive,Manufacturing/Industrial Plant,QUEENS,39057,1171.6799999999998,30,High Gap + High GHG,0.9700722394220846,0.7265221878224974,0.848297213622291
26573815,3,286.9286913444415,287.8374009051663,373.8448526518777,367.5,363.1,360.6,75.98560204936906,345 Clinton Ave,Multifamily Housing,BROOKLYN,138474,3005.07,21.7,High Gap + High GHG,0.9695562435500515,0.8823529411764706,0.925954592363261
2817012,3,282.6212115129679,285.3987524518351,341.3301680110911,370.4,355.8,370.1,82.18890021551682,Building 8,Multifamily Housing,BRONX,351827,6916.59,19.66,High Gap + High GHG,0.9690402476780186,0.9437564499484005,0.9563983488132095
21354123,3,280.9565205054606,249.6659486818135,177.63217998770756,400.4,403,512.3,164.0781064888646,CIG > WCS BZ_9432_Bronx Zoo: Isoquarantine,Other / Rare,BRONX,5250,142.86,27.21,High Gap + Lower GHG,0.9685242518059856,0.015995872033023734,0.49226006191950467
4036548,3,280.85134205326915,292.01757859861266,363.860237403097,369.5,373,331.7,77.68404632861765,Glenwood - The Pavilion (500 East 77th Street),Multifamily Housing,MANHATTAN,261335,5637.17,21.57,High Gap + High GHG,0.9680082559339526,0.9287925696594427,0.9484004127966976
23985368,3,278.4650296769793,270.0620317503455,652.6358269494866,313.8,340.2,309.5,42.332491785093204,Bathgate Site 6,Manufacturing/Industrial Plant,BRONX,110000,3471.3900000000003,31.56,High Gap + High GHG,0.9674922600619195,0.8942208462332302,0.9308565531475748
6690434,3,277.7943770917328,266.4407269776679,310.8711702624374,358,395.4,348.4,89.13915137039537,MP Management - 1605 Townsend ave,Multifamily Housing,BRONX,33000,635.58,19.26,High Gap + High GHG,0.9669762641898865,0.5557275541795665,0.7613519091847265
21355911,3,275.23434430661666,272.809043980305,145.9216459209483,461.5,506.1,426.8,196.96855850930123,DEP > BWT_9609_Hunts Point WPCP Campus,Other / Rare,BRONX,509197,22546.55,44.28,High Gap + High GHG,0.9664602683178535,0.9917440660474717,0.9791021671826625
10403371,3,271.31480624157285,263.49653563939444,357.4838700396587,368.5,334.4,338.6,75.10346436060557,255 Havemeyer St,Multifamily Housing,BROOKLYN,121700,2704.11,22.22,High Gap + High GHG,0.9659442724458205,0.8704850361197111,0.9182146542827658
21354813,3,271.2705956363604,271.69622534365385,125.54714331956536,473,488.4,500.8,214.4511446582856,H+H_9696_Queens Hospital: Main Building,Hospital (General Medical & Surgical),QUEENS,378430,14361.36,37.95,High Gap + High GHG,0.9654282765737874,0.9788441692466461,0.9721362229102167
6790108,3,268.84822718749086,268.1650302378514,408.67624613841417,333.6,339.4,330.9,65.90735170841232,Cape: 19 St. Marks,Office,MANHATTAN,26823,665.2,24.8,High Gap + High GHG,0.9649122807017544,0.5743034055727554,0.7696078431372548
16077974,3,267.021526970761,95.98164011052413,278.98625965548075,188.7,183,715.1,96.01431754751746,705 Crotona Park North,Multifamily Housing,BRONX,15000,590.43,39.36,High Gap + High GHG,0.9643962848297214,0.522703818369453,0.7435500515995872
9153292,3,265.80433097173955,276.2344280301363,989.0510860304418,234.4,336.8,308.4,32.16557196986366,Ekstein Development - 47-47 Van Dam st,Self-Storage Facility,QUEENS,108000,2101.71,19.459999999999997,High Gap + High GHG,0.9638802889576883,0.8348813209494325,0.8993808049535603
6277918,3,263.69723068234896,266.55117658714556,322.191911717676,363.8,341.7,332.2,85.78567931861268,30 East 76th St Condominium,Mixed Use Property,MANHATTAN,36259,1267.13,34.949999999999996,High Gap + High GHG,0.9633642930856553,0.7481940144478845,0.8557791537667698
21354956,3,262.5309688017849,279.6334658811352,101.33295494933608,430.8,577.9,561.5,281.8665341188648,Benchmarking Group - 72,Other - Recreation,MANHATTAN,1054,68.11,64.61999999999999,High Gap + Lower GHG,0.9628482972136223,0.0041279669762641896,0.48348813209494323
2944898,3,259.3344707958275,235.07084613349724,338.55370521231646,308.5,220,475.4,80.73734187254162,ABC 30W,Office,MANHATTAN,139000,7605.45,54.720000000000006,High Gap + High GHG,0.9623323013415893,0.9473684210526315,0.9548503611971104
8721729,3,256.37836917960556,239.67723251900748,333.1299399214332,326.2,291,385.1,73.16886165375945,403 East 91st Street,Mixed Use Property,MANHATTAN,28800,750.8499999999999,26.07,High Gap + High GHG,0.9618163054695562,0.6181630546955624,0.7899896800825593
6422355,3,256.14279863738443,261.6506018820819,298.9882849647364,324.2,345.4,356.2,85.44653378899045,45 OCEAN LLC,Multifamily Housing,BROOKLYN,26500,519.13,19.59,High Gap + Lower GHG,0.9613003095975232,0.4649122807017544,0.7131062951496387
6537494,3,254.41321556307224,300.6280673321399,190.39578039262906,450.3,441.8,265.3,117.67721626203766,221-02/50 Horace Harding Expressway,Strip Mall,NA,66182,1323.87,20,High Gap + High GHG,0.9607843137254902,0.7564499484004128,0.8586171310629516
6821840,3,254.10626763716178,244.74422095030752,296.3559109376701,376.3,331.1,312,84.51283538090853,Jasper Hall,Residence Hall/Dormitory,BRONX,62044,1436.2,23.15,High Gap + High GHG,0.9602683178534571,0.7714138286893705,0.8658410732714138
7945045,3,252.37107094473316,271.1051569605909,356.56354090833,384.2,241.2,342,70.89484303940914,Kerns: 3714 29th St.,Manufacturing/Industrial Plant,QUEENS,28853,842.8299999999999,29.21,High Gap + High GHG,0.9597523219814241,0.6480908152734778,0.803921568627451
5977986,3,247.6362898458724,239.85051616288973,205.9141532516489,389.5,352.1,362,122.14948383711027,Archcare: 1339 York Ave,Senior Living Community,MANHATTAN,120799,3427.79,28.38,High Gap + High GHG,0.9592363261093911,0.8921568627450981,0.9256965944272446
6775172,3,245.65603053725852,211.39202503213215,316.2947941783984,261,271.7,453,102.77883922934659,KND: 48-09 34th Street,Other / Rare,QUEENS,31920,921.97,28.88,High Gap + High GHG,0.9587203302373581,0.6713106295149639,0.8150154798761611
21354289,3,242.5521218323236,217.88990729594798,307.31303583472413,373.3,293.3,297.6,79.71009270405206,CIG > NYBG_740_NYBG: Jeannette Kittredge Watson Science and Education Building,Office,BRONX,36200,1224.33,33.82,High Gap + High GHG,0.958204334365325,0.7352941176470589,0.846749226006192
21355237,3,238.41773974229102,196.49668479514295,224.75834044275769,395.7,382,380.4,183.90331520485702,DOITT_3320_Technology Center,Data Center,BROOKLYN,216000,9455.9,43.78,High Gap + High GHG,0.957688338493292,0.9587203302373581,0.958204334365325
21354240,3,234.1418507450581,230.05260518285942,314.62347395418607,319,299.3,307.6,77.5473948171406,FDNY_4269_Staten Island Central Office,Office,STATEN IS,12174,431.02,35.4,High Gap + Lower GHG,0.957172342621259,0.36790505675954593,0.6625386996904025
20642733,3,232.7922071329435,261.1940526199716,179.48966162071446,422.1,392.9,268.9,121.20751614610448,3155 Grace Avenue,Senior Living Community,BRONX,164181,2988.44,18.2,High Gap + High GHG,0.9566563467492261,0.8808049535603715,0.9187306501547987
21354230,3,232.1475588146624,240.47556232261456,116.3779727408078,399.7,426,470.4,216.2765450948473,DPR_3866_Corporal Thompson Playground Public Restroom,Other - Recreation,STATEN IS,1033,50.47,48.86,High Gap + Lower GHG,0.956140350877193,0.0015479876160990713,0.478844169246646
6282834,3,231.65055527347198,276.3947476237602,267.86160829231477,461.3,355.1,131.5,79.53374680941103,Parkwill: 35-50 Hunters Point Ave,Manufacturing/Industrial Plant,QUEENS,34922,528.3499999999999,15.13,High Gap + Lower GHG,0.95562435500516,0.47213622291021673,0.7138802889576883
4405693,3,230.0531493562804,21.686474991469268,328.6594062940384,93.2,71.1,736.1,69.95350140832798,City Hall Tower,Multifamily Housing,MANHATTAN,88320,3521.42,39.87,High Gap + High GHG,0.955108359133127,0.8947368421052632,0.9249226006191951
3128122,3,228.4177599645823,247.59870587920034,276.9194955548855,339.1,140.5,457.7,77.42891899185061,RIIS - SITES 9-13,Multifamily Housing,MANHATTAN,395880,10860.57,27.43,High Gap + High GHG,0.9545923632610939,0.9685242518059856,0.9615583075335397
21355312,3,225.87778620085206,244.9503345095894,202.35280787339732,368.4,284.4,359.5,107.47686692655758,DSNY_3952_Queens 7 District Garage Annex,Vehicle Repair Services,QUEENS,49921,1063.99,21.31,High Gap + High GHG,0.9540763673890609,0.7069143446852425,0.8304953560371517
21353688,3,225.79896832779178,219.76459513248722,134.5170981708134,412.6,386.6,381.6,166.97357421649966,NYPD_4173_Classified NYPD Location,Police Station,NA,7900,248.38,31.44,High Gap + Lower GHG,0.9535603715170279,0.09649122807017543,0.5250257997936016
6821831,3,225.29780162631147,240.29574862528796,263.59829562279845,349.6,323.9,258.7,85.39957438016754,Thomas Hall,College/University,BRONX,85432,1639.74,19.19,High Gap + High GHG,0.9530443756449949,0.7915376676986584,0.8722910216718267
10882739,3,225.1434318087211,258.3158358155551,266.5974109879956,341.2,364.2,225.1,87.87482075690303,Booth Theatre,Performing Arts,MANHATTAN,27920,723.1700000000001,25.9,High Gap + High GHG,0.9525283797729618,0.6037151702786377,0.7781217750257998
6579156,3,224.59810892426822,231.94557814660388,138.58096902594977,395.3,375.4,390,158.05442185339612,"Bard Levinson & Levy, LLC - 1507 Coney Island ave",Supermarket/Grocery Store,BROOKLYN,26102,844.19,32.339999999999996,High Gap + High GHG,0.9520123839009288,0.6486068111455109,0.8003095975232198
6664397,3,222.4725007742388,231.94306663156357,252.27969131267784,340,318.2,273.7,88.1302760492411,1484 Sterling Place,Multifamily Housing,BROOKLYN,25200,382.33,15.17,High Gap + Lower GHG,0.9514963880288958,0.30546955624355004,0.628482972136223
6793647,3,222.33671787989414,222.29115416910128,253.845334540123,275.5,350.1,307.8,85.50884583089875,540 West 235th Street,Office,BRONX,29703,869.3199999999999,29.27,High Gap + High GHG,0.9509803921568627,0.6563467492260062,0.8036635706914345
12049528,3,221.313041609408,223.52160418216403,228.16764546413378,322.1,331.1,301.7,95.85704317048685,32-11 Channel Realty LLC,Mixed Use Property,QUEENS,28025,644.09,22.979999999999997,High Gap + High GHG,0.9504643962848297,0.5614035087719298,0.7559339525283797
10882677,3,220.7535256173137,212.52333792506602,274.035242251324,376.9,235.8,290.8,78.27666207493401,Schoenfeld Theatre,Performing Arts,MANHATTAN,25000,482.45,19.3,High Gap + Lower GHG,0.9499484004127967,0.42724458204334365,0.6885964912280702
2658264,3,219.1383798182168,295.29259014859366,258.44043065521225,152.8,382.4,383.1,81.33098263816973,Alfred Lerner Hall,College/University,MANHATTAN,233031,10179.25,43.68,High Gap + High GHG,0.9494324045407637,0.9618163054695562,0.95562435500516
6821258,3,217.51014999994672,278.2204654657276,252.11589786059437,148.9,401.9,364.1,85.8795345342724,LD Brokerage - 653 Britton Street,Multifamily Housing,BRONX,37000,1032.5,27.91,High Gap + High GHG,0.9489164086687306,0.6945304437564499,0.8217234262125903
6686890,3,217.37226159991098,204.35513253483214,239.5106217089092,341.6,288.2,294.2,89.84486746516787,Chestnut - 1358 Sheridan Avenue,Multifamily Housing,BRONX,25602,431.4299999999999,16.85,High Gap + Lower GHG,0.9484004127966976,0.36945304437564497,0.6589267285861713
21354835,3,216.90691775282718,191.51737919987244,205.66684711270614,397.7,295.4,271.3,98.18799153368859,CUNY CC > QCC_556_Queensborough CC: Y2 Building,College/University,QUEENS,12850,247.67,19.27,High Gap + Lower GHG,0.9478844169246646,0.09545923632610939,0.521671826625387
6690445,3,216.32126968152744,208.01814618872496,226.37844414976564,288.4,306,341.6,93.96609180498976,MP Management - 2654 Valentine ave,Multifamily Housing,BRONX,27900,570.3399999999999,20.44,High Gap + High GHG,0.9473684210526315,0.5082559339525283,0.7278121775025799
21355609,3,216.13323810538833,240.003327535554,192.36377209600937,439.3,353.5,197.1,117.65627348596274,DPR_3848_Greenbelt Native Plant Center,Other - Recreation,STATEN IS,30439.1,349.39,11.48,High Gap + Lower GHG,0.9468524251805985,0.26212590299277605,0.6044891640866873
3512134,3,214.81283669093665,295.29738087728384,113.98371250104853,519.7,480.9,208.5,187.9214052430791,CO/VZT/230 W 36TH ST/NEW YORK/NY,Data Center,MANHATTAN,308629,5926.2699999999995,19.2,High Gap + High GHG,0.9463364293085655,0.9344685242518059,0.9404024767801857
2605684,3,214.0060867215537,208.25352975790219,54.10270177032518,538.7,613.2,685.5,385.30423416205235,Hammer Health Sciences Center,Laboratory,NA,327698,18033.92,55.03,High Gap + High GHG,0.9458204334365325,0.9850361197110423,0.9654282765737874
21355676,3,209.06923024369445,193.82362262698683,244.35809754963225,362.5,247.9,272.9,79.07637737301314,DPR_3861_Silver Lake Park Tennis Center,Other - Recreation,NA,4198,69.45,16.54,High Gap + Lower GHG,0.9453044375644994,0.0046439628482972135,0.47497420020639836
6772255,3,203.44741880376145,214.2830277134094,220.92321064648473,312.2,260.7,314,88.61178720812501,694 E 141st St,Multifamily Housing,BRONX,26225,545.6,20.8,High Gap + Lower GHG,0.9447884416924665,0.48813209494324045,0.7164602683178535
6621644,3,203.25633424859151,184.48866271354936,82.16376229394744,495.8,425.4,430.5,246.01133728645064,29 Primrose Pl,Multifamily Housing,STATEN IS,6700,153.19,22.86,High Gap + Lower GHG,0.9442724458204335,0.02063983488132095,0.4824561403508772
2694218,3,203.20585619704795,274.7543197691581,180.43913060016035,136.6,386.9,432.7,112.63137610146713,Mutual Redevelopment -Commercial Building #1,Retail Store,MANHATTAN,9835,226.06,22.979999999999997,High Gap + Lower GHG,0.9437564499484005,0.06862745098039216,0.5061919504643964
2658274,3,202.57644172154258,188.16871023715146,210.58438850493982,185.3,438,281.6,93.43128976284856,"Avery, Extension, Fayerweather",College/University,MANHATTAN,167750,5435.73,32.4,High Gap + High GHG,0.9432404540763674,0.9241486068111455,0.9336945304437565
15498395,3,202.026310539357,197.27383697972772,342.5894652972293,270,271.4,255.8,72.72552925048564,Northeast Bronx,Fitness Center/Health Club/Gym,BRONX,52777,997.54,18.9,High Gap + High GHG,0.9427244582043344,0.6888544891640866,0.8157894736842105
6309256,3,200.30055732617888,195.74193114253995,231.33453513245544,285.5,301.6,273.9,85.68219667811559,52 East 78th Street,Multifamily Housing,MANHATTAN,28080,483.16,17.21,High Gap + Lower GHG,0.9422084623323014,0.4282765737874097,0.6852425180598556
6797786,3,199.62584778777745,208.00932219067744,264.4685348110273,284.4,225.6,314.3,77.29288001895002,6409 8 AVENUE,Office,BROOKLYN,32000,689.97,21.56,High Gap + High GHG,0.9416924664602683,0.586687306501548,0.7641898864809081
6672945,3,198.7149105139398,285.0553247914966,370.34056955153284,66.7,348,338.6,53.54467520850343,1926 Longfellow Avenue,Multifamily Housing,BRONX,42200,1069.32,25.34,High Gap + High GHG,0.9411764705882353,0.7074303405572755,0.8243034055727554
8169131,3,198.22109861638015,168.72388752329095,333.2424194802211,376.5,154.5,247.8,79.07611247670906,518 West 111 St,Multifamily Housing,MANHATTAN,43002,570.62,13.27,High Gap + High GHG,0.9406604747162023,0.5092879256965944,0.7249742002063984
19915922,3,197.16619982952878,251.50766970209628,74.05310156829228,531.6,525.8,331.7,263.4090575276267,Maimonides - Main Campus,Hospital (General Medical & Surgical),BROOKLYN,895621,21706.109999999997,24.24,High Gap + High GHG,0.9401444788441693,0.9907120743034056,0.9654282765737874
4952705,3,196.82150297923863,16.46103527443509,249.50555869421595,101.6,84.5,647.1,78.71719765430562,AKAM - 97-02 62nd Drive - CHILD,Multifamily Housing,QUEENS,142017,5730.56,40.349999999999994,High Gap + High GHG,0.9396284829721362,0.9308565531475749,0.9352425180598556
19906892,3,196.68220731844642,167.6945241107561,155.08160560872778,293.4,411,260.8,109.67184663906785,363 West 16th Street,Hotel,MANHATTAN,125294,2737.02,21.84,High Gap + High GHG,0.9391124871001032,0.871517027863777,0.9053147574819401
14761927,3,194.62790314634304,212.5063150151653,186.974778130572,318.2,312.8,267.6,111.35306177567783,God's Love We Deliver,Other / Rare,MANHATTAN,48671,1056.57,21.71,High Gap + High GHG,0.9385964912280702,0.7022703818369453,0.8204334365325078
6783300,3,194.5869274416351,193.51526612190213,398.752023900739,259.9,242.3,228.1,49.59171414527299,Grand One at Sky View Parc,Multifamily Housing,QUEENS,230551,3918.23,17,High Gap + High GHG,0.9380804953560371,0.9045407636738906,0.9213106295149638
11911145,3,194.38796540546406,202.4978607007397,244.43210205445354,292.1,248.2,281.2,78.70213929926028,Betances IV 510-525 E146th St,Multifamily Housing,BRONX,79968,1396.28,17.459999999999997,High Gap + High GHG,0.9375644994840041,0.7657378740970072,0.8516511867905057
6041177,3,193.61006824634723,192.03693480705746,213.57983543852862,283.4,281.4,288,90.22062944221338,Standby One Associates-1411,Multifamily Housing,BRONX,33060,542.06,16.4,High Gap + Lower GHG,0.9370485036119711,0.48348813209494323,0.7102683178534572
7773410,3,191.46687973352803,186.75345015966244,132.17286250008897,335,320.3,354.3,141.71498289167926,Bushwick Center,Residential Care Facility,BROOKLYN,39568,744.59,18.82,High Gap + High GHG,0.9365325077399381,0.6130030959752322,0.7747678018575852
3114642,3,191.4634755149758,163.79430198228872,198.98578499048222,270,378.5,219.2,95.50606624213933,Faculty/Presidents House,Mixed Use Property,MANHATTAN,58273,1458.85,25.03,High Gap + High GHG,0.936016511867905,0.7745098039215687,0.8552631578947368
6696758,3,190.98888970699667,212.08499999679714,237.73427971137286,229.8,290.5,297.3,85.21500000320287,Congregation Shaare Zion - 2030 Ocean Parkway,College/University,BROOKLYN,34334,898.59,26.17,High Gap + High GHG,0.935500515995872,0.6651186790505675,0.8003095975232197
6223549,3,189.76484239573367,98.54310565187953,238.85959859584617,122,177.1,511.4,79.32023029247443,Nealco Towers LLC,Multifamily Housing,MANHATTAN,46163,1288.95,27.92,High Gap + High GHG,0.934984520123839,0.7492260061919505,0.8421052631578947
4044925,3,187.65490884672784,187.4861597084733,254.20957330805408,270.4,260.8,253.3,74.75151945670193,Elton Parkview II Associates LLC (2032),Multifamily Housing,BRONX,83351,1245.22,14.94,High Gap + High GHG,0.9344685242518059,0.7414860681114551,0.8379772961816305
22709814,3,187.23651385028978,184.09621392216854,470.41698222760635,245.8,211.9,223.4,39.30378607783147,"32 Beadel St, Brooklyn, NY 11222",Non-Refrigerated Warehouse,BROOKLYN,26000,584.7700000000001,22.49,High Gap + High GHG,0.9339525283797729,0.5196078431372549,0.7267801857585139
5812514,3,185.64261838089226,178.2393467445466,202.57053855398073,288.4,297.2,284.8,128.36743036613936,CBS Broadcast Center,Other / Rare,MANHATTAN,737480,21401.44,29.02,High Gap + High GHG,0.93343653250774,0.9901960784313726,0.9618163054695563
4036590,3,185.03782530831194,39.62993215636503,235.18236661406962,122.6,111.7,563.1,78.19960217687304,Glenwood - Briar Hill - Child #1,Multifamily Housing,BRONX,72136,3277.3500000000004,45.43,High Gap + High GHG,0.932920536635707,0.8890608875128999,0.9109907120743035
10821687,3,184.9458564909329,178.96399556164278,124.172079541088,316.1,359.6,325.6,146.63600443835725,Asia Society Building and Museum,Museum,MANHATTAN,54139,1490.12,27.52,High Gap + High GHG,0.9324045407636739,0.7791537667698658,0.8557791537667698
13552125,3,183.20150898825503,88.85426915361131,279.35690924306346,154.6,452.1,141.5,67.69632778195198,29 East 2nd Street: 29 East 2nd Street,Multifamily Housing,MANHATTAN,33000,345.17,10.46,High Gap + Lower GHG,0.9318885448916409,0.2549019607843137,0.5933952528379773
2831003,3,182.86172174341564,189.9081793011875,234.73577720749634,271.6,290,221.1,77.07075215380046,CONEY ISLAND I (SITE 8),Multifamily Housing,BROOKLYN,83280,1110.65,13.34,High Gap + High GHG,0.9313725490196079,0.7151702786377709,0.8232714138286894
10790829,3,182.65821415759436,72.97547629789992,225.7649542472483,151.9,115.6,516.5,81.81816540632728,Williamsburg Houses: Buildings 15-20,Multifamily Housing,BROOKLYN,73445,2014.87,27.43,High Gap + High GHG,0.9308565531475749,0.8250773993808049,0.87796697626419
11715394,3,182.28605507569736,184.07378735895304,160.69297747336938,319.2,283.8,329.1,185.91653884161803,NH Little Neck Community Services 4618919,Laboratory,QUEENS,36321,1140,31.39,High Gap + High GHG,0.9303405572755418,0.7208462332301342,0.825593395252838
6789793,3,181.9165628494492,162.7431490899412,240.75354159885356,301.2,237.9,233.7,77.03130108938535,8600 Shore Front Pkwy,Multifamily Housing,QUEENS,276760,3723.15,13.45,High Gap + High GHG,0.9298245614035088,0.8983488132094943,0.9140866873065016
27646327,3,181.84822160772762,254.60376424294262,241.46164580693926,362.3,328.5,80.2,74.93264674050899,Spigro Management - 820 Boynton Avenue,Multifamily Housing,BRONX,256750,1468.81,5.72,High Gap + High GHG,0.9293085655314758,0.7755417956656346,0.8524251805985552
6696276,3,180.69078564495015,183.1758581359282,267.8055118558179,250.9,252,241.6,67.62334094048224,David Chow - 103 Mott st,Office,MANHATTAN,37749,645.2700000000001,17.09,High Gap + High GHG,0.9287925696594427,0.5629514963880289,0.7458720330237358
21355920,3,180.40887071219043,223.45317228063902,150.56405599608078,194.9,343.2,360.4,121.02120526246831,DEP > BWT_9606_26th Ward WPCP Campus,Other / Rare,BROOKLYN,389556,14456.6,37.11,High Gap + High GHG,0.9282765737874097,0.9793601651186791,0.9538183694530444
21354136,3,179.33603447264355,143.37627260310427,152.71886565225338,376.7,264.6,249.8,115.38002675912367,DPR_3781_Cunningham Park Tennis House Public Restroom,Other - Recreation,QUEENS,1981,33.339999999999996,16.830000000000002,High Gap + Lower GHG,0.9277605779153767,0.0010319917440660474,0.4643962848297214
6879956,3,179.19623174989215,206.5198014256824,225.63027719350356,354.2,181.9,264.8,58.280198574317616,2074 White Plains Road,Parking,BRONX,21491,495.15,23.04,High Gap + Lower GHG,0.9272445820433437,0.44272445820433437,0.684984520123839
21355913,3,178.38088308254316,174.1575682240315,102.62579857427457,326.9,353.9,376.6,170.17665709886342,DEP > BWT_9611_Newtown Creek WPCP Campus,Other / Rare,BROOKLYN,1306271,51516.25,39.44,High Gap + High GHG,0.9267285861713106,0.9963880288957688,0.9615583075335397
15621586,3,177.65681018885272,183.84856915109492,305.4241145481218,206.8,238.7,262.8,59.353054379968064,K746 (OECID: 0302037; BBL: 3008610037),K-12 School,BROOKLYN,118431,1948.08,16.45,High Gap + High GHG,0.9262125902992776,0.8209494324045408,0.8735810113519091
6808234,3,177.49943802132202,170.1465355165526,156.15460191184485,279.9,284.2,309.8,111.94907855272582,5718 2nd Ave,Other / Rare,BROOKLYN,28212,784.62,27.81,High Gap + High GHG,0.9256965944272446,0.6295149638802889,0.7776057791537667
18968107,3,175.7701676014213,180.47238754410398,145.64303331038835,305.4,273.4,313.8,112.86545569697371,156-10 and 156-44 Northern Boulevard,Strip Mall,QUEENS,48595,1256.76,25.86,High Gap + High GHG,0.9251805985552115,0.7456140350877193,0.8353973168214655
21353832,3,174.97303028403567,173.1478308921429,112.07590256315676,337,322.2,334.4,161.25216910785707,FDNY_3995_EMS 18,Other / Rare,BRONX,6000,180.47,30.08,High Gap + Lower GHG,0.9246646026831785,0.02889576883384933,0.47678018575851394
21355167,3,173.74443804612903,179.967823898252,260.6029192820579,247.1,262.1,212.4,67.73385065910433,OCME_294_Manhattan Chief Medical Examiner,Office,MANHATTAN,90456,1764.98,19.51,High Gap + High GHG,0.9241486068111455,0.8023735810113519,0.8632610939112487
4000384,3,173.44040443066768,192.86864213958387,232.5224960658864,275.7,266.1,202.7,75.72980737809816,Pio Mendez,Multifamily Housing,BRONX,66815,788.63,11.8,High Gap + High GHG,0.9236326109391125,0.630546955624355,0.7770897832817338
4926122,3,173.09084355337126,172.0265071102541,160.72960238937526,282.4,278.6,282.3,103.08263771412885,MSKCC - Super Campus -(Main Campus / Schwartz / RRL/ ZRC ),Mixed Use Property,MANHATTAN,2437399,63171.51,25.92,High Gap + High GHG,0.9231166150670794,0.9979360165118679,0.9605263157894737
20669902,3,172.50908870973797,180.2180728891703,214.34240176263077,206.2,265.7,287.6,77.45869390143488,Brigham Park Section #1 Corp - 2229 Knapp,Multifamily Housing,BROOKLYN,46411,708.91,15.27,High Gap + High GHG,0.9226006191950464,0.5964912280701754,0.759545923632611
6778578,3,172.1491298277158,167.46747810107408,268.12472378123977,262.4,215.3,231.3,63.832521898925926,ACHS Management: 1370 Jerome,Office,BRONX,27440,499.06,18.19,High Gap + Lower GHG,0.9220846233230134,0.4473684210526316,0.6847265221878225
22905347,3,171.2453823293183,160.6375577865441,116.33079468360236,312.2,351.2,291.6,141.14587026843392,1000 Pelham Parkway South (Parent Property),Senior Living Community,BRONX,86562,1703.88,19.68,High Gap + High GHG,0.9215686274509803,0.7987616099071208,0.8601651186790505
15335891,3,170.79863724354635,166.32839963085388,405.2143020893029,210.2,201,228,40.5514284566303,BCS: 48-43 32nd Pl.,Non-Refrigerated Warehouse,QUEENS,30218,698.24,23.110000000000003,High Gap + High GHG,0.9210526315789473,0.5918472652218782,0.7564499484004128
15782721,3,170.48426588294967,163.3007143483859,166.61552765843754,323.6,264.2,229.2,99.3218538206517,Boulevard Houses Buildings 11-18,Multifamily Housing,BROOKLYN,621343,8295.25,13.35,High Gap + High GHG,0.9205366357069144,0.9504643962848297,0.935500515995872
2981192,3,168.66345229956866,63.09252169172994,169.3085946306699,138.3,134.2,506.5,105.99300677473077,ABC 24W,Other / Rare,MANHATTAN,52024,2020.21,38.83,High Gap + High GHG,0.9200206398348814,0.826109391124871,0.8730650154798762
17411944,3,168.32967394170515,161.74467549616475,220.34667196835554,232.9,215.1,293.8,104.77605051047047,18-35 Steinway Place,Manufacturing/Industrial Plant,QUEENS,52800,1153.49,21.85,High Gap + High GHG,0.9195046439628483,0.7223942208462333,0.8209494324045408
4789955,3,168.09689614398854,174.44855356026574,161.7392327942222,279.7,280.7,255.7,103.6840033425536,NYU Langone Ambulatory Care Center - 38th St,Other / Rare,MANHATTAN,532576,12313.28,23.12,High Gap + High GHG,0.9189886480908153,0.9747162022703818,0.9468524251805985
26710209,3,167.8810227557796,19.590818291858355,209.38257656448587,549.9,89.9,98.1,78.50918170814164,Feldco 1029,Office,BRONX,33750,294.44,8.719999999999999,High Gap + Lower GHG,0.9184726522187823,0.16563467492260062,0.5420536635706914
25756201,3,166.74195606928777,165.06238818227985,306.1989488757413,210.4,219.3,234.3,52.97700782762626,Cooper Recycling,Manufacturing/Industrial Plant,NA,78719,2098.7,26.66,High Gap + High GHG,0.9179566563467493,0.8343653250773994,0.8761609907120743
2795490,3,166.52255354105986,175.86321911511294,148.26449216704106,283.8,294.2,258.8,111.48466512739095,HSS - 429 E 75th Street,Medical Office,MANHATTAN,31430,817.97,26.03,High Gap + High GHG,0.9174406604747162,0.6408668730650154,0.7791537667698658
6664922,3,165.9169247580449,179.12535627989087,197.74265667524654,264.8,212.6,271.9,82.96591906894332,Gilman: 80 ST NICHOLAS PLACE,Multifamily Housing,MANHATTAN,34497,643.7,18.66,High Gap + High GHG,0.9169246646026832,0.5603715170278638,0.7386480908152735
3128121,3,165.86840999211043,161.04917588000058,190.83862627490083,270.1,135.3,371.8,77.5700972910623,MORRIS I (SITES 6-10) - 2029100001,Multifamily Housing,BRONX,569050,12407.61,21.8,High Gap + High GHG,0.9164086687306502,0.9752321981424149,0.9458204334365325
21354599,3,165.77935807035047,165.58621405043493,195.09209124810417,231.3,264.9,258.1,92.5137859495651,CUNY CC > KCC_437_Kingsborough CC: Leon M. Goldstein Performing Arts Center,College/University,BROOKLYN,21985,652.98,29.7,High Gap + High GHG,0.9158926728586171,0.567079463364293,0.741486068111455
21354856,3,165.4368938747472,168.70278434761906,118.54986002674792,309,260.5,345.2,139.53351827537227,"NYPD_4437_Eng39, Lad16, Pct19: 19th Precinct",Police Station,MANHATTAN,24326,679.12,27.92,High Gap + High GHG,0.9153766769865841,0.5815273477812177,0.7484520123839009
21354238,3,163.56027218856534,149.71362506232916,175.66525398389393,295.4,228.9,245.8,96.08637493767085,DPR_3865_Staten Island War Memorial Ice Rink,Other / Rare,STATEN IS,14402,314.02,21.8,High Gap + Lower GHG,0.9148606811145511,0.20227038183694532,0.5585655314757482
2831185,3,163.3567410857024,150.7431227615901,209.64687837424313,217.2,277.8,229.5,78.75687723840991,SARATOGA VILLAGE,Multifamily Housing,BROOKLYN,114500,1577.39,13.78,High Gap + High GHG,0.9143446852425181,0.7863777089783281,0.8503611971104231
6210039,3,161.38703896761447,170.80173998578732,180.71331529972193,275.6,283.9,195.5,66.5236087422282,"Forman Fifth, LLC.",Mixed Use Property,MANHATTAN,29873,426.96,14.29,High Gap + Lower GHG,0.913828689370485,0.36429308565531476,0.6390608875128999
2741228,3,160.8715782006785,153.29431184418735,161.85253607769414,291.3,248.9,241.4,89.90179417369072,Allan Rosenfield Building,College/University,MANHATTAN,255253,4751.79,18.62,High Gap + High GHG,0.913312693498452,0.9179566563467493,0.9156346749226006
12423723,3,160.58060967831847,61.081262894409136,147.65496496670397,481.9,155.8,166.5,105.41873710559086,Columbia University Main Campus,Mixed Use Property,NA,6890879.9,85124.15000000001,12.35,High Gap + High GHG,0.912796697626419,0.999484004127967,0.9561403508771931
2559046,3,159.96264916485418,17.019526099552508,193.86786774930113,88.1,92.6,538,82.83199058372219,Pelican: 20-33 thru 20-39 Seagirt Blvd,Multifamily Housing,NA,143441,4787.7,33.379999999999995,High Gap + High GHG,0.9122807017543859,0.9184726522187823,0.9153766769865841
4410386,3,159.84264735450608,145.1422078070448,119.22431027694847,281.1,291.3,327,117.39768728905102,MSKCC -  Josie Robertson Center,Other / Rare,MANHATTAN,177671,4346.98,24.47,High Gap + High GHG,0.9117647058823529,0.912796697626419,0.9122807017543859
21355633,3,159.5804204227948,160.96671112102092,215.7231611664896,237.9,228.1,234.7,73.73328887897907,NYPD_4569_Classified NYPD Location,Office,NA,101600,1767.86,17.4,High Gap + High GHG,0.9112487100103199,0.8028895768833849,0.8570691434468525
2665405,3,158.73596165372004,33.40034237173748,202.15968331588255,111.7,111.8,491.8,78.26729569382562,Stellar - 364 A Greenwich Street,Multifamily Housing,MANHATTAN,239526,8072.59,33.7,High Gap + High GHG,0.9107327141382869,0.9489164086687306,0.9298245614035088
3116954,3,158.72587924042526,164.32450797789357,152.22335086722921,287.9,267.8,233,103.43656917340084,The Greenwich Hotel,Hotel,MANHATTAN,80500,1463.3,18.18,High Gap + High GHG,0.9102167182662538,0.7750257997936016,0.8426212590299278
6696673,3,158.21682048250662,61.85758311085337,231.23012755885384,115.1,435.8,130.9,69.04241688914664,661 Lexington Avenue,Office,MANHATTAN,35408,406.07,11.47,High Gap + Lower GHG,0.9097007223942208,0.3384932920536636,0.6240970072239422
19867000,3,158.04624328648805,195.76960119389986,63.770798940839256,465.6,442.9,314.2,254.7954376161563,Hospital Campus,Hospital (General Medical & Surgical),BRONX,575228,12312.12,21.4,High Gap + High GHG,0.9091847265221878,0.9742002063983488,0.9416924664602684
25324139,3,157.82847778503336,212.2208704203724,82.5898237264266,239.9,405.4,404.5,188.3667023953553,13th Avenue Market,Supermarket/Grocery Store,BROOKLYN,15550,563.8399999999999,36.260000000000005,High Gap + High GHG,0.9086687306501547,0.5041279669762642,0.7063983488132095
21355620,3,156.87352756007698,164.43269676649024,123.47649788484351,330.4,223.7,294.2,129.76730323350975,DSNY_3941_Brooklyn South 9 District Garage,Vehicle Repair Services,BROOKLYN,25725,492.17,19.130000000000003,High Gap + Lower GHG,0.9081527347781218,0.43962848297213625,0.673890608875129
10287327,3,155.79698003186888,158.9479338186282,196.41795764151516,222.4,235.9,247.2,80.81806032969135,204 W 55th St,Multifamily Housing,MANHATTAN,43912,815.11,18.56,High Gap + High GHG,0.9076367389060888,0.6398348813209495,0.7737358101135191
19081334,3,155.72017506945326,97.07015367302111,258.08330711339437,337.3,147.6,162.2,66.91936209015235,144-11 91st Avenue,Manufacturing/Industrial Plant,QUEENS,90000,1243.98,13.82,High Gap + High GHG,0.9071207430340558,0.7409700722394221,0.824045407636739
6691765,3,155.70115286120142,153.4767505746523,187.2075601705521,238.7,243.7,234.4,83.03213094436663,Pinnacle CHILD of CAMPUS - 1060 Union Street,Multifamily Housing,BROOKLYN,29850,400.78,13.43,High Gap + Lower GHG,0.9066047471620227,0.33075335397316824,0.6186790505675954
14845825,3,155.57409195341043,152.54156510526667,170.56510625121678,231.6,299.7,212.6,100.68682415513703,Campbell Sports Center/97 Shell House,Fitness Center/Health Club/Gym,MANHATTAN,60616,1355.45,22.36,High Gap + High GHG,0.9060887512899897,0.760061919504644,0.8330753353973168
12049514,3,155.43814786884118,136.63070657318724,160.00168486515204,239.7,285.9,235.1,98.46929342681275,BROADWAY 32 ST REALTY CORP,Mixed Use Property,MANHATTAN,26246,569.9399999999999,21.72,High Gap + High GHG,0.9055727554179567,0.5077399380804953,0.706656346749226
6631436,3,154.75050352153033,164.19825072884765,240.084262563305,197.8,230.1,229.7,65.50174927115232,226 Associates LLC,Office,MANHATTAN,33833,642.3499999999999,18.99,High Gap + High GHG,0.9050567595459237,0.5588235294117647,0.7319401444788443
21354989,3,154.67607791144943,159.59649272693485,171.79349012432954,251.7,251.9,230.7,90.04214213208351,NYPL_4601_Countee Cullen Branch Library,Library,MANHATTAN,23345,358.05,15.34,High Gap + Lower GHG,0.9045407636738906,0.27296181630546956,0.5887512899896801
5071962,3,153.29692993035877,172.48026959099536,165.6868175241634,269.3,308.8,150.8,75.19627410472786,4320 Broadway,Parking,MANHATTAN,21000,364.41,17.35,High Gap + Lower GHG,0.9040247678018576,0.28121775025799794,0.5926212590299278
15101703,3,153.1359050210299,165.4296939134174,230.85773375616023,228.8,220.7,266.7,145.7559874834291,179-17 149 Avenue,Other / Rare,QUEENS,30380,567.15,18.67,High Gap + High GHG,0.9035087719298246,0.5067079463364293,0.705108359133127
4941502,3,153.00594899696804,162.41518504923704,150.019875098088,213.6,263,288.8,102.43209445164058,199 Mt Eden Health and Wellness Center,Medical Office,BRONX,66070,1620.48,24.53,High Gap + High GHG,0.9029927760577915,0.7889576883384933,0.8459752321981424
23380350,3,152.72358031034483,164.8055247235132,199.53407728556087,245.5,239.2,203.1,75.05176779814961,400 WEST 58TH STREET OWNERS CORP,Multifamily Housing,MANHATTAN,49110,680.3599999999999,13.85,High Gap + High GHG,0.9024767801857585,0.5835913312693498,0.7430340557275541
6233860,3,152.18034543605606,123.16638381413416,214.26490169125583,196.5,314.6,159,69.90772538944483,79-07 Main St LLC,Office,QUEENS,60820,834.69,13.72,High Gap + High GHG,0.9019607843137255,0.6470588235294118,0.7745098039215687
6787838,3,151.89410858016691,196.74683428760028,190.91810633331446,297.8,273.5,124.8,81.83029441530235,104 North 12 Street (61 WYTHE AVE),Mixed Use Property,BROOKLYN,28807,309.95,10.76,High Gap + Lower GHG,0.9014447884416925,0.19246646026831785,0.5469556243550052
2945159,3,151.53602624483045,155.6947132806133,203.10918900104846,236,230.1,212.3,74.40864162899832,ABC 7 Lincoln,Office,MANHATTAN,106996,2435.26,22.76,High Gap + High GHG,0.9009287925696594,0.8550051599587203,0.8779669762641898
20023406,3,151.22588481428474,157.5121685917474,164.38351045380531,251.8,208,269.9,90.65254520201397,985 East 163rd Street: 985 East 163rd Street,Multifamily Housing,BRONX,25840,434.14,16.8,High Gap + Lower GHG,0.9004127966976264,0.3720330237358101,0.6362229102167183
20787589,3,149.67497591988334,157.7112321660979,359.62050143560333,212.6,165.5,196.3,38.58876783390212,UPS INC (NY) : 1331 Travis Avenue,Non-Refrigerated Warehouse,STATEN IS,36840,498.67,13.54,High Gap + Lower GHG,0.8998968008255934,0.44633642930856554,0.6731166150670795
7536925,3,148.95972326559402,153.51318009581342,203.65531501686328,229.7,233.3,203.2,70.6258153679147,111 Eighth Avenue,Office,MANHATTAN,2375706,53701.39,22.6,High Gap + High GHG,0.8993808049535603,0.9969040247678018,0.9481424148606811
15083210,3,148.64669645597496,168.5039492232718,180.7262690896593,256.8,249.4,186.1,81.12100782593572,U.H.O.: 1165 Evergreen Ave,Multifamily Housing,BRONX,41858,604.4399999999999,14.44,High Gap + High GHG,0.8988648090815273,0.5361197110423117,0.7174922600619196
4509438,3,147.60021018442026,157.643904299123,79.14567902607388,349.7,296.6,357,181.48788302725106,CO/VZT/55 MESEROLE ST/BROOKLYN/NY,Data Center,BROOKLYN,180560,5441.929999999999,30.14,High Gap + High GHG,0.8983488132094943,0.9246646026831785,0.9115067079463364
11631929,3,147.56959301155374,141.1361723785697,184.13909228488015,216.5,217.9,249,80.87759439344224,773-779 Concourse Village,Multifamily Housing,BRONX,876498,12808.78,14.61,High Gap + High GHG,0.8978328173374613,0.9762641898864809,0.9370485036119711
2364080,3,146.67337161340708,153.13473945124787,222.97882550717503,140.9,277.4,219.6,66.46526054875214,610 Fifth Avenue (Bld 2),Office,MANHATTAN,151334,3128.51,20.67,High Gap + High GHG,0.8973168214654282,0.8854489164086687,0.8913828689370484
21353804,3,146.63946010278357,156.55189972721732,139.54099662335287,295.4,264.2,194.1,101.05104740427392,DPR_3690_Betsy Head Pool House,Other / Rare,BROOKLYN,14092,229.15,16.259999999999998,High Gap + Lower GHG,0.8968008255933952,0.0717234262125903,0.4842621259029928
16507231,3,146.37235085166574,141.04847977796135,125.50917904621807,254.1,255.2,279.5,122.47523343921252,0132 - EAST 61ST ST,Fitness Center/Health Club/Gym,MANHATTAN,95500,2264.21,23.71,High Gap + High GHG,0.8962848297213623,0.8452012383900929,0.8707430340557276
2831217,3,146.17422325515793,119.89065269120114,148.77590236109435,308,206,215.9,96.00934730879887,THROGGS NECK (SITES 1-35) - 2055820001; 2055640001; 2055670001,Multifamily Housing,BRONX,1284280,16949.75,13.2,High Gap + High GHG,0.8957688338493293,0.9819401444788441,0.9388544891640866
6808121,3,146.10115434502538,176.37023432627495,170.49651497786402,266.5,259.9,169.1,85.76236600828283,53 West 72nd Street,Multifamily Housing,MANHATTAN,30269,428.38,14.15,High Gap + Lower GHG,0.8952528379772962,0.36635706914344685,0.6308049535603715
26074797,3,145.282645903653,120.28508757136672,179.35154702998759,202.2,373.2,103.6,80.56696600655046,1535 Walton Avenue,Multifamily Housing,BRONX,45630,298.40999999999997,6.54,High Gap + Lower GHG,0.8947368421052632,0.17337461300309598,0.5340557275541795
6816046,3,144.8460604077757,147.69841183928892,193.4779660089622,207.8,220.5,231.1,75.41710088688511,Dream: 204 West 55th St.,Multifamily Housing,MANHATTAN,46986,815.11,17.35,High Gap + High GHG,0.8942208462332302,0.6398348813209495,0.7670278637770898
4509427,3,144.18372531360717,155.82499783947094,75.83836436739865,355.2,347.6,298.3,181.84065040489216,CO/VZT/2411 TRATMAN AVE/BRONX/NY,Data Center,BRONX,89179,2940.12,32.97,High Gap + High GHG,0.8937048503611971,0.8756449948400413,0.8846749226006192
6464276,3,142.1582884144141,145.0471727847638,167.86378213118292,278.4,227.4,173.4,82.9202028317526,707 ST NICHOLAS LLC,Multifamily Housing,MANHATTAN,30240,312.31,10.33,High Gap + Lower GHG,0.8931888544891641,0.19814241486068113,0.5456656346749226
6694186,3,141.80013658222828,140.93942623542205,148.92661093351558,241.7,245,224.7,90.15539090467432,668 Howard ave,Multifamily Housing,BROOKLYN,21600,283.94,13.15,High Gap + Lower GHG,0.8926728586171311,0.14705882352941177,0.5198658410732714
20023390,3,141.1431653946712,184.86571539055035,249.82417474454365,83.2,266.7,241.5,56.63428460944965,1000 Fox Street: 1000 Fox Street,Multifamily Housing,BRONX,120215,2004.05,16.67,High Gap + High GHG,0.8921568627450981,0.824045407636739,0.8581011351909185
4999055,3,140.64671901221203,137.19659813041855,168.08739862894092,234.8,220.3,218.2,81.00340186958144,Feil PARENT - 153-01 Tenth Avenue / 7-10 154 Street,Mixed Use Property,QUEENS,68364,1193.83,17.459999999999997,High Gap + High GHG,0.891640866873065,0.7296181630546955,0.8106295149638802
5062465,3,140.59316837774907,154.4643046470466,90.03553800327964,307.3,306.2,288,181.225204479487,CO/VZT/335 14TH ST/BROOKLYN/NY,Data Center,BROOKLYN,37858,1194.09,31.54,High Gap + High GHG,0.891124871001032,0.7301341589267286,0.8106295149638802
7530017,3,140.47067560132538,141.53296438078837,173.3063887858104,223.6,216.6,224.4,82.86703561921163,102 Bard Avenue,Multifamily Housing,STATEN IS,26820,353.36,13.18,High Gap + Lower GHG,0.890608875128999,0.2672858617131063,0.5789473684210527
6815853,3,139.60799597956537,138.9365804949624,253.37858141310753,196.5,190.4,197.7,52.1058526909909,1240-1260 Waters Place - Parent Property,Parking,BRONX,599347,10465.14,17.459999999999997,High Gap + High GHG,0.8900928792569659,0.9659442724458205,0.9280185758513932
5847192,3,138.94248813909473,139.51513505785164,134.70001825173563,241.8,237,247.8,108.28486494214839,130 West 44th Street,Hotel,MANHATTAN,75421,1516.37,20.110000000000003,High Gap + High GHG,0.8895768833849329,0.7812177502579979,0.8353973168214655
6199797,3,138.73471954923772,144.7736410301444,109.85003890796642,282.6,267.6,245.9,130.4242242973931,71-20 110th Street,Senior Living Community,QUEENS,53264,897.62,16.85,High Gap + High GHG,0.8890608875128999,0.6646026831785345,0.7768317853457172
21355684,3,138.5847310618523,138.19405619949464,79.16122376508213,348.3,290.4,311.2,158.8242762330776,"DSNY_3956_Queens East 8,10,12 District Garage;12A Broom",Vehicle Repair Services,QUEENS,90620,1655.54,18.27,High Gap + High GHG,0.8885448916408669,0.7941176470588235,0.8413312693498451
6444059,3,138.27970277881866,123.57780434342209,184.35557933952663,254.1,195.5,189.1,73.53013469463528,Stonehenge - 8 Gramercy Park South,Multifamily Housing,MANHATTAN,57330,856.59,14.94,High Gap + High GHG,0.8880288957688338,0.651186790505676,0.7696078431372548
6687792,3,137.9452764269978,133.64276896278056,160.21474572847103,221.1,235,216.3,86.55593629435904,556 West 180th Street,Multifamily Housing,MANHATTAN,25825,328,12.7,High Gap + Lower GHG,0.8875128998968008,0.2306501547987616,0.5590815273477812
6779960,3,137.60047413079013,145.44575652523017,196.093275625491,191.1,216,216.7,68.33091061779601,ACHS Management: 238 Bedford Ave,Office,BROOKLYN,128877,2598.08,20.16,High Gap + High GHG,0.8869969040247678,0.8663570691434469,0.8766769865841073
6857956,3,137.5821510891376,128.40828268655116,209.9407031150413,174.2,193.7,242.8,63.968108804800295,162 EAST 68 STREET,K-12 School,MANHATTAN,38259,719.39,18.8,High Gap + High GHG,0.8864809081527347,0.6001031991744066,0.7432920536635707
2831086,3,137.1232797315422,120.93856560910784,172.2553580178474,201.8,167.7,279.5,80.4179528627684,LA GUARDIA (SITES 1-5) - 1002560001,Multifamily Housing,MANHATTAN,588260,10184.5,17.310000000000002,High Gap + High GHG,0.8859649122807017,0.9623323013415893,0.9241486068111455
21355304,3,136.97217752730197,138.39960470201694,183.56030435325596,221.7,205.4,208.9,70.12468455930428,DSNY_3914_Manhattan 9 District Garage,Vehicle Repair Services,BRONX,28400,449.84,15.84,High Gap + Lower GHG,0.8854489164086687,0.3942208462332301,0.6398348813209495
15083288,3,136.8800297893083,143.9039492232718,166.60118802900232,230.8,224.8,201.4,81.12100782593572,U.H.O.: 1135 Evergreen Ave,Multifamily Housing,BRONX,41858,653.9499999999999,15.62,High Gap + High GHG,0.8849329205366357,0.5675954592363261,0.726264189886481
21355361,3,136.6902095584035,139.50429507395535,139.13724108213304,210.9,256.1,239.3,99.79570492604465,H+H_4286_Lower Washington Heights NFCC Clinic,Medical Office,MANHATTAN,59209,1013.25,17.110000000000003,High Gap + High GHG,0.8844169246646026,0.6919504643962848,0.7881836945304437
25968258,3,136.5077748931773,132.3725066688569,135.4858352656834,233,229.8,249,100.68983481792667,Battery Maritime Building,Hotel,MANHATTAN,157426,2958.49,18.79,High Gap + High GHG,0.8839009287925697,0.8777089783281734,0.8808049535603715
21353803,3,134.4714422856184,142.51051203597896,130.08491300702158,279.2,249.8,183.9,100.38371002369917,Benchmarking Group - 131,Other / Rare,BROOKLYN,14984,231.48,15.45,High Gap + Lower GHG,0.8833849329205367,0.07430340557275542,0.478844169246646
2271558,3,134.3967341074379,144.158293858111,140.5581005100505,259.9,239.8,189.6,93.73024205116168,Student Union,College/University,BROOKLYN,11729,150,12.79,High Gap + Lower GHG,0.8828689370485037,0.01805985552115583,0.45046439628482976
3488480,3,134.07664009736632,100.77286416248674,54.83115481974297,455,347,334.7,244.51450064748175,Mount Sinai Queens,Hospital (General Medical & Surgical),QUEENS,222910,5474.38,24.56,High Gap + High GHG,0.8823529411764706,0.9251805985552115,0.903766769865841
6696752,3,134.03890145943956,126.71537468191346,67.67566892168716,328.3,331,339.1,190.00991780769164,The Laquila Group - 2558 e 18th st,Supermarket/Grocery Store,BROOKLYN,32000,1234.06,38.56,High Gap + High GHG,0.8818369453044376,0.737358101135191,0.8095975232198143
10402918,3,133.93113163636244,132.24088444135697,161.42822173627195,232.1,203.6,214.7,82.45911555864303,82 Wadsworth Terrace,Multifamily Housing,MANHATTAN,36267,454.27,12.53,High Gap + Lower GHG,0.8813209494324046,0.39989680082559337,0.640608875128999
8721696,3,133.84077878109986,129.85187394312476,114.56243256316434,252.2,233.7,266.3,116.59173488526127,426 East 91st St,Other / Rare,MANHATTAN,26349,480.61,18.24,High Gap + Lower GHG,0.8808049535603715,0.4246646026831785,0.6527347781217749
21355616,3,133.08361863629352,129.03607383061677,120.6884334630208,245.5,245.8,242.3,113.26392616938324,DSNY_3922_Brooklyn North 1 District & 4 District Garage,Vehicle Repair Services,NA,202480,2953.64,14.59,High Gap + High GHG,0.8802889576883385,0.8766769865841073,0.8784829721362228
1779652,3,132.767168314811,151.00659592243602,97.52286887161887,342.5,268.9,203.2,147.0641539002015,Guggenheim Museum,Museum,MANHATTAN,151844,2580.25,16.99,High Gap + High GHG,0.8797729618163055,0.8648090815273478,0.8722910216718267
6264572,3,132.73534929298654,136.4927588178614,174.06901384007037,186.7,210.4,230.1,77.51558513350041,101 Dyckman Street (Parent Property),Multifamily Housing,MANHATTAN,52959,858.14,16.2,High Gap + High GHG,0.8792569659442725,0.653250773993808,0.7662538699690402
7448161,3,132.30855517708068,142.09066053750092,268.0533558363231,209.3,186,167.2,76.30767654914416,Feil - 25-20 Brooklyn Queens Expressway,Office,QUEENS,114750,2065.3500000000004,18,High Gap + High GHG,0.8787409700722394,0.8307533539731682,0.8547471620227038
21354435,3,132.26796957149898,129.29834449044856,53.234792291200336,369.2,363.2,408.9,256.59986641646884,H+H_4295_Jacobi Medical Center: Jacobi Building,Hospital (General Medical & Surgical),BRONX,716550,21379,29.84,High Gap + High GHG,0.8782249742002064,0.9896800825593395,0.9339525283797729
21354538,3,131.84518788000744,124.81653002066275,49.7209102150373,393.1,377.7,426.3,256.6420419214791,H+H_4319_Kings County Hospital: Building T,Hospital (General Medical & Surgical),BROOKLYN,218710,10647.17,48.68,High Gap + High GHG,0.8777089783281734,0.9669762641898865,0.92234262125903
2869789,3,131.6206729660013,130.46808564412072,60.56565328380397,292.3,352.9,404.7,213.21198727230987,BHC - 121 DeKalb Avenue,Hospital (General Medical & Surgical),BROOKLYN,335000,10967.78,32.74,High Gap + High GHG,0.8771929824561403,0.9690402476780186,0.9231166150670794
2677047,3,131.04154601997357,135.1084135970505,167.32037057323956,219.8,212.6,195.8,79.13641565062595,Stellar - 50 West 93rd Street,Multifamily Housing,MANHATTAN,137635,1580.15,11.48,High Gap + High GHG,0.8766769865841073,0.7868937048503611,0.8317853457172342
21353683,3,130.99391193780872,81.31312527440267,168.569547457293,142.8,150.7,324.2,82.75322888580844,DPR_3634_Bronx Park-NYPD Highway Patrol Unit 1,Office,BRONX,30192.3,647.4599999999999,21.44,High Gap + High GHG,0.8761609907120743,0.565015479876161,0.7205882352941176
22905348,3,130.18183244144822,110.5898774924398,89.32282082092031,327.3,256.2,243.2,132.6101225075602,1050 Pelham Parkway South,Senior Living Community,BRONX,84170,1146.89,13.63,High Gap + High GHG,0.8756449948400413,0.7218782249742002,0.7987616099071208
6279422,3,129.44149814926584,121.62999404547438,154.93077782831034,203.5,203.8,231.6,84.10121856555256,115 Parkside Avenue,Multifamily Housing,BROOKLYN,26400,345.92999999999995,13.1,High Gap + Lower GHG,0.8751289989680082,0.25748194014447884,0.5663054695562435
8705631,3,128.75194465521716,55.36148272840559,128.69838106227235,407.8,146,134.9,110.63566162100739,510 West 218 Street,Multifamily Housing,NA,32499,314.36,9.67,High Gap + Lower GHG,0.8746130030959752,0.20278637770897834,0.5386996904024768
4406119,3,128.56439379281284,125.44227345069785,161.71820656205912,232.7,202.9,188.3,79.4009407866691,3009 Kingsbridge Terrace,Multifamily Housing,BRONX,70988,827.9399999999999,11.66,High Gap + High GHG,0.8740970072239422,0.6429308565531475,0.7585139318885449
21353681,3,128.4710317580304,129.80922429921446,181.49984236760898,195.1,202.2,200.8,70.99077570078555,Benchmarking Group - 100,Office,BRONX,83003,1329.94,16.02,High Gap + High GHG,0.8735810113519091,0.7569659442724458,0.8152734778121775
21355918,3,128.24460166224418,67.26986624180051,38.64531869959444,398,362.6,614.3,332.7980753228358,DEP > BWT_9616_Rockaway WPCP Campus,Other / Rare,QUEENS,151255,7459.57,49.32,High Gap + High GHG,0.8730650154798761,0.9458204334365325,0.9094427244582044
2921576,3,128.10262895797212,127.60380373776403,190.31227546115034,196.1,192.4,197.9,68.06846318303471,**Old** CBS  Ed Sullivan Theater 1697 Broadway,Office,MANHATTAN,105950,2205.17,20.81,High Gap + High GHG,0.8725490196078431,0.8410732714138287,0.8568111455108359
6225105,3,127.94203127414104,42.92464908956967,159.20761635113183,128.5,400.1,100.8,80.28244459693994,1840 PHELAN PLACE - 42109,Multifamily Housing,BRONX,51150,314.9,6.159999999999999,High Gap + Lower GHG,0.8720330237358102,0.20536635706914344,0.5386996904024768
6821194,3,127.76025503286328,117.15916063205779,103.79079048447261,259.2,267.2,257.1,152.0845883843086,William Shao - 136-20 Roosevelt Ave,Mixed Use Property,QUEENS,205100,4435.03,21.62,High Gap + High GHG,0.871517027863777,0.9143446852425181,0.8929308565531475
4042763,3,127.69676294531534,136.0538394351081,134.32139489979943,204.2,234.4,230,93.9461605648919,33 Ninth Avenue Condominium,Hotel,MANHATTAN,78265,1361.52,17.4,High Gap + High GHG,0.8710010319917441,0.7616099071207431,0.8163054695562435
21355287,3,127.60986490721294,132.44050545718534,132.3621485026696,214.7,235,223.4,90.95949454281468,DPR_3728_McCarren Park Recreation Center,Other - Recreation,BROOKLYN,21820,470.39,21.56,High Gap + Lower GHG,0.8704850361197111,0.41434468524251805,0.6424148606811145
21354267,3,126.20356455793075,129.0536529408508,83.26391491281301,272.5,264.6,297.4,165.895008617648,CIG > NYBG_716_NYBG: Hort Services Head-House,Other / Rare,NA,4412,69.69,15.8,High Gap + Lower GHG,0.8699690402476781,0.005159958720330237,0.43756449948400417
21353789,3,126.06871220380376,117.42938239853746,104.48572772635039,245.8,207.3,286.5,120.52264898149568,DOT_3503_Williamsburg Bridge Repair Shops,Vehicle Repair Services,BROOKLYN,14655,273.55,18.67,High Gap + Lower GHG,0.869453044375645,0.13157894736842105,0.500515995872033
10864927,3,125.56065087878365,185.66167853601104,116.22137524271812,293.5,293.1,163.5,158.3008106334036,An Armful,Supermarket/Grocery Store,QUEENS,67650,955.83,14.13,High Gap + High GHG,0.868937048503612,0.6805985552115583,0.7747678018575852
26649100,3,125.5135325543475,120.19182488197288,163.13153021189427,183.2,195.1,229.4,77.15262497080568,4646 Broadway LLC,Multifamily Housing,MANHATTAN,42135,553.57,13.14,High Gap + Lower GHG,0.868421052631579,0.49742002063983487,0.682920536635707
15620090,3,125.03883756781853,121.30662156036516,139.6585458641541,224.8,207.9,210.9,89.59337843963485,Southern: 774 Fox Street,Multifamily Housing,BRONX,33576,477.22,14.21,High Gap + Lower GHG,0.8679050567595459,0.42208462332301344,0.6449948400412797
3507262,3,124.93820107009813,114.47167434967378,138.99250494487916,254.8,202.9,184.9,84.85956937161416,New York Times,Manufacturing/Industrial Plant,QUEENS,549617,10415.34,18.95,High Gap + High GHG,0.8673890608875129,0.9649122807017544,0.9161506707946336
8704845,3,123.83007548233314,26.315583549422016,142.2719873322886,106.5,415.7,114.4,88.08441645057799,1315 Sheridan Avenue,Multifamily Housing,BRONX,33555,234.17,6.98,High Gap + Lower GHG,0.8668730650154799,0.07585139318885449,0.4713622291021672
11852315,3,123.28709574824778,107.33010180729978,125.49430885670093,263.4,205.4,194.2,93.5251301457684,183 Sullivan St,Multifamily Housing,MANHATTAN,20934,315.98999999999995,15.09,High Gap + Lower GHG,0.8663570691434469,0.20743034055727555,0.5368937048503613
21355268,3,122.59398534238994,120.77689179796893,101.13763004837071,248.7,242.5,240.4,119.62310820203108,DPR_3531_Asphalt Green Recreation Facility,Fitness Center/Health Club/Gym,MANHATTAN,97960,1893.38,19.33,High Gap + High GHG,0.8658410732714138,0.8168214654282766,0.8413312693498451
6635848,3,122.57195896448644,136.71988195529443,184.0553312948342,161.9,203,204.8,63.945741992415726,1348 53rd Street,K-12 School,BROOKLYN,37700,549.9399999999999,14.59,High Gap + Lower GHG,0.8653250773993808,0.49484004127966974,0.6800825593395252
6275701,3,122.23948676975081,107.7741720405389,144.44522907450664,181.2,247.8,191.5,83.7258279594611,1235 Stratford Avenue,Multifamily Housing,BRONX,31400,355.24,11.31,High Gap + Lower GHG,0.8648090815273478,0.2693498452012384,0.567079463364293
28402,3,122.1973643627843,131.50609117610435,48.49888215352231,384.3,357.2,382.1,250.59390882389567,NYP Cornell (East Campus),Hospital (General Medical & Surgical),MANHATTAN,2801795,55574.39,19.84,High Gap + High GHG,0.8642930856553147,0.9974200206398349,0.9308565531475748
21355299,3,121.90687910499624,123.32538270440992,111.09998608404838,253.3,212.4,229.3,105.9746172955901,"DSNY_3888_Manhattan 4, 4A, 7 District Garage; Salt",Vehicle Repair Services,MANHATTAN,485718,8295.97,17.08,High Gap + High GHG,0.8637770897832817,0.9509803921568627,0.9073787409700722
15782669,3,121.33529890355518,115.94310582275796,111.5950272414453,271.9,221.8,195.8,108.7622848057707,Boulevard Houses Buildings 1-10,Multifamily Housing,BROOKLYN,759419,8936.04,11.77,High Gap + High GHG,0.8632610939112487,0.9540763673890609,0.9086687306501549
4907578,3,121.1639995372819,65.10509485672156,169.37430872075655,142.1,123.7,315.8,70.38628655848864,A&E - Metro 2 -25 Lafayette Avenue,Multifamily Housing,BROOKLYN,27144,832.5,30.67,High Gap + High GHG,0.8627450980392157,0.6460268317853457,0.7543859649122807
21308099,3,121.0564168535133,120.39781308196514,164.61488874241374,292.9,192.4,97.2,72.83206848098104,15 Hubert Street Condominium,Multifamily Housing,MANHATTAN,52398,416.98,7.96,High Gap + Lower GHG,0.8622291021671826,0.3524251805985552,0.6073271413828689
6818139,3,120.85603793104225,121.74493050268619,144.10768886279783,211.1,206.7,196.6,79.16146878643562,101 53rd St,Manufacturing/Industrial Plant,BROOKLYN,26000,567.3599999999999,21.82,High Gap + High GHG,0.8617131062951496,0.5072239422084623,0.684468524251806
6690428,3,120.72059752057686,117.6410728790069,144.05520528961458,203.9,186.2,223.6,82.83389837340778,MP Management - 710 Hunts Point ave,Multifamily Housing,BRONX,45600,580.07,12.72,High Gap + High GHG,0.8611971104231166,0.5154798761609907,0.6883384932920537
6773439,3,120.5599381087852,137.29093674558203,140.49581944444645,223.1,227,171.9,91.63242291187214,1470 Third Ave( 171 E 83),Multifamily Housing,NA,35527,441.23,12.42,High Gap + Lower GHG,0.8606811145510835,0.3828689370485036,0.6217750257997936
21355187,3,120.47460949112225,127.97198377293383,172.57680592562625,198.7,169.8,201.9,71.32064648024063,DHS_921_Classified DHS Location,Other - Lodging/Residential,NA,109556,1716.5,15.67,High Gap + High GHG,0.8601651186790505,0.7997936016511867,0.8299793601651186
7762298,3,119.97216690940304,90.19476757262291,122.71855434415409,189,157.6,307,97.40119757254705,308 West 58th Street LLC,Hotel,MANHATTAN,44840,957.55,21.35,High Gap + High GHG,0.8596491228070176,0.6816305469556243,0.7706398348813209
2830996,3,119.90846161874195,114.2177574112915,139.97824780558793,314.3,112.5,187.5,73.2822425887085,Clason Point Gardens Bldgs 1-30,Multifamily Housing,BRONX,238800,2379.01,9.96,High Gap + High GHG,0.8591331269349846,0.8513931888544891,0.8552631578947368
14762023,3,119.69254890967984,134.63231733405107,140.24234910824836,215.2,224.2,212.9,137.6640005732364,2894 Schurz Ave,Other / Rare,BRONX,29653,445.46,15.02,High Gap + Lower GHG,0.8586171310629515,0.3890608875128999,0.6238390092879257
21354554,3,119.58538044821738,122.65005649334141,101.05529006878876,222.1,246.9,245.7,123.04994350665858,FDNY_12041_60th Precinct Garage,Vehicle Repair Services,BROOKLYN,3220,91.07,28.28,High Gap + Lower GHG,0.8581011351909185,0.007223942208462332,0.4326625386996904
6225145,3,119.37969081519401,115.73194144948623,145.6684205738643,222,184.7,196.7,80.96805855051376,196 BRADHURST AVENUE - 38862,Multifamily Housing,MANHATTAN,33792,389.57,11.53,High Gap + Lower GHG,0.8575851393188855,0.31630546955624356,0.5869453044375645
7057676,3,118.80926361225438,114.15746653198094,147.99361844520598,191.6,193.9,212.3,78.66031468310366,M&I Management - 2064 Nostrand Ave,Multifamily Housing,BROOKLYN,45000,535.63,11.9,High Gap + Lower GHG,0.8570691434468525,0.47987616099071206,0.6684726522187823
21355679,3,118.6222031921646,108.71411442564823,86.51800398246436,303,238.7,224.2,138.43872585416838,"DSNY_3910_Bronx 6, 6A District Garage",Vehicle Repair Services,BRONX,91125,1245.25,13.67,High Gap + High GHG,0.8565531475748194,0.7420020639834881,0.7992776057791537
19356383,3,118.55378939052136,120.8549820293931,178.8345535142924,192.1,188.4,175.3,67.74865314631435,"827 East 92nd St, Brooklyn, NY 11236",Manufacturing/Industrial Plant,BROOKLYN,54868,1053.1799999999998,19.19,High Gap + High GHG,0.8560371517027864,0.6996904024767802,0.7778637770897833
2665497,3,118.04664514745897,50.35101372378463,132.9635676762979,126.4,96.3,375.3,92.84429796023792,Stellar - 236 East 13th Street,Multifamily Housing,MANHATTAN,18694,450.64,24.110000000000003,High Gap + Lower GHG,0.8555211558307534,0.39525283797729616,0.6253869969040248
21354643,3,118.02128779945583,121.70760891720907,122.10439401331861,191.4,214.3,238.6,99.38410730496764,CIG > NYCC_4431_NY City Center: Manhattan Theater Club,Performing Arts,MANHATTAN,27000,741.37,27.459999999999997,High Gap + High GHG,0.8550051599587203,0.6099071207430341,0.7324561403508771
21354446,3,117.77491305719414,70.68832049361964,66.78849501366115,439.3,248.8,212.7,194.60975708183162,DPR_3640_City Island Sewage Testing Plant (Large Bldg),Other / Rare,BRONX,6100,79.13,12.97,High Gap + Lower GHG,0.8544891640866873,0.006191950464396285,0.43034055727554177
17774756,3,117.58411832700114,118.3465145340274,107.18928468378357,229.4,231.5,220.9,107.86195108845799,Tottenville realty LLC,Other / Rare,STATEN IS,64167,1158.14,18.05,High Gap + High GHG,0.8539731682146543,0.7254901960784313,0.7897316821465428
6798892,3,117.54476718962854,119.60469155899284,125.61502712286178,218.8,225.7,203,74.42302406235443,Four Dee Equites,Multifamily Housing,MANHATTAN,29580,456.9899999999999,15.45,High Gap + Lower GHG,0.8534571723426213,0.40144478844169246,0.6274509803921569
25753795,3,117.2263828110283,112.64824682411472,136.29103872964362,230.9,186,192.6,79.95175317588527,520 Gates Avenue,Multifamily Housing,BROOKLYN,19934,296.71999999999997,14.88,High Gap + Lower GHG,0.8529411764705882,0.1697626418988648,0.5113519091847265
6654365,3,116.90378112820346,112.74580101209378,161.85630226180947,214,183.1,169.6,70.28824074117519,234 West 13th Street,Multifamily Housing,MANHATTAN,26377,320.53,12.15,High Gap + Lower GHG,0.8524251805985552,0.21413828689370484,0.53328173374613
15404602,3,116.88794898508338,116.22892250635232,203.47884586709594,183.1,172.2,168,59.640751560751205,35 Hudson Yards,Multifamily Housing,MANHATTAN,1051378,9878.53,9.4,High Gap + High GHG,0.8519091847265222,0.9602683178534571,0.9060887512899897
21355625,3,116.8350439834204,97.02074685712391,146.93518143321134,278,175.2,147.4,95.03656635897897,DSNY_3958_Queens West 1 District Garage,Vehicle Repair Services,QUEENS,33725,339.09,10.05,High Gap + Lower GHG,0.8513931888544891,0.24819401444788441,0.5497936016511867
3110601,3,116.46779533790588,87.91332999623796,54.81669834247336,409.7,370.4,384.7,296.786670003762,New York Blood Center,Laboratory,MANHATTAN,140552,4330.54,30.81,High Gap + High GHG,0.8508771929824561,0.9117647058823529,0.8813209494324046
5287312,3,116.29239603651595,117.33330964734867,201.31663501581727,175.3,174.1,173,60.087851599000984,435 Seventh Avenue,Retail Store,MANHATTAN,43616,718.6800000000001,16.479999999999997,High Gap + High GHG,0.8503611971104231,0.5995872033023736,0.7249742002063984
15975779,3,116.0107498949482,113.98979179153409,83.27048229653087,296.5,258.9,210.4,135.52892390073322,170 Central Park West,Museum,MANHATTAN,155933,2912.84,18.68,High Gap + High GHG,0.8498452012383901,0.8740970072239422,0.8619711042311662
3126943,3,115.79507425744104,114.31904934577545,103.38864547934261,227.4,266.5,194.8,120.54434234502082,243 West 42nd Street,Other / Rare,MANHATTAN,211596,3986.41,18.84,High Gap + High GHG,0.849329205366357,0.9055727554179567,0.8774509803921569
4406842,3,115.77162528467296,137.49465580802197,103.95644680166515,157.7,287.4,240,102.50534419197803,HSS - Caspary Research Center (Pavilion),Medical Office,MANHATTAN,79234,1779.85,22.459999999999997,High Gap + High GHG,0.848813209494324,0.804953560371517,0.8268833849329205
4413837,3,115.18085117897884,121.67015335504334,178.24006948488994,185.7,155.6,197.6,66.71146651761016,35-15 Farrington Street,Multifamily Housing,QUEENS,45600,725.53,15.91,High Gap + High GHG,0.848297213622291,0.6057791537667698,0.7270381836945304
21355681,3,114.93709690364513,127.20416939860965,133.11015502548787,237.5,208.3,157.8,85.95446754625326,DSNY_3928_Brooklyn North 8 District Garage,Vehicle Repair Services,BROOKLYN,31000,321.5,10.37,High Gap + Lower GHG,0.8477812177502579,0.21568627450980393,0.5317337461300309
21355185,3,114.73977309037991,105.87287361798853,111.94324101563997,216.1,208.9,230.5,94.75626723622896,DHS_919_Classified DHS Location,Other - Lodging/Residential,NA,12000,182.06,15.17,High Gap + Lower GHG,0.847265221878225,0.029927760577915376,0.43859649122807015
10836307,3,114.65665521309218,109.0598916527679,59.571933339451306,331.1,298.5,292.8,183.7401083472321,Museum of Arts and Design,Museum,MANHATTAN,61832,1575,25.47,High Gap + High GHG,0.846749226006192,0.7858617131062952,0.8163054695562435
21355525,3,114.3776024400989,121.11135580101501,144.03108357376584,149.1,203.8,239,73.72347796976317,H+H_5169_Sydenham Health Center,Urgent Care/Clinic/Other Outpatient,MANHATTAN,12240,280.84000000000003,22.94,High Gap + Lower GHG,0.846233230134159,0.14396284829721362,0.4950980392156863
23209073,3,114.32589866152304,116.97549513602156,92.93019033336431,223.7,235.4,252.9,128.94105370379071,NY Presbyterian Queens,Other / Rare,NA,10500,305.59,29.1,High Gap + Lower GHG,0.8457172342621259,0.18627450980392157,0.5159958720330238
2787554,3,114.27217059495729,116.25327644242022,153.46225322135138,193,178.9,194.8,71.59267358921555,"Junius (1 Junius St.) Development, LLC",Other - Lodging/Residential,BROOKLYN,65500,1250.15,19.09,High Gap + High GHG,0.8452012383900929,0.7445820433436533,0.7948916408668731
21354624,3,114.11949736605912,108.3472656402864,164.23612536397587,218.9,156.3,174.1,65.7527343597136,Benchmarking Group - 46,K-12 School,QUEENS,67614,964.15,14.26,High Gap + High GHG,0.8446852425180599,0.6836945304437565,0.7641898864809082
6265392,3,114.07409884570137,96.44747869594829,170.5410908334055,303.4,163.1,77.9,68.6043834986972,CAMPUS - 148-08 175 STREET and 167-38 148 AVENUE - [168-35 Rockaway Blvd],Office,QUEENS,39001,264.98999999999995,6.79,High Gap + Lower GHG,0.8441692466460269,0.12125902992776058,0.48271413828689375
7085751,3,113.15267546408472,47.84302980679135,130.8692059054222,340.4,121.9,131.7,83.85697019320864,1111 Ward Ave LLC,Multifamily Housing,BRONX,43200,390.13,9.03,High Gap + Lower GHG,0.8436532507739938,0.31682146542827655,0.5802373581011352
12057180,3,113.02847952932824,112.35153429361498,99.58676731422432,221.4,234.2,229.4,101.62385381063515,388 Greenwich - HQ,Financial Office,NA,2329941,38264.45,16.419999999999998,High Gap + High GHG,0.8431372549019608,0.9953560371517027,0.9192466460268318
25669784,3,112.86274715435816,112.73337233381646,139.477875834962,199.3,193,189,80.14689406859878,KALED MANAGEMENT CORP : 215-12 47 AVENUE,Multifamily Housing,QUEENS,31512,372.32,11.82,High Gap + Lower GHG,0.8426212590299278,0.29411764705882354,0.5683694530443757
7949816,3,112.77457523101609,103.97509040024782,131.15480968330994,225.3,188.2,182.2,85.2025492171909,69 Avenue O - 30034,Multifamily Housing,BROOKLYN,33000,336.87,10.21,High Gap + Lower GHG,0.8421052631578947,0.24458204334365324,0.5433436532507739
6702600,3,112.63202128365386,131.78827805587488,118.00732298862636,227.4,238.8,159.4,97.74499495742282,1901 Ocean Parkway (Sephardic Community Center),Other / Rare,BROOKLYN,114341,1303.98,11.4,High Gap + High GHG,0.8415892672858617,0.7533539731682146,0.7974716202270382
26656543,3,112.52116410115046,121.82008174121444,86.12039117884419,254.4,250.5,229.7,143.24300286393103,ACS_9375_Staten Island Residential Center,Other / Rare,STATEN IS,10000,173.06,17.310000000000002,High Gap + Lower GHG,0.8410732714138287,0.02631578947368421,0.43369453044375644
6690420,3,112.03952959848169,113.3886379420066,135.77576152830943,210.7,176.3,196.2,82.81136205799339,MP Management - 65 Wadsworth Terrace,Multifamily Housing,MANHATTAN,39035,596.9399999999999,15.29,High Gap + High GHG,0.8405572755417957,0.5283797729618163,0.684468524251806
3414683,3,111.86134096607233,113.69721991419773,165.5899533620352,207.2,180.2,150.7,67.60814773038837,235 Park Ave So - 10273,Office,MANHATTAN,94140,1199.32,12.739999999999998,High Gap + High GHG,0.8400412796697626,0.7311661506707946,0.7856037151702786
21355390,3,111.77391821940049,113.17148434928701,285.09473388424595,152.8,164.8,135.1,37.4872255223851,CIG > MMA_4429_Metropolitan Museum of Art Storage,Non-Refrigerated Warehouse,MANHATTAN,27323,326.14000000000004,11.94,High Gap + Lower GHG,0.8395252837977296,0.22703818369453044,0.53328173374613
6690535,3,111.44710242730825,116.00955841374429,127.56638334390404,191.6,202.5,202.9,86.89044158625572,Stellar - 2-4 West 111th Street,Multifamily Housing,MANHATTAN,25721,369.12,14.35,High Gap + Lower GHG,0.8390092879256966,0.2868937048503612,0.5629514963880289
6159664,3,111.34623616878021,109.69593595718317,139.40782803451773,191.1,193.4,189.3,79.60406404281684,17 Catherine Street,Multifamily Housing,MANHATTAN,25700,346.26,13.47,High Gap + Lower GHG,0.8384932920536635,0.2585139318885449,0.5485036119711042
6282715,3,110.69183458376168,143.5350900626052,143.20663225020377,118.6,225.1,222.3,78.76490993739482,Leeds: 29-33 Ave B,Multifamily Housing,MANHATTAN,36000,562.66,15.63,High Gap + High GHG,0.8379772961816305,0.5036119711042312,0.6707946336429309
6666490,3,110.50988675908296,131.17201382919868,153.44561285118627,106.4,240.5,203.8,72.62798617080134,DEPM 1174 - 212 West 18th Street,Multifamily Housing,MANHATTAN,315455,6451.8,20.45,High Gap + High GHG,0.8374613003095975,0.9396284829721362,0.8885448916408669
21355472,3,110.45877776391566,125.32728522440468,82.15922384858757,291.2,186.2,255.8,130.47271477559534,NYPD_4583_120th Precinct,Police Station,STATEN IS,15540,299.9,19.3,High Gap + Lower GHG,0.8369453044375645,0.17595459236326108,0.5064499484004128
6284230,3,110.13890556887961,111.54007061149137,176.4711235125812,171.3,175.4,171.9,60.35992938850863,32 Sixth Avenue,Office,MANHATTAN,1128856,21859.24,19.36,High Gap + High GHG,0.8364293085655314,0.9912280701754386,0.913828689370485
7073922,3,110.13690870969211,112.95938835351375,91.79880658672545,231,210,248.6,124.59364745313181,2315 Broadway,Medical Office,MANHATTAN,41284,933.84,22.62,High Gap + High GHG,0.8359133126934984,0.6749226006191951,0.7554179566563468
11534266,3,109.96315476685426,56.7320427581424,134.11009801411234,142.9,135.9,299.4,81.25061064082962,1991 Bronxdale Avenue,Multifamily Housing,BRONX,48774,1085.01,22.25,High Gap + High GHG,0.8353973168214655,0.7115583075335398,0.7734778121775026
6352660,3,109.93334280541134,103.87808262110521,131.36228228770543,214.3,185.6,180.5,82.87539024019509,460 West 149th Street,Multifamily Housing,MANHATTAN,29425,308.19,10.47,High Gap + Lower GHG,0.8348813209494325,0.18988648090815274,0.5123839009287926
4156455,3,109.84388241898034,101.18587682375154,153.276724090077,172.5,172.1,200,71.50616749409937,NY821_Avalon Bowery Place II (ny27),Multifamily Housing,MANHATTAN,112741,1645.1699999999998,14.59,High Gap + High GHG,0.8343653250773994,0.7930856553147575,0.8137254901960784
3527121,3,109.63131923547296,96.68373543187442,77.06401150171676,250.7,240.6,273.8,130.50819345985383,FCE : 24902 Horace Harding Expressway,Strip Mall,QUEENS,54463,1242.93,22.82,High Gap + High GHG,0.8338493292053664,0.740454076367389,0.7871517027863777
6933365,3,109.26838751402366,108.95878343157935,123.58828265843367,198.4,190.3,204.3,88.53856313280411,558-566 PARK-SIDE LLC 2,Multifamily Housing,BROOKLYN,26000,297.63,11.45,High Gap + Lower GHG,0.8333333333333334,0.17182662538699692,0.5025799793601652
2705494,3,109.21867925860043,6.715957665469105,143.60004436605848,77.4,396.5,80.6,73.88404233453089,179 Bennett Avenue,Multifamily Housing,MANHATTAN,80917,412.46,5.1,High Gap + Lower GHG,0.8328173374613003,0.3462332301341589,0.5895252837977296
6289129,3,109.04135752136582,109.27046915900424,118.40689008241436,219.2,201.6,181.9,88.32951815758749,Cameo Holding - 45-01 Greenpoint Avenue,Retail Store,QUEENS,35485,549.99,15.5,High Gap + Lower GHG,0.8323013415892673,0.4953560371517028,0.663828689370485
6466433,3,108.8828129791309,105.11559317243294,125.31140117464246,195,178.5,213.9,86.15025160646162,145 2nd Avenue,Multifamily Housing,MANHATTAN,25340,345.45,13.63,High Gap + Lower GHG,0.8317853457172343,0.25593395252837975,0.543859649122807
10005862,3,108.6609390099948,107.43713338551251,137.52112240897227,188.4,191.7,183,77.66062566814527,Finch Campus,Multifamily Housing,NA,77080,1221.78,15.85,High Gap + High GHG,0.8312693498452013,0.7347781217750258,0.7830237358101135
6771355,3,108.63391262976052,93.9221674064464,115.17862363574255,244,180.5,183,89.0778325935536,Center for Jewish History - 15 W 16th st,Library,MANHATTAN,39463,742.3399999999999,18.81,High Gap + High GHG,0.8307533539731682,0.6104231166150671,0.7205882352941176
12445643,3,108.24312897538103,114.09421581831982,100.67410070074419,156.5,273,221.8,107.70578418168019,The Bowery Hotel - 335 Bowery,Hotel,MANHATTAN,109460,1715.1799999999998,15.67,High Gap + High GHG,0.8302373581011352,0.7992776057791537,0.8147574819401444
21355413,3,107.38501196097012,110.49592894555104,73.92457742014716,304.7,258.3,192.5,140.34273097714495,NYPD_4480_40th Precinct,Police Station,BRONX,10296,165.32000000000002,16.06,High Gap + Lower GHG,0.8297213622291022,0.02321981424148607,0.42647058823529416
3394191,3,107.06382063088638,108.74502178201936,77.75750715997542,258.5,235.8,240.4,131.65497821798064,3845 Carpenter Avenue,Senior Living Community,BRONX,65625,1060.66,16.16,High Gap + High GHG,0.8292053663570691,0.7043343653250774,0.7667698658410733
4046078,3,106.84256605644005,106.17515950383094,145.04907463787495,165.7,195.2,180.5,74.32484049616906,Jacobs/6 Metrotech Campus,College/University,BROOKLYN,416804,5965.52,14.31,High Gap + High GHG,0.8286893704850361,0.935500515995872,0.8820949432404541
21355270,3,106.54844142520386,105.81644126589832,104.76636644834383,196.9,210.3,219.2,96.99426221896023,DPR_3563_Hamilton Fish Recreation Center,Fitness Center/Health Club/Gym,MANHATTAN,11575,178.38000000000002,15.41,High Gap + Lower GHG,0.8281733746130031,0.02786377708978328,0.4280185758513932
6664939,3,106.54483148779087,130.13134779629516,130.718080480652,125.5,214.7,231,77.50669078594885,Sopher: 564 West 125th St,Retail Store,MANHATTAN,28223,597.6800000000001,21.18,High Gap + High GHG,0.8276573787409701,0.5294117647058824,0.6785345717234262
6349034,3,106.32352004779466,124.16851571655499,138.22728471765515,244.8,202.9,117.3,93.43628954622145,136-31 Roosevelt Avenue,Mixed Use Property,QUEENS,45881,477.52,10.41,High Gap + Lower GHG,0.827141382868937,0.42260061919504643,0.6248710010319918
15680923,3,106.25350497072222,19.964848775089777,149.9700401238896,93.1,350,90.5,71.02449659356397,BCS: 31-99 123rd St,Office,QUEENS,81680,543.63,6.659999999999999,High Gap + Lower GHG,0.826625386996904,0.4850361197110423,0.6558307533539731
4473882,3,106.21465065979237,112.67193666335075,102.38303399860563,277,155.3,201,88.32806333664925,CLASON POINT GARDENS,Multifamily Housing,BRONX,349800,4282.74,12.239999999999998,High Gap + High GHG,0.826109391124871,0.9107327141382869,0.868421052631579
4509448,3,105.90476035765658,111.58205861197473,49.07578677683844,347.1,330.7,284,199.449421957467,CO/VZT/89-63 163RD ST/JAMAICA/NY,Data Center,QUEENS,104356,3259.04,31.23,High Gap + High GHG,0.8255933952528379,0.8885448916408669,0.8570691434468525
21988190,3,105.61417439154103,103.21787593178196,121.11973113981196,187.7,187.8,202.9,89.04693954528523,10 SSA Landlord LLC,Mixed Use Property,MANHATTAN,193000,2957.64,15.32,High Gap + High GHG,0.8250773993808049,0.8771929824561403,0.8511351909184726
15934945,3,105.39861526573883,58.50635432471279,124.34063966568044,288.2,140.7,138.5,82.94578749088656,Betances IV 455 E146th Street,Multifamily Housing,BRONX,41506,407.06,9.81,High Gap + Lower GHG,0.8245614035087719,0.3395252837977296,0.5820433436532508
1230813,3,105.10570285280642,103.04905977190936,40.32604287633485,364.6,332.1,404.8,257.12880861495347,Zuckerman Research Center - (Child of MSKCC Super Campus),Laboratory,MANHATTAN,703782,21071.43,29.94,High Gap + High GHG,0.824045407636739,0.9891640866873065,0.9066047471620227
6382060,3,105.06081159648654,77.77228787932226,124.87553851349809,262.7,142.5,159.6,81.82771212067773,94 Hamilton Place,Multifamily Housing,MANHATTAN,31690,393.29,12.41,High Gap + Lower GHG,0.8235294117647058,0.32146542827657376,0.5724974200206399
14836941,3,104.56113877263878,105.14965051248154,115.80141311940505,203.1,196.3,185,88.2522669224067,573 West 191st Street,Multifamily Housing,MANHATTAN,28992,342.58,11.82,High Gap + Lower GHG,0.8230134158926729,0.2528379772961816,0.5379256965944272
26619467,3,104.35552069217809,117.06649038493548,152.23599301400122,209.2,188.6,116.5,58.6215027267543,675 Hudson Street,Office,MANHATTAN,43540,425.48,9.77,High Gap + Lower GHG,0.8224974200206399,0.3627450980392157,0.5926212590299278
21355242,3,104.26908786943814,123.86429432264592,72.69311839227743,196.9,260.5,284.9,151.18946880740774,DOHMH_3435_Animal Shelter - Manhattan,Other / Rare,MANHATTAN,14077,342.22999999999996,24.31,High Gap + Lower GHG,0.8219814241486069,0.2518059855521156,0.5368937048503613
26528371,3,104.14467474685543,102.70765515089347,127.51811612016543,239.2,185.3,130.3,76.99823431662803,"5th Corp - C Buildings  (4746,35)",Multifamily Housing,QUEENS,50256,529.8199999999999,10.54,High Gap + Lower GHG,0.8214654282765738,0.47368421052631576,0.6475748194014448
20383063,3,103.94092619011514,102.73341684200518,136.42633310828919,190.5,170.5,179.2,76.4665831579948,Evergreen Gardens Inc.950,Multifamily Housing,BRONX,174671,1843.43,10.55,High Gap + High GHG,0.8209494324045408,0.8111455108359134,0.8160474716202271
6865323,3,103.6891332245292,104.49977654258414,100.44886760213969,210.5,209.6,200.7,99.93983532634759,2212 White Plans Road,Mixed Use Property,BRONX,29900,578.6,19.35,High Gap + High GHG,0.8204334365325078,0.5149638802889577,0.6676986584107327
6694176,3,103.43177063675475,102.39226924084285,112.93667631722779,209.4,184.3,191.1,88.70773075915714,648 Howard Ave,Multifamily Housing,BROOKLYN,23800,272.31,11.44,High Gap + Lower GHG,0.8199174406604747,0.12899896800825594,0.4744582043343653
18600946,3,103.17966521534957,104.30009511879554,131.93127487158134,185,175.4,183.8,77.7266509159532,RACHEL BRIDGE - 111 WADSWORTH AVE,Multifamily Housing,MANHATTAN,503310,5669.13,11.26,High Gap + High GHG,0.8194014447884417,0.9293085655314758,0.8743550051599587
3249205,3,103.12749513476153,103.72076866367428,218.1455417841475,157.3,144,149.9,46.17923133632573,Acquest Development - 2350 Lafayette Ave.,Non-Refrigerated Warehouse,BRONX,136000,1408.55,10.36,High Gap + High GHG,0.8188854489164087,0.7693498452012384,0.7941176470588236
25805772,3,102.98014428864163,99.70582397929935,123.11032995662295,183.8,183.9,192.3,82.69892569382488,60 West 55th Street-RDA1,Office,MANHATTAN,30398,451.24,14.84,High Gap + Lower GHG,0.8183694530443757,0.39628482972136225,0.6073271413828689
21354186,3,102.93474863989931,71.39139061862342,77.71504567664718,336.3,178,190.4,119.00860938137659,DPR_5215_Shea Stadium Parking Lot,Other - Recreation,QUEENS,1520,33.3,21.91,High Gap + Lower GHG,0.8178534571723426,5.159958720330237e-4,0.4091847265221878
21355678,3,102.92618208798316,109.10443311699987,100.45809791277449,210.6,204.3,205.5,115.57071934722825,DSNY_3908_Bronx 5 District Garage,Vehicle Repair Services,BRONX,21126,260.38,12.33,High Gap + Lower GHG,0.8173374613003096,0.11351909184726522,0.4654282765737874
19504010,3,102.53075350665779,104.46453450010833,167.96280657860225,153.8,166,171.1,60.02840444349024,1560 Fulton Street,Multifamily Housing,BROOKLYN,109506,1114.24,10.18,High Gap + High GHG,0.8168214654282766,0.7156862745098039,0.7662538699690402
21355204,3,102.31990496748892,92.45139454067778,146.10945241979516,205.7,148.5,163.2,70.7486054593222,DCAS_1045_Queens Borough Hall,Office,QUEENS,261000,3033.57,11.62,High Gap + High GHG,0.8163054695562435,0.8833849329205367,0.8498452012383901
21355909,3,101.79449519910739,107.6175530753529,79.29735840746119,262.7,228.8,217.8,158.75821379861148,DEP &gt; BWT_840_North River WPCP Campus,Other / Rare,MANHATTAN,1129933,26978.21,23.88,High Gap + High GHG,0.8157894736842105,0.9932920536635707,0.9045407636738906
7435464,3,101.53650852073467,102.09291873656704,132.143845871215,185.9,168.7,180.4,78.30708126343296,66 West  107th Street,Multifamily Housing,MANHATTAN,25154,261.88,10.41,High Gap + Lower GHG,0.8152734778121775,0.11403508771929824,0.4646542827657379
6790098,3,101.43605134833744,101.41940242976993,460.344116003683,124.6,122.5,123.4,21.980597570230074,Garage: 163 East 84th,Parking,MANHATTAN,28755,391.87,13.63,High Gap + Lower GHG,0.8147574819401445,0.31836945304437564,0.56656346749226
21355621,3,101.23254299776582,91.90218624125302,71.83111425347673,247.3,206.2,275.1,137.23302320922954,DSNY_3943_Cioffe Borough Repair Shop,Vehicle Repair Services,BROOKLYN,59260,1042.6799999999998,17.59,High Gap + High GHG,0.8142414860681114,0.6965944272445821,0.7554179566563468
5980307,3,100.98772948265369,16.471753146411515,110.0110679142354,106.6,103.7,367,91.8777694192397,Crotona Park,Multifamily Housing,BRONX,30311,631.58,20.84,High Gap + High GHG,0.8137254901960784,0.5521155830753354,0.682920536635707
7673882,3,100.83486059948265,105.75075840757896,99.54167807429657,235.9,246.6,143.3,62.80075827585937,2400 Ryer Avenue,Parking,BRONX,13980,228.77,16.36,High Gap + Lower GHG,0.8132094943240454,0.07120743034055728,0.4422084623323014
6354540,3,100.7911491744305,99.40057349083142,121.65245405672692,169.8,180.1,201.5,82.9771148522414,824 Saint Nicholas Avenue,Multifamily Housing,MANHATTAN,36496,512.14,14.03,High Gap + Lower GHG,0.8126934984520123,0.45923632610939114,0.6359649122807017
21355267,3,100.40290567560503,122.28362653092307,117.19628390897724,210.8,209,140.8,88.9784284799239,DOT_3522_St. George Ferry Terminal,Other / Rare,STATEN IS,232137,2700.9100000000003,11.64,High Gap + High GHG,0.8121775025799793,0.8699690402476781,0.8410732714138287
6814122,3,99.9630256704454,103.61072136226728,128.07346635931037,182.8,161.9,188.9,79.91259263651463,140-30 Beech Avenue,Multifamily Housing,QUEENS,25139,270.88,10.78,High Gap + Lower GHG,0.8116615067079463,0.1264189886480908,0.46904024767801855
3481965,3,99.89911131213051,96.67189578528195,139.2212704136772,181.2,167.9,165.8,71.65978715885667,90-05 161 Street - 33993,Multifamily Housing,QUEENS,59946,661.23,11.03,High Gap + High GHG,0.8111455108359134,0.5717234262125903,0.6914344685242518
21354806,3,99.84681726380792,103.95544868292617,75.90457718394725,229.2,236.3,237.3,120.7323554014529,FDNY_11591_EMS 50,Urgent Care/Clinic/Other Outpatient,QUEENS,15000,237.03,15.8,High Gap + Lower GHG,0.8106295149638802,0.07894736842105263,0.44478844169246645
2972060,3,99.57777142487,144.41125421128032,105.68549221063995,93.1,239.4,243.5,93.66882530053948,Turnpike: 2529 Parsons,Mixed Use Property,QUEENS,54571,1155.38,21.17,High Gap + High GHG,0.8101135190918473,0.7239422084623323,0.7670278637770898
23242619,3,99.43138218736262,93.72020657340069,114.04106584991234,204.2,189.3,167.4,81.1481418998209,Microsoft MEC,Mixed Use Property,MANHATTAN,34182,656.25,19.2,High Gap + High GHG,0.8095975232198143,0.5701754385964912,0.6898864809081527
1634273,3,99.34690781537445,106.17453900307765,157.1091488089052,175.8,167.7,144,61.420337550301554,K989 (OECID: 0301732; BBL: 3060650043),K-12 School,BROOKLYN,62180,655.63,10.54,High Gap + High GHG,0.8090815273477813,0.5691434468524251,0.6891124871001032
4896929,3,99.29850546689045,101.52458869371462,135.1262993135183,168.6,174,175.9,73.2577281489951,Gilman: 265 Lafayette St,Multifamily Housing,MANHATTAN,68038,878.75,12.92,High Gap + High GHG,0.8085655314757482,0.6599587203302374,0.7342621259029928
6778580,3,99.20296491654024,91.74313967561416,117.17881224776053,209.6,166.4,174.4,82.65686032438585,ACHS Management: 205 Smith,Office,BROOKLYN,32100,632.57,19.71,High Gap + High GHG,0.8080495356037152,0.5531475748194015,0.6805985552115583
25746278,3,99.11544012719685,94.66350636806702,102.12659821647436,211.3,191,186.7,99.38828908052767,Chestnut - 1288 Washington Avenue,Multifamily Housing,BRONX,22506,258.96999999999997,11.51,High Gap + Lower GHG,0.8075335397316822,0.1109391124871001,0.45923632610939114
6452789,3,99.00651743739377,99.2330173552006,124.09652769951661,180.8,173.6,182,79.13832761693357,PRINCETON EQUITIES LLC / 1690,Multifamily Housing,BRONX,97500,1057.7,10.85,High Gap + High GHG,0.8070175438596491,0.7027863777089783,0.7549019607843137
6681870,3,98.99453158125871,51.716886869318074,110.49643869068298,143.7,304.6,119.7,90.061547082277,7 East Gun Hill Road,Multifamily Housing,BRONX,26850,223.42,8.32,High Gap + Lower GHG,0.8065015479876161,0.06553147574819401,0.436016511867905
21354389,3,98.65419450509367,123.19010399387128,94.75067630823314,248.3,224.6,132.9,101.06803146973083,DOC_1208_Rikers Island West Facility: WF Detention Facility,Other / Rare,QUEENS,94914,1451.28,15.29,High Gap + High GHG,0.8059855521155831,0.7729618163054696,0.7894736842105263
23209337,3,98.65339394499179,52.315231898528936,253.43310177348758,237.8,86.9,92,39.684768101471064,JLL - 55 Bay St,Distribution Center,BROOKLYN,95787,801.03,8.360000000000001,High Gap + High GHG,0.8054695562435501,0.6346749226006192,0.7200722394220846
21355694,3,98.54588631772567,103.47824446177177,73.34752992573104,240.5,200.8,257.6,132.59770019983887,FDNY_4218_Engine Co. 305 and Ladder Co. 151,Fire Station,QUEENS,4248,78.46000000000001,18.47,High Gap + Lower GHG,0.804953560371517,0.005675954592363261,0.4053147574819401
6696667,3,98.42828406072148,95.56845891964642,118.27532099234367,194.1,176.3,174.4,83.45150946149839,201 East 30th Street,Multifamily Housing,MANHATTAN,45949,642.73,13.99,High Gap + High GHG,0.804437564499484,0.5598555211558307,0.6821465428276574
21311400,3,98.39132723438611,104.34046675937894,107.53678636901034,234.3,127.9,210.9,106.55953324062106,1776 Clay Avenue,Residential Care Facility,BRONX,43285,705.06,16.29,High Gap + High GHG,0.803921568627451,0.5949432404540763,0.6994324045407636
5984946,3,98.31722643377609,39.20283795666684,127.8246868488479,114.9,115.2,296.2,76.81954755310066,855 East 178th Street,Multifamily Housing,BRONX,90600,2054.26,22.67,High Gap + High GHG,0.8034055727554179,0.8302373581011352,0.8168214654282766
21355644,3,97.98545985095252,96.68917375281589,100.36625899988897,189.6,190.9,207.6,96.43221054031515,DPR_3730_Metropolitan Pool and Fitness Center,Fitness Center/Health Club/Gym,BROOKLYN,18200,265.74,14.6,High Gap + Lower GHG,0.8028895768833849,0.1217750257997936,0.46233230134158926
4277211,3,97.84116454906116,96.91459139394682,148.64495016692035,159.2,168.9,163,66.08540860605318,42-40 Bell Plaza,Office,QUEENS,61620,792.76,12.87,High Gap + High GHG,0.8023735810113519,0.6320949432404541,0.717234262125903
6564032,3,97.7403044737823,109.71626187169588,140.42867311134796,195.4,177.3,127.2,63.97837269428477,The Calhoun School,K-12 School,MANHATTAN,65752,806.6,12.27,High Gap + High GHG,0.8018575851393189,0.6377708978328174,0.7198142414860682
21355426,3,97.62817798092718,111.04853326673472,84.9772690609361,250.1,223.9,162.1,112.96402023205829,NYPD_4496_Transit District 12,Police Station,BRONX,24700,363.36,14.71,High Gap + Lower GHG,0.8013415892672858,0.2801857585139319,0.5407636738906089
6262407,3,97.57811914867784,105.50089663341423,128.95885961421487,184.2,154.7,180.5,74.99910336658577,Gold River Capital LLC (839),Multifamily Housing,MANHATTAN,58764,606.08,10.31,High Gap + High GHG,0.8008255933952528,0.5386996904024768,0.6697626418988648
2363861,3,97.41213083132602,110.07824626964975,22.9086050196993,562.4,529.9,475.9,427.03047111909717,Irving Cancer Research Center,Laboratory,NA,221690,8373.07,37.77,High Gap + High GHG,0.8003095975232198,0.9520123839009288,0.8761609907120743
6078613,3,97.3795946006919,99.00081198450549,144.0160036289849,171.9,165.6,157.5,67.8300885029684,57 Irving Place Condominium (57 Irving Place),Multifamily Housing,MANHATTAN,44321,547.8499999999999,12.36,High Gap + Lower GHG,0.7997936016511867,0.49019607843137253,0.6449948400412796
4036542,3,97.24932170131247,108.02481792111683,123.69105714317514,188.5,186.1,153.1,78.88675085417042,Glenwood - The Somerset,Multifamily Housing,MANHATTAN,546667,5265.18,9.63,High Gap + High GHG,0.7992776057791537,0.9220846233230134,0.8606811145510835
3086587,3,96.72165688543045,96.83835513651167,127.71723865748383,174.8,153.7,189.1,74.3434646830261,Building 1,Office,QUEENS,124525,2108.86,16.939999999999998,High Gap + High GHG,0.7987616099071208,0.8353973168214655,0.817079463364293
21355619,3,96.30206311006269,100.1410861481778,68.86695164271644,257.1,230.6,222,135.84478356161483,DSNY_3940_Brooklyn South 7 and 10 District Garage,Vehicle Repair Services,BROOKLYN,81268,1138.65,14.01,High Gap + High GHG,0.7982456140350878,0.7203302373581011,0.7592879256965944
25970056,3,95.80191011302458,90.17128393985467,103.12130713689145,186,168.7,210.7,95.87449165359608,Site 5 - The New 42nd Street - New Victory Theater (209 W 42nd St),Performing Arts,MANHATTAN,27738,463.34,16.7,High Gap + Lower GHG,0.7977296181630547,0.40608875128998967,0.6019091847265221
24896805,3,95.76955197091154,110.19484568873189,127.50820854920076,186.7,133.2,191.9,74.86780426728328,163 West 17th Street AKA 119 7th Avenue,Multifamily Housing,MANHATTAN,53123,801.24,15.08,High Gap + High GHG,0.7972136222910217,0.6351909184726522,0.7162022703818369
6690427,3,95.73499412913034,94.85841882769058,114.1657570469653,181.5,183.7,173.9,83.6879729421151,MP Management - 609 w 189 st,Multifamily Housing,MANHATTAN,32840,448.17,13.65,High Gap + Lower GHG,0.7966976264189887,0.39215686274509803,0.5944272445820433
6775018,3,95.63138403368826,21.140607346893646,117.8634662831917,106.8,326.8,101.2,81.50433456240191,NY Residential: 46 West 129 Street,Multifamily Housing,MANHATTAN,34606,275.35,7.96,High Gap + Lower GHG,0.7961816305469557,0.13364293085655315,0.4649122807017544
21354414,3,95.5214524468586,98.89067353759009,85.00176234194964,196.2,214.7,212.5,113.60932646240991,DPR_3786_Flushing Meadows: FMCP Aquatic Center,Other - Recreation,QUEENS,110000,1810.85,16.459999999999997,High Gap + High GHG,0.7956656346749226,0.8075335397316822,0.8015995872033024
5910762,3,95.46442213063233,91.55365861483412,46.182535846026155,311.6,290.1,305.4,213.84634138516586,Center for Laboratory Medicine - MSK,Laboratory,MANHATTAN,82382,2164.27,26.27,High Gap + High GHG,0.7951496388028896,0.8369453044375645,0.8160474716202271
3544730,3,95.33948599887852,92.62874346665649,129.0217991010791,180.2,161,166.3,73.67125653334352,200 Dyckman Street,Multifamily Housing,MANHATTAN,74652,958.56,12.84,High Gap + High GHG,0.7946336429308566,0.6831785345717234,0.7389060887512899
12066271,3,94.94916723482677,73.87536742771623,199.75217286775728,120.9,190.7,116.1,48.455660966033776,2605 28 Street,Multifamily Housing,QUEENS,32573,311.71,9.57,High Gap + Lower GHG,0.7941176470588235,0.19711042311661506,0.4956140350877193
3096462,3,94.82976364791675,93.52170640055974,123.60912946316455,181.1,163.9,169.5,75.97829359944026,1050 Carroll Place - 38216,Multifamily Housing,BRONX,82053,830.09,10.12,High Gap + High GHG,0.7936016511867905,0.6444788441692466,0.7190402476780186
2826282,3,94.82762246188265,97.99659026194898,96.56925586806555,203.3,191,186.9,105.91667662704712,Weissman Hall,Other / Rare,MANHATTAN,114968,1882.99,16.38,High Gap + High GHG,0.7930856553147575,0.8163054695562435,0.8046955624355006
4990058,3,94.68962541910565,92.32760272145684,104.83742945783334,204.8,180.6,168.9,88.12721843888102,Melrose Park HDFC-689 Melrose Avenue,Multifamily Housing,BRONX,23842,317.39,13.31,High Gap + Lower GHG,0.7925696594427245,0.2084623323013416,0.5005159958720331
2364102,3,94.58460487978995,106.2434473964478,78.29682823848832,179.4,241.7,231.6,125.35655260355219,1260 Avenue of the Americas (Bld 18) (Radio City),Other / Rare,MANHATTAN,1003272,20323.33,20.26,High Gap + High GHG,0.7920536635706914,0.9886480908152735,0.8903508771929824
17707035,3,94.49049752935079,91.97258418711642,101.36838564522311,182.8,198.5,182.2,90.22741581288356,185 Avenue C,Multifamily Housing,MANHATTAN,28620,330.74,11.56,High Gap + Lower GHG,0.7915376676986584,0.23581011351909184,0.5136738906088751
24632715,3,94.05122643473435,91.22750445564242,169.74261410660333,158.2,143.6,146.7,55.472495544357564,2514 Albemarle Road,Multifamily Housing,BROOKLYN,34810,339.04,9.739999999999998,High Gap + Lower GHG,0.7910216718266254,0.2476780185758514,0.5193498452012384
2831111,3,94.01071714212468,55.96606317544297,77.0441189208627,300.2,168.2,173.4,121.99607541014794,MARINER'S HARBOR,Multifamily Housing,STATEN IS,627795,6815.95,10.86,High Gap + High GHG,0.7905056759545923,0.9427244582043344,0.8666150670794633
25559598,3,93.8845759908993,97.99534718266581,93.34088645608914,205.4,199.5,178.5,100.27816343901372,The Cosmopolitan Club - 122 East 66th St,Hotel,MANHATTAN,40392,531.8499999999999,13.17,High Gap + Lower GHG,0.7899896800825593,0.47523219814241485,0.6326109391124871
3529337,3,93.6503034017724,93.85158535717896,116.59965820115525,171.7,110.9,233.7,83.88564402178996,Wavecrest CHILD - 450 West 131 St Street,Multifamily Housing,MANHATTAN,26917,421.9,15.67,High Gap + Lower GHG,0.7894736842105263,0.3570691434468524,0.5732714138286894
6724373,3,93.56975537820706,96.94930798024279,191.459650527751,145.9,157,124.5,49.0866805930184,1171 Oak Point Avenue,Manufacturing/Industrial Plant,BRONX,30800,219.74,7.13,High Gap + Lower GHG,0.7889576883384933,0.0608875128998968,0.42492260061919507
2831260,3,93.55549917022195,95.71889040899664,119.70077649580755,186.2,172.7,156.2,78.36994729514498,WHITE,Multifamily Housing,MANHATTAN,146650,1458.52,9.95,High Gap + High GHG,0.7884416924664602,0.7739938080495357,0.781217750257998
10402989,3,93.40480154819495,97.1222955277299,119.93998958780713,153,186.2,175.3,78.17770447227011,1615 Dean S,Multifamily Housing,BROOKLYN,163400,1748.05,10.7,High Gap + High GHG,0.7879256965944272,0.8008255933952528,0.79437564499484
2665580,3,93.10206462131625,25.160436789878574,116.31274600657551,103.7,103.8,311,80.1661140068706,Stellar - 2010 Bruckner Boulevard,Multifamily Housing,BRONX,128749,2475.12,19.22,High Gap + High GHG,0.7874097007223942,0.8581011351909185,0.8227554179566563
2777235,3,93.02024786130453,60.80728859132529,35.46221813309104,424.7,313.3,331.1,270.29271140867473,SI SIHN 475 Seaview Ave 5049717,Hospital (General Medical & Surgical),STATEN IS,667078,17196.149999999998,25.78,High Gap + High GHG,0.7868937048503611,0.9824561403508771,0.8846749226006192
2669611,3,92.89683376134097,89.58595421912113,144.45214501623556,172.7,153.5,145.2,63.58403590737237,The Forte Condominium (230 Ashland Place),Multifamily Housing,BROOKLYN,155754,1419.8,9.12,High Gap + High GHG,0.7863777089783281,0.7703818369453045,0.7783797729618163
4408049,3,92.69729728466248,91.68707612761723,120.27678459220381,187.2,167.4,154.2,75.52955857255469,Lovett - 4 Dartmouth Street,Multifamily Housing,QUEENS,81804,670.03,8.19,High Gap + High GHG,0.7858617131062952,0.5784313725490197,0.6821465428276574
21355307,3,92.65331740729256,88.52307927084533,64.74675022910198,247.8,216.1,246,138.8692581330769,DSNY_3927_Brooklyn North 5 District Garage,Vehicle Repair Services,BROOKLYN,57786,866.8599999999999,15,High Gap + High GHG,0.7853457172342622,0.6547987616099071,0.7200722394220846
20787584,3,92.62781009434404,96.93915033895507,212.2873359022622,105,141.2,170.7,40.09341709508379,UPS INC (NY) : 49-10 27 STREET,Non-Refrigerated Warehouse,QUEENS,47200,548.2900000000001,11.62,High Gap + Lower GHG,0.7848297213622291,0.49122807017543857,0.6380288957688338
12053049,3,92.59750213374917,87.60432918174713,108.8657734507698,168.5,188.8,176,89.05947076557284,Triborough Pres LLC (2126) - 635 East 12th Street,Multifamily Housing,MANHATTAN,140360,1915.32,13.65,High Gap + High GHG,0.7843137254901961,0.8183694530443757,0.8013415892672859
21353840,3,92.58059682356841,111.40676147941117,90.16681838395381,215.8,156.7,216.8,99.09098637816052,Benchmarking Group - 142,Other / Rare,NA,45679,749.01,16.4,High Gap + High GHG,0.7837977296181631,0.6166150670794633,0.7002063983488132
15048378,3,92.39478299838966,106.43021923994328,96.6378092638011,203.5,209.3,151.6,96.05450990733154,Bushwick Center parent,Other / Rare,BROOKLYN,130378,1405.55,10.78,High Gap + High GHG,0.7832817337461301,0.7683178534571723,0.7757997936016512
19917278,3,92.07989947765365,96.87598668412312,97.77458272235808,196.9,169.7,191.8,94.92401331587689,210 W 55th St,Hotel,MANHATTAN,87682,1397.73,15.94,High Gap + High GHG,0.782765737874097,0.7667698658410733,0.7747678018575852
20965413,3,92.04936949299513,101.27885926337031,121.84621552336161,187.8,175.9,138.9,75.24800753599122,410 Madison Avenue,Office,MANHATTAN,62644,774.3499999999999,12.36,High Gap + High GHG,0.782249742002064,0.6259029927760578,0.7040763673890609
2382101,3,92.04482297137996,81.73737085697329,86.27950976474483,183.6,217.8,196.9,115.16262914302672,Evelyn H. Lauder Breast and Imaging Center,Other / Rare,MANHATTAN,234339,4230.37,18.05,High Gap + High GHG,0.781733746130031,0.9097007223942208,0.845717234262126
6375972,3,91.9417566797888,91.2297566482357,101.5570847462815,190,181.6,175.7,89.4076311537815,2062 Holding Corp,Multifamily Housing,BRONX,30000,311.58,10.39,High Gap + Lower GHG,0.7812177502579979,0.19659442724458204,0.48890608875128994
6691749,3,91.81263314081002,94.61673117065811,120.97119777156134,172.7,169,161.5,76.23065991395438,Pinnacle CHILD of CAMPUS - 402 West 148th Street,Multifamily Housing,MANHATTAN,40580,385.35,9.5,High Gap + Lower GHG,0.7807017543859649,0.31011351909184726,0.545407636738906
6113770,3,91.76126783101009,104.11884819373455,105.53565122887414,209.7,190.3,132.9,80.69313988846349,26 East 91st Street AKA 1270 Madison Avenue,Multifamily Housing,MANHATTAN,32929,317.40999999999997,9.64,High Gap + Lower GHG,0.7801857585139319,0.2089783281733746,0.49458204334365324
21355219,3,91.70732781894174,114.38162830319338,109.35801089612136,198.8,200.6,129.3,86.84121405216756,DHS_1120_Classified DHS Location,Other - Lodging/Residential,NA,55000,618.26,11.239999999999998,High Gap + High GHG,0.7796697626418989,0.543859649122807,0.661764705882353
6694193,3,91.69206494098769,91.76660706212765,81.2344319291927,214.3,193.2,205.9,114.13339293787236,144 South Oxford Street,Residential Care Facility,BROOKLYN,48000,710.8499999999999,14.81,High Gap + High GHG,0.7791537667698658,0.5980392156862745,0.6885964912280702
6282579,3,91.6847896970949,90.85027126273921,108.75849069347417,192.6,173.1,161.9,83.61109123481447,David Ellis: 669 Hudson St,Multifamily Housing,MANHATTAN,31351,425.48,13.57,High Gap + Lower GHG,0.7786377708978328,0.3627450980392157,0.5706914344685242
7057405,3,91.68477607925797,96.5653030810009,160.7581501755035,136.6,153.6,156.1,56.51939244198221,149 Northern Plaza LLC,Multifamily Housing,QUEENS,70032,720.62,10.29,High Gap + High GHG,0.7781217750257998,0.6016511867905057,0.6898864809081527
5633481,3,91.56295886727928,88.85224340556519,115.59842666380763,180.2,167.5,164.5,76.49298093181643,458-464 Neptune Avenue,Multifamily Housing,BROOKLYN,623800,6073.49,9.739999999999998,High Gap + High GHG,0.7776057791537667,0.9370485036119711,0.8573271413828689
25178306,3,91.47036720788618,80.2725338326395,105.46999450075215,168.7,164.7,203,83.91627189573988,601 West 181st Street AKA 1421 Saint Nicholas Avenue,Multifamily Housing,MANHATTAN,26338,456.07,17.32,High Gap + Lower GHG,0.7770897832817337,0.40092879256965946,0.5890092879256966
15307767,3,91.40343017880522,88.38507463496995,120.16204671447197,162.4,163.6,176.8,74.93399733508767,2785 Broadway,Multifamily Housing,MANHATTAN,30218,365.07,12.08,High Gap + Lower GHG,0.7765737874097007,0.28276573787409703,0.5296697626418989
21355510,3,91.22972317029345,98.85799023839246,94.94524439033951,197.9,175.2,190.9,90.14710908851106,CIG > PT_4698_The Public Theater,Performing Arts,MANHATTAN,61420,1154.59,18.8,High Gap + High GHG,0.7760577915376677,0.7234262125902993,0.7497420020639836
6772314,3,91.06820676701379,122.97166298502981,138.30271454307265,205.7,186.9,77.4,65.14352401592573,Cord Meyer Office Building,Office,QUEENS,108283,858,7.92,High Gap + High GHG,0.7755417956656346,0.652734778121775,0.7141382868937048
6628082,3,90.94244424021089,88.62983352108589,116.23332948669888,180.4,160.2,166.7,78.0701664789141,VERMILYEA PARTNERS LLC,Multifamily Housing,MANHATTAN,43960,453.61,10.32,High Gap + Lower GHG,0.7750257997936016,0.3988648090815273,0.5869453044375645
6793588,3,90.80238475177731,88.93729092577225,101.55286549105593,225,176.2,138.6,89.11354300589446,M&amp;I Management- 348 MAPLE ST,Multifamily Housing,BROOKLYN,25820,208.02,8.06,High Gap + Lower GHG,0.7745098039215687,0.05056759545923633,0.41253869969040247
20407576,3,90.74938555863463,95.12241193290015,33.693676779005635,367,417,326.9,303.47484324169807,Brookdale Hospital Medical Center,Hospital (General Medical & Surgical),BROOKLYN,767780,17497.480000000003,22.79,High Gap + High GHG,0.7739938080495357,0.9834881320949432,0.8787409700722395
4769810,3,90.67201995309267,95.41088345190823,113.96246383257404,160.2,168.7,185.1,89.68911654809176,Sweet Sams - 1261 Seabury Avenue,Manufacturing/Industrial Plant,BRONX,72882,984.49,13.51,High Gap + High GHG,0.7734778121775026,0.6867905056759546,0.7301341589267285
24896799,3,90.28135274330565,95.80059422250211,102.5981694411095,186.4,190.2,157.7,85.1213179691013,58 West 72nd Street,Multifamily Housing,MANHATTAN,25080,318.77,12.71,High Gap + Lower GHG,0.7729618163054696,0.21155830753353974,0.49226006191950467
2817487,3,90.21277516780003,89.8572652853767,119.33047084586974,174.8,164.5,158,74.87918727897133,2 Seaman,Multifamily Housing,MANHATTAN,56700,596.54,10.52,High Gap + High GHG,0.7724458204334366,0.5273477812177503,0.6498968008255934
2831189,3,90.05604511346706,54.88165637554833,99.46313928224971,296.4,136.9,147.4,136.99917617875153,SHEEPSHEAD BAY/NOSTRAND CAMPUS,Multifamily Housing,BROOKLYN,2159000,20059.42,9.29,High Gap + High GHG,0.7719298245614035,0.9876160990712074,0.8797729618163055
7069123,3,89.90993260137068,84.95983980342643,423.9486498927623,131.3,105.1,97.4,22.929568161012256,Ashkenazy: 4162 Broadway,Parking,MANHATTAN,29282,225.46,7.7,High Gap + Lower GHG,0.7714138286893705,0.06759545923632611,0.4195046439628483
21353799,3,89.8842296628902,81.49633983950021,80.17545401776489,222.5,189.8,192.9,111.82668021894388,FDNY_3996_EMS 26,Other / Rare,BRONX,5000,64.25,12.85,High Gap + Lower GHG,0.7708978328173375,0.003611971104231166,0.3872549019607843
4452255,3,89.87255966608564,88.3601896699607,35.42240754404244,352.8,335.2,342.9,254.53981033003927,LL84 NYU Langone Health - Main Campus,Hospital (General Medical & Surgical),MANHATTAN,3532083,76580.61,21.68,High Gap + High GHG,0.7703818369453045,0.9984520123839009,0.8844169246646028
6772376,3,89.83163106931113,89.34305913016112,115.02978722905506,158.1,178.8,167,77.65694086983888,673-675 E 140th St,Multifamily Housing,BRONX,44734,469.7,10.5,High Gap + Lower GHG,0.7698658410732714,0.41124871001031993,0.5905572755417956
15934952,3,89.7911179622218,86.00949107929227,110.38442667484904,196.9,165.6,149.7,78.56073575872327,"Betances II, 18 443 E137th Street",Multifamily Housing,BRONX,38057,374.01,9.83,High Gap + Lower GHG,0.7693498452012384,0.29566563467492263,0.5325077399380805
23064461,3,89.76749619492409,91.14092363346231,90.20868605311671,186.1,185.7,196.6,105.36795492879791,72-02 Northern Blvd Realty Corp - Main Street Radiology,Mixed Use Property,NA,22000,460.87,20.95,High Gap + Lower GHG,0.7688338493292054,0.4040247678018576,0.5864293085655314
18238381,3,89.67321419754505,90.05087264415369,98.85316968740693,161.6,181.3,199,89.28951466100706,474-476 Central Park West (475 Central Park West),Multifamily Housing,MANHATTAN,26645,412.71,15.49,High Gap + Lower GHG,0.7683178534571723,0.34726522187822495,0.5577915376676986
6686930,3,89.52245171899831,90.90661227310227,105.09405308162138,172.6,174,177.9,84.6337806897013,Chestnut - 1353 Sheridan Avenue,Multifamily Housing,BRONX,39876,410.54,10.3,High Gap + Lower GHG,0.7678018575851393,0.3457172342621259,0.5567595459236326
6672880,3,89.48552525081683,86.60800861157372,108.15436734288465,185.5,162.2,168.7,82.09199138842627,Coney 474 East 98th Street,Multifamily Housing,BROOKLYN,40800,395.51,9.69,High Gap + Lower GHG,0.7672858617131063,0.325593395252838,0.5464396284829721
4408910,3,89.41692091401353,90.38649631789077,114.54749750789735,180.2,165.2,157.1,78.74589438720513,Columbia Teachers College (Academic Buildings),College/University,MANHATTAN,641800,6700.98,10.44,High Gap + High GHG,0.7667698658410733,0.9422084623323014,0.8544891640866874
20275642,3,89.18789134389955,85.07146744088665,105.74877105399489,187,166.6,166.7,84.1692732794073,201 East 82nd Street,Multifamily Housing,MANHATTAN,26978,401.29,14.87,High Gap + Lower GHG,0.7662538699690402,0.3317853457172343,0.5490196078431373
16815797,3,89.1626786313891,123.83116764990433,192.96431972329975,170.5,177.5,52.6,39.972628827415,115-10 14 Road,Non-Refrigerated Warehouse,QUEENS,55233,197.36,3.57,High Gap + Lower GHG,0.7657378740970072,0.03869969040247678,0.402218782249742
21355710,3,88.75519265475461,93.26246511695336,71.41164529619255,216,217.6,209.4,115.15678718639607,DSNY_8350_Brooklyn South 13 District Garage,Vehicle Repair Services,BROOKLYN,29686,507.45,17.09,High Gap + Lower GHG,0.7652218782249742,0.4551083591331269,0.6101651186790505
7145573,3,88.6460901711667,45.23289436825907,110.38194242182281,101.9,282.7,125.3,80.06710563174093,Independence Apts LLC 3489,Multifamily Housing,BRONX,49290,372.02,7.55,High Gap + Lower GHG,0.7647058823529411,0.29205366357069146,0.5283797729618163
7400037,3,88.59505410950445,95.61807562692275,128.21038127827725,163.9,157.8,165.4,95.54237431015241,Church House Main,Worship Facility,BROOKLYN,31387,311.33,9.92,High Gap + Lower GHG,0.7641898864809081,0.19607843137254902,0.48013415892672856
2691092,3,88.54915832009759,86.42489159390739,77.42084786223614,200.9,246,164.5,118.26003007566275,Thrift Hall,College/University,BROOKLYN,9110,120.91,13.27,High Gap + Lower GHG,0.7636738906088751,0.00980392156862745,0.3867389060887513
4474028,3,88.3471408674317,43.03305118080927,77.75679989298942,322.8,160.5,91.7,74.45522332078058,NOSTRAND (SITES 9-16) - 3074080001,Multifamily Housing,BROOKLYN,556000,5868.76,10.56,High Gap + High GHG,0.7631578947368421,0.93343653250774,0.848297213622291
6382041,3,88.05643136912143,60.89945184876471,103.93437026931728,147.9,229.4,142.6,85.04926456063023,676 Saint Nicholas Avenue,Multifamily Housing,MANHATTAN,25986,287.78,11.07,High Gap + Lower GHG,0.762641898864809,0.15428276573787408,0.4584623323013416
4954483,3,87.98093045321966,96.2071525449546,93.14951405770239,195,195.4,155.5,87.87591434323888,1591 Bruckner Blvd,Multifamily Housing,BRONX,124800,1528.59,12.25,High Gap + High GHG,0.762125902992776,0.782249742002064,0.77218782249742
6197884,3,87.96638141807978,91.20312002697992,99.26326278624119,167.1,178.2,184.7,89.09538936103918,40BRONX SHARP REALTY LLC,Multifamily Housing,BRONX,28704,317.44,11.06,High Gap + Lower GHG,0.7616099071207431,0.20949432404540763,0.4855521155830753
2364074,3,87.76551175275473,110.62107927841708,134.38916122188408,73.8,175.8,211.3,65.32412092804337,1 Rock (Bld 5),Office,MANHATTAN,568532,11084.57,19.5,High Gap + High GHG,0.7610939112487101,0.9695562435500515,0.8653250773993808
6225107,3,87.58321950786225,89.64313558133318,112.76690703127264,154.9,173.9,167.4,77.75686441866682,2707 SEDGWICK AVENUE - 70129,Multifamily Housing,BRONX,75880,788.25,10.39,High Gap + High GHG,0.760577915376677,0.6300309597523219,0.6953044375644994
2797944,3,87.58291577009399,3.643613368960942,114.32680963422018,80.6,79.8,334.1,76.59949604269428,43-09 40th Street,Multifamily Housing,QUEENS,66714,1240.7,18.6,High Gap + High GHG,0.760061919504644,0.739422084623323,0.7497420020639836
6690414,3,87.54660756631017,88.9542457080958,97.50331506470752,174.1,178.9,179.2,90.24575429190419,MP Management - 1 Adrian Avenue,Multifamily Housing,BRONX,32060,340.7,10.63,High Gap + Lower GHG,0.759545923632611,0.24922600619195046,0.5043859649122807
24317571,3,87.47425682578516,99.28554641625948,99.60881728339676,186.2,204.8,136.9,91.25612149289373,15 Charles at Waverly Place Condominium (15 Charles Street),Multifamily Housing,MANHATTAN,118865,1031.65,8.68,High Gap + High GHG,0.7590299277605779,0.6940144478844169,0.7265221878224974
21110140,3,87.10015609980317,72.56418350629251,84.78845652882305,186.5,192,207.4,89.12843737123198,35 West 44th St,Mixed Use Property,MANHATTAN,162080,2851.19,17.59,High Gap + High GHG,0.7585139318885449,0.8735810113519091,0.8160474716202271
21311417,3,87.04259325187411,82.8341711564417,97.69613049346647,189.8,167.6,170.6,87.7658288435583,Basics Inc.,Multifamily Housing,BRONX,28380,379.91,13.39,High Gap + Lower GHG,0.7579979360165119,0.30340557275541796,0.5307017543859649
6690543,3,86.91744284273197,47.55061304541459,99.922325524268,131.6,132.9,256.5,87.29491321649397,Stellar - 395 East 151st Street,Multifamily Housing,BRONX,18180,314.82,17.32,High Gap + Lower GHG,0.7574819401444789,0.20485036119711042,0.48116615067079466
6011136,3,86.7252441690495,94.805189634218,133.19992340279728,160.5,163.5,131.6,65.28934325960061,132-138 Mulberry Street,Office,MANHATTAN,69993,680.8499999999999,9.73,High Gap + High GHG,0.7569659442724458,0.5841073271413829,0.6705366357069144
26638918,3,86.72282232079924,108.08355644196051,116.64412702629316,117.2,181.4,185.4,74.91100163019372,A02980 New Bedford: 371 West 123rd Street,Multifamily Housing,MANHATTAN,58927,673.8299999999999,11.43,High Gap + High GHG,0.7564499484004128,0.5794633642930856,0.6679566563467492
21354942,3,86.6569183940016,88.706220858585,63.25061834608426,259.8,221.3,186,121.49917448313204,DSNY_3886_Manhattan 3 District Garage,Vehicle Repair Services,MANHATTAN,120000,1457.74,12.15,High Gap + High GHG,0.7559339525283798,0.7734778121775026,0.7647058823529411
21355367,3,86.59854878063207,86.89833588075378,95.60582126109767,142.4,178.5,209.4,91.23007985992895,H+H_4312_East New York Diagnostic & Treatment Center,Medical Office,BROOKLYN,72755,1050.6,14.44,High Gap + High GHG,0.7554179566563467,0.6991744066047472,0.727296181630547
7139581,3,86.55554027183916,85.95091058106149,43.99700700868903,288.3,274.1,290,189.243187124433,17-59 Ridgewood Place - 34286,Supermarket/Grocery Store,BROOKLYN,38500,1099.55,28.56,High Gap + High GHG,0.7549019607843137,0.7141382868937048,0.7345201238390093
6700196,3,86.52033888138942,90.97401730230372,110.56782917068871,158.6,166.7,169.8,77.95602631667309,550 West 172nd Street,Multifamily Housing,MANHATTAN,44172,581.8199999999999,13.17,High Gap + High GHG,0.7543859649122807,0.5175438596491229,0.6359649122807018
2774477,3,86.51186608727868,86.34953431583303,122.15019068336477,135.1,177.3,160.1,73.75046568416697,ConEd East 16th Street,Distribution Center,MANHATTAN,120768,1636.6799999999998,13.55,High Gap + High GHG,0.7538699690402477,0.7910216718266254,0.7724458204334366
4951430,3,86.28229023857195,95.79769145445135,79.23138935636078,215.5,200.2,181.7,129.16195021864453,Union Square South - Commercial,Other / Rare,MANHATTAN,236215,4111.25,17.4,High Gap + High GHG,0.7533539731682146,0.9071207430340558,0.8302373581011352
21202121,3,86.25715706006862,83.61764799852489,122.9181814208167,171.8,143.9,153.3,69.68235200147512,Progressive - 15 Albany Avenue,Multifamily Housing,BROOKLYN,38400,349.19,9.09,High Gap + Lower GHG,0.7528379772961816,0.26160990712074306,0.5072239422084623
6404833,3,86.13481245027002,39.41254977662207,124.58013297058302,102.1,105.7,254.5,70.10357215657794,14-20 27th Avenue,Multifamily Housing,QUEENS,41900,628.59,15,High Gap + High GHG,0.7523219814241486,0.5479876160990712,0.6501547987616099
6587288,3,86.01743729676873,81.14187400584316,96.80134320605228,192.7,168.8,162.6,87.46925947333023,25-81 34th Street,Multifamily Housing,QUEENS,27620,351.51,12.73,High Gap + Lower GHG,0.7518059855521155,0.26418988648090813,0.5079979360165119
16048549,3,85.98373915869219,81.01923493570959,91.39630520795781,175.6,174.5,190.1,94.01731987154635,21 Convent Avenue,Multifamily Housing,MANHATTAN,16175,192.95,11.93,High Gap + Lower GHG,0.7512899896800825,0.03611971104231166,0.3937048503611971
6275325,3,85.94505949684729,76.52884236552602,101.02977461527445,196.2,157.8,158,81.47115763447398,104-106 Elliot Place,Multifamily Housing,BRONX,43825,438.6,10.01,High Gap + Lower GHG,0.7507739938080495,0.3802889576883385,0.565531475748194
18059121,3,85.90578279447364,83.60748682734388,40.73684595186678,295.8,297.5,297.7,206.35298446318987,KND: 198-15 HORACE HARDING EXPRESSWAY,Supermarket/Grocery Store,QUEENS,44877,1077.02,24,High Gap + High GHG,0.7502579979360166,0.7094943240454077,0.7298761609907121
3536023,3,85.89034284011628,86.9009906956187,106.94038446133365,160.2,166.6,172,79.8190726163929,Chestnut - 3470 Cannon Place,Multifamily Housing,BRONX,65000,634.37,9.76,High Gap + High GHG,0.7497420020639834,0.5541795665634675,0.6519607843137254
4481066,3,85.8496379043587,76.39725792666255,494.48157966247004,125.1,93.4,91.1,17.559584546022172,Carousel: 201 WEST 75 STREET,Parking,MANHATTAN,53719,434.75,8.09,High Gap + Lower GHG,0.7492260061919505,0.37306501547987614,0.5611455108359134
2831047,3,85.67039300904298,31.354432368135534,97.85061865241178,109.8,111.3,287.6,89.76394836938309,GLENMORE PLAZA,Multifamily Housing,BROOKLYN,450000,7483.75,16.630000000000003,High Gap + High GHG,0.7487100103199175,0.9468524251805985,0.8477812177502579
26701543,3,85.66041924553376,79.26860131632687,128.29185766393783,119.4,183.8,161.7,82.43139868367312,730 Fifth Avenue,Mixed Use Property,MANHATTAN,403554,5703.320000000001,14.13,High Gap + High GHG,0.7481940144478845,0.9303405572755418,0.8392672858617132
7658184,3,85.6505032952385,91.44648107628228,70.88839440677232,207.8,228.2,182.4,117.37544738518437,299 Madison Ave,Hotel,MANHATTAN,32944,463.1,14.06,High Gap + Lower GHG,0.7476780185758514,0.4055727554179567,0.576625386996904
10802666,3,85.00486574824686,88.7581075255995,110.64187327406408,168.9,163.5,153.2,76.92128238081908,21 Jay Street,Multifamily Housing,MANHATTAN,42357,504.5,11.91,High Gap + Lower GHG,0.7471620227038184,0.45252837977296184,0.5998452012383901
4043957,3,84.86069468394243,75.10566349393335,115.0191546117897,150.3,184.2,142.2,74.46392915954718,Wavecrest - PARENT - 1490 Boston Rd / 1471 Louis Nine Blvd,Multifamily Housing,BRONX,94061,906.69,9.64,High Gap + High GHG,0.7466460268317854,0.6666666666666666,0.706656346749226
2494990,3,84.82329905478967,81.66246585786354,99.21535382432155,165.3,170.9,180.3,77.47989768204452,2 MetroTech Center (90 MYRTLE AVENUE),Office,BROOKLYN,502581,9345.53,18.6,High Gap + High GHG,0.7461300309597523,0.957688338493292,0.8519091847265221
6287992,3,84.59767447830968,59.54301768154255,90.71666741436718,236,184.4,192.9,133.35698231845745,"Springfield Associates, LLC",Strip Mall,QUEENS,26936,372,13.81,High Gap + Lower GHG,0.7456140350877193,0.2915376676986584,0.5185758513931888
6255649,3,84.54093887349225,93.98029165583704,111.68259865386668,172,98.5,208.8,74.66702374428922,235 FT WASHINGTON AVENUE - 20336,Multifamily Housing,MANHATTAN,53308,623,11.69,High Gap + High GHG,0.7450980392156863,0.5454076367389061,0.6452528379772962
2929490,3,84.47861069222809,83.81813299315901,112.53854776618756,179.8,149.9,159.1,95.80994256904796,Automotive Realty: 2490 Webster Ave,Mixed Use Property,BRONX,37700,549.7800000000001,14.58,High Gap + Lower GHG,0.7445820433436533,0.4938080495356037,0.6191950464396285
5829624,3,84.41961334257677,18.716476998685053,106.14776895104144,101.9,306.2,89.5,81.99259535857561,532 West 22nd Street,Multifamily Housing,MANHATTAN,35719,221.35,6.2,High Gap + Lower GHG,0.7440660474716202,0.06243550051599587,0.40325077399380804
15556489,3,84.30945998651367,82.06379747921912,138.76069541969372,128,165.6,141.9,59.83620252078089,United Talmudical 590 Bedford Ave,K-12 School,BROOKLYN,36468,431.41,11.83,High Gap + Lower GHG,0.7435500515995872,0.368937048503612,0.5562435500515996
2612621,3,84.26726640244269,80.02520767481784,63.73794272908984,215.7,215.9,219.8,125.54344297915253,Parker Jewish Institute For Health Care & Rehabilitation,Residential Care Facility,QUEENS,356093,6360.39,17.86,High Gap + High GHG,0.7430340557275542,0.9385964912280702,0.8408152734778123
6282721,3,84.14427968242035,91.17695030862853,140.6777928546287,97.5,183.3,151.2,60.02304969137146,Leiter: 101 NORTH 5 STREET,Multifamily Housing,BROOKLYN,49267,522.4,10.6,High Gap + Lower GHG,0.7425180598555211,0.46594427244582043,0.6042311661506707
21353842,3,84.03209608477088,102.23679053606338,73.90605419472664,216,157.5,218.1,115.86320946393661,DPR_3686_Abe Stark Ice Rink,Other / Rare,NA,45286,745.91,16.47,High Gap + High GHG,0.7420020639834881,0.6140350877192983,0.6780185758513932
2831138,3,83.99823794343597,41.274209591956435,90.30223300858484,275,138.7,123.5,96.1371543944026,ODWYER GARDENS,Multifamily Housing,BROOKLYN,564650,4277.45,7.58,High Gap + High GHG,0.7414860681114551,0.9102167182662538,0.8258513931888545
18936793,3,83.95863667515115,81.53525970822758,96.3806667175963,158.2,167.9,187.4,86.80831146299062,MP Management - 2654 Valentine ave + 237 e 194th st Campus,Multifamily Housing,BRONX,50850,570.3399999999999,11.22,High Gap + High GHG,0.7409700722394221,0.5082559339525283,0.6246130030959752
6802739,3,83.86849937646126,82.77305396151165,97.39057420021057,163.7,175.9,170.7,87.92694603848834,1350 Shakespeare Avenue,Multifamily Housing,BRONX,35150,373.88,10.64,High Gap + Lower GHG,0.740454076367389,0.2951496388028896,0.5178018575851393
1633478,3,83.82730640882357,90.62140706632593,128.4588976766453,173.8,153.4,118.8,62.382993156918225,M133 (OECID: 0100120; BBL: 1017550001),K-12 School,MANHATTAN,81680,773.24,9.47,High Gap + High GHG,0.739938080495356,0.6253869969040248,0.6826625386996904
6338140,3,83.6337924147978,83.01475339756784,123.39756285577381,167.7,150.6,135.5,66.28297292400379,Alfa -15 West 18th Street,Office,MANHATTAN,47225,475.77,10.07,High Gap + Lower GHG,0.739422084623323,0.42053663570691435,0.5799793601651186
8703991,3,83.6039891552727,75.53274915437025,101.52050887742348,174,165.4,166.1,92.7495753636613,80 Wythe LLC - 80 Wythe Ave,Hotel,BROOKLYN,72500,928.6,12.81,High Gap + High GHG,0.7389060887512899,0.673374613003096,0.706140350877193
8169127,3,83.53925884632842,103.12290533549786,109.35224415662917,112,180.7,186.4,83.27709466450214,The Fairholm,Multifamily Housing,MANHATTAN,31150,337.62,10.84,High Gap + Lower GHG,0.7383900928792569,0.24509803921568626,0.4917440660474716
2830970,3,83.3403586126043,76.97245801143387,93.9138683921528,190,160.2,165.6,89.79190461423401,BRONX RIVER,Multifamily Housing,BRONX,1244450,12741.32,10.239999999999998,High Gap + High GHG,0.737874097007224,0.9757481940144479,0.8568111455108359
2831248,3,83.2321526823287,81.52193223421251,90.17079075057788,170.7,181,175,93.47806776578749,WEBSTER,Multifamily Housing,BRONX,583200,6379.49,10.94,High Gap + High GHG,0.737358101135191,0.9391124871001032,0.8382352941176471
3128913,3,83.22207443432994,71.49153301963301,108.1871744182981,205.4,146.1,126.9,74.9520247946429,X465 (OECID: 0201410; BBL: 2029230018),K-12 School,BRONX,78910,873.4,11.07,High Gap + High GHG,0.7368421052631579,0.6578947368421053,0.6973684210526316
4939723,3,83.14639070981129,83.90420713051468,112.69034919718804,198.9,159.2,114.8,75.98217772970465,380 Lafayette Street,Financial Office,MANHATTAN,55688,707.75,12.71,High Gap + High GHG,0.7363261093911249,0.5954592363261094,0.6658926728586172
1633496,3,83.10881928697357,77.0229968806351,136.1121701331184,142.7,128.9,161.6,59.674849976755105,M833 (OECID: 0101333; BBL: 1000520001),K-12 School,MANHATTAN,115125,1448.34,12.58,High Gap + High GHG,0.7358101135190919,0.7724458204334366,0.7541279669762642
6626314,3,83.06136794463191,87.48803510646496,97.43693247532958,183.2,171.8,149.1,81.43887953215801,140 East 52nd Street,Multifamily Housing,MANHATTAN,31654,395.47,12.49,High Gap + Lower GHG,0.7352941176470589,0.32507739938080493,0.5301857585139319
6686102,3,82.99329141712714,80.9243505462461,94.5480034627859,171.2,165.2,176.2,86.08123042888238,Halbor  Realty Co.-308,Multifamily Housing,MANHATTAN,26537,262.2,9.88,High Gap + Lower GHG,0.7347781217750258,0.11558307533539731,0.42518059855521156
3512123,3,82.92513641142897,88.93278414120513,44.37660939816057,288.4,273,247.7,186.67600699977652,CO/VZT/228 E 56 ST/NEW YORK/NY,Data Center,MANHATTAN,239593,6510.09,27.17,High Gap + High GHG,0.7342621259029928,0.9406604747162023,0.8374613003095975
4406960,3,82.6737721977524,92.70362914381177,116.28196457521278,165.6,167,128.8,70.90704633649172,MP Management - 101-109 Post Ave,Multifamily Housing,MANHATTAN,94100,776.89,8.26,High Gap + High GHG,0.7337461300309598,0.6264189886480909,0.6800825593395253
4489369,3,82.6628249669349,86.06633023430318,108.67657491769484,149.6,160.4,166.8,75.69719284993656,695 Saint Nicholas Avenue,Multifamily Housing,MANHATTAN,50613,561.8499999999999,11.1,High Gap + High GHG,0.7332301341589267,0.5030959752321982,0.6181630546955624
4438712,3,82.64933977628796,79.23496047665034,45.78131055528479,281.1,259.6,247.8,172.7874844130663,CO/VZT/360 BRIDGE ST/BROOKLYN/NY,Data Center,BROOKLYN,201439,5558.22,27.59,High Gap + High GHG,0.7327141382868937,0.9277605779153767,0.8302373581011352
2665482,3,82.37777864608344,45.665306804395925,110.42727681705689,245.6,118.8,105.6,74.76029200516214,Stellar - 701 West 177th Street,Multifamily Housing,MANHATTAN,75000,617.8199999999999,8.239999999999998,High Gap + High GHG,0.7321981424148607,0.5433436532507739,0.6377708978328174
21355466,3,82.37535070226978,82.82623902164796,65.19592330879806,216.1,201.6,208.3,125.47376097835205,NYPD_4560_113th Precinct,Police Station,QUEENS,22250,353.39,15.88,High Gap + Lower GHG,0.7316821465428277,0.2678018575851393,0.4997420020639835
4036620,3,82.13671042480857,57.28913262109185,104.69756183504616,128.2,134.6,218.5,78.81901197607985,395 - The Caldwell,Multifamily Housing,MANHATTAN,225837,3141.07,13.91,High Gap + High GHG,0.7311661506707946,0.8859649122807017,0.8085655314757482
6801943,3,82.12459969792788,85.57668227995154,117.87331311474011,158.4,141.8,155.4,67.30103464520414,56-60 East 78th Street,K-12 School,MANHATTAN,48796,633.16,12.98,High Gap + High GHG,0.7306501547987616,0.5536635706914345,0.642156862745098
2717284,3,82.10976577356357,67.71331235374848,80.60322442034702,166.9,156.7,224.9,106.64579053038067,ConEd Van Nest Service Center,Mixed Use Property,BRONX,295056,5298.63,17.959999999999997,High Gap + High GHG,0.7301341589267286,0.9226006191950464,0.8263673890608876
21353792,3,82.09638616098687,92.72413293643926,90.77766434769177,147.1,182.9,188,90.15288642547591,DOT_3502_Williamsburg Bridge Lighting and Shop,Non-Refrigerated Warehouse,BROOKLYN,10498,157.66,15.02,High Gap + Lower GHG,0.7296181630546955,0.021671826625386997,0.37564499484004127
15565172,3,82.01715118597279,78.71384663668192,103.85001805361044,177,147.4,158.1,79.38615336331807,540 West 145th Street,Multifamily Housing,MANHATTAN,40990,517.06,12.61,High Gap + Lower GHG,0.7291021671826625,0.46388028895768835,0.5964912280701754
21355617,3,81.90366295616205,50.394702596901865,79.62619280615674,256.9,135.1,153.6,103.20529740309813,DSNY_3937_Brooklyn South 16 District Garage,Vehicle Repair Services,BROOKLYN,41800,424.81,10.16,High Gap + Lower GHG,0.7285861713106295,0.36171310629514963,0.5451496388028896
21354235,3,81.86315468486559,80.04198158607598,70.20953248227981,220.4,182.4,192.4,112.35801841392403,Benchmarking Group - 197,Vehicle Repair Services,STATEN IS,55347,991.71,17.919999999999998,High Gap + High GHG,0.7280701754385965,0.6878224974200207,0.7079463364293086
6664917,3,81.51303900543687,75.15967026592217,97.57842520217962,181.9,154.3,158.5,83.34032973407783,Gilman: 142 SOUTH 9 STREET,Multifamily Housing,BROOKLYN,31394,300.96,9.59,High Gap + Lower GHG,0.7275541795665634,0.17905056759545923,0.45330237358101133
19407763,3,81.49567233214177,83.57208018303358,102.53300176974824,155.8,160.4,167.4,79.35295754426961,200-208 Nagle Avenue,Multifamily Housing,MANHATTAN,43876,422.81,9.64,High Gap + Lower GHG,0.7270381836945304,0.35964912280701755,0.543343653250774
10550347,3,81.38440903910778,109.4955723659478,38.87994749861556,336.8,238.5,308.2,198.7044276340522,Bruckner Commons (Shoprite) NY_BM,Supermarket/Grocery Store,BRONX,53497,1782.36,33.32,High Gap + High GHG,0.7265221878224974,0.8054695562435501,0.7659958720330238
21354424,3,81.35455655023708,82.56792639747648,111.37271287400901,191.4,153.5,118.3,73.93313806165271,DPR_3819_FMCP-Olmsted Center-Main Building,Office,QUEENS,92170.7,932.44,10.12,High Gap + High GHG,0.7260061919504643,0.6744066047471621,0.7002063983488132
15565276,3,81.01928855379776,86.771908978734,99.01703611341753,176.1,145.3,166.8,80.02809102126601,Longwood: 775 Southern Boulevard,Multifamily Housing,BRONX,38400,383.19,9.98,High Gap + Lower GHG,0.7254901960784313,0.3065015479876161,0.5159958720330238
6227723,3,80.9844926495718,76.27983790488368,81.02345396579288,175,197.5,192,134.12106484397486,Harlem,Fitness Center/Health Club/Gym,MANHATTAN,82703,1301.36,15.739999999999998,High Gap + High GHG,0.7249742002063984,0.7512899896800825,0.7381320949432404
3529277,3,80.9819042583939,83.17766663791005,105.56090520030033,161.2,158.8,153.2,77.63065692818377,Wavecrest CHILD of CAMPUS - 460 Grand St,Multifamily Housing,MANHATTAN,265181,2919.65,11.01,High Gap + High GHG,0.7244582043343654,0.8746130030959752,0.7995356037151703
6821250,3,80.91074940674963,79.63532524229979,84.985162790413,176.6,172,179.8,94.85724578587546,LD Brokerage - 2431-35 Prospect Ave,Multifamily Housing,BRONX,34000,476.09,14,High Gap + Lower GHG,0.7239422084623323,0.42105263157894735,0.5724974200206399
2654608,3,80.46829923170374,83.64890960291267,113.163816718251,156,164.2,134.7,71.10097522261982,Allied - 138 East 63rd Street,Multifamily Housing,MANHATTAN,223227,2393.04,10.72,High Gap + High GHG,0.7234262125902993,0.8524251805985552,0.7879256965944272
6600302,3,80.45759725479789,90.7192674329496,87.52346873735742,181.7,191.5,149.8,101.96827611828797,2465 BROADWAY ASSOCIA: 2465 Broadway,Other / Rare,MANHATTAN,42002,483.69,11.52,High Gap + Lower GHG,0.7229102167182663,0.4298245614035088,0.5763673890608876
6449836,3,80.40244089556326,60.07761202075834,88.77349499491814,153,145.7,214.4,90.40432252309235,353 South 3rd Street,Multifamily Housing,BROOKLYN,25210,321.76,12.76,High Gap + Lower GHG,0.7223942208462333,0.21620227038183695,0.4692982456140351
21355295,3,80.33751253359806,93.3738756227739,65.40180909865332,241.2,158.7,206.6,113.2261243772261,"DSNY_3880_BX 7, BX 8, MN 8 District Garage",Vehicle Repair Services,MANHATTAN,100000,1234.52,12.35,High Gap + High GHG,0.7218782249742002,0.737874097007224,0.7298761609907121
25799963,3,80.25402465511492,77.26041923599173,92.07572214322877,178.4,162,161.7,87.67402426072398,160 HAVEMEYER STREET,Multifamily Housing,BROOKLYN,26756,330.14000000000004,12.34,High Gap + Lower GHG,0.7213622291021672,0.23374613003095976,0.4775541795665635
14889292,3,80.17504491230498,82.42379374376245,128.3037715352874,145.9,157.3,124.4,60.756476547999846,Bronx HQ3 Warehouse,Distribution Center,BRONX,30800,219.62,7.13,High Gap + Lower GHG,0.7208462332301342,0.06037151702786378,0.390608875128999
11286549,3,79.93008044549966,82.10334769552907,107.6369677742568,166.4,155.5,140.5,73.85050604596911,540 West 165th Street,Multifamily Housing,MANHATTAN,50932,470.67,9.239999999999998,High Gap + Lower GHG,0.7203302373581011,0.4153766769865841,0.5678534571723426
20787586,3,79.89618091071956,76.57512530815346,168.458109806132,139.6,117.5,125.1,48.524874691846534,UPS INC (NY) : 136-40 Springfield Boulevard,Distribution Center,QUEENS,78944,781.25,9.9,High Gap + High GHG,0.7198142414860681,0.6279669762641898,0.673890608875129
21354273,3,79.8213666047267,77.9873635685854,76.4207441931739,188.1,177,188.3,110.31263643141462,CIG > NYBG_722_NYBG: Nolen Glasshouses,Other / Rare,BRONX,45400,454.08,10,High Gap + Lower GHG,0.7192982456140351,0.3993808049535604,0.5593395252837977
4043249,3,79.76221751778223,68.90250922523497,101.85643599369973,184,145.7,143.7,77.29157160808313,920 Ave St John,Multifamily Housing,BRONX,56952,534.4399999999999,9.38,High Gap + Lower GHG,0.7187822497420021,0.47832817337461303,0.5985552115583076
12905413,3,79.74220777178915,78.89770011499718,107.1302120937805,163.3,153.9,145.1,72.05500127681334,Ruppert House Commercial,Office,MANHATTAN,51746,655.73,12.67,High Gap + High GHG,0.718266253869969,0.5696594427244582,0.6439628482972136
6187123,3,79.62753823075266,83.89451735822554,89.24085726777264,181.8,191.4,130.8,74.37697999735094,31-01 Ditmars Boulevard,Retail Store,QUEENS,44189,469.82,10.63,High Gap + Lower GHG,0.717750257997936,0.4117647058823529,0.5647574819401444
2923526,3,79.59276539480572,81.9193646597261,357.9626072842177,104.7,102,101,28.245075429996263,stop & stor baisley,Self-Storage Facility,QUEENS,58400,427.53,7.319999999999999,High Gap + Lower GHG,0.717234262125903,0.3653250773993808,0.5412796697626419
11926242,3,79.39526313448464,70.27293390214896,101.90126437168034,177.3,145.3,149.8,79.52706609785105,Audubon - NYCHA RAD,Multifamily Housing,MANHATTAN,197640,1804.9,9.13,High Gap + High GHG,0.7167182662538699,0.8065015479876161,0.761609907120743
21355668,3,79.28889608676126,68.45858516980428,66.78490852241988,239.5,193,178.5,137.48065552777942,DEP > BWSO_876_East Bronx Water Maintenance and Repair,Vehicle Repair Services,BRONX,7596,98.73,13,High Gap + Lower GHG,0.7162022703818369,0.008255933952528379,0.3622291021671826
6772267,3,79.25136407342092,91.07263485185699,82.16042044595808,213.4,123.5,187.5,96.42736514814301,607 E 139th St,Multifamily Housing,BRONX,32690,386.22,11.81,High Gap + Lower GHG,0.7156862745098039,0.31166150670794635,0.5136738906088751
6298659,3,79.22267963997173,87.97982703008151,100.39748367345354,167.1,135.5,170.9,80.84485995659757,Glen Oaks Village Section O,Multifamily Housing,QUEENS,156259,1584.63,10.14,High Gap + High GHG,0.7151702786377709,0.7874097007223942,0.7512899896800826
4409918,3,79.09203358102984,76.61136566661803,117.88660753101458,143.9,162.3,160,94.42298668492894,Eldorado Coffee Martos Realty LLC 56-75 49th St,Manufacturing/Industrial Plant,QUEENS,53143,546.69,10.29,High Gap + Lower GHG,0.7146542827657378,0.4891640866873065,0.6019091847265221
3120687,3,79.06908773728937,76.0152502129109,104.03390740509408,141.9,149.5,175.5,75.08138942735555,Winter Garden,Performing Arts,MANHATTAN,63813,1071.04,16.779999999999998,High Gap + High GHG,0.7141382868937048,0.7084623323013416,0.7113003095975232
6896033,3,79.03672323336399,77.35613464216146,105.03059378536942,161.1,149.7,152,74.64386535783854,Heritage: 25 St. Nicholas Terrace,Multifamily Housing,MANHATTAN,54390,642.16,11.81,High Gap + High GHG,0.7136222910216719,0.5583075335397317,0.6359649122807018
18054443,3,79.00731546529366,76.02854517601787,137.06381320085032,84.2,176.9,169.7,93.67145482398212,br40978-Hunter's Point Ave,Other / Rare,QUEENS,48214,697.54,14.47,High Gap + High GHG,0.7131062951496389,0.5913312693498453,0.6522187822497421
27915243,3,78.99029028387505,74.8456110496003,83.5513251090562,184.7,169.3,166.4,93.43166541167865,"30 Kenmare St, New York, NY 10012",Hotel,MANHATTAN,28190,379.66,13.47,High Gap + Lower GHG,0.7125902992776058,0.3028895768833849,0.5077399380804953
24774657,3,78.98870577290621,81.80727947430171,101.83181828681076,164.4,157.4,147.9,77.57244017224137,450 Ninth Avenue,Multifamily Housing,MANHATTAN,54947,600.12,10.92,High Gap + High GHG,0.7120743034055728,0.5319917440660474,0.62203302373581
6308730,3,78.71679088917362,47.62869720187614,112.77436328784921,217.1,110.9,110.5,62.87130279812386,3901 Fieldston Road,K-12 School,BRONX,272446,2674.3300000000004,9.82,High Gap + High GHG,0.7115583075335398,0.868421052631579,0.7899896800825594
9137338,3,78.58728465090218,73.73566839456596,98.65207985603375,157,172.8,145.9,79.44561901502368,Block Hall -  21 South William Street,Multifamily Housing,MANHATTAN,25483,302.67,11.88,High Gap + Lower GHG,0.7110423116615067,0.18111455108359134,0.446078431372549
6349046,3,78.49693906607571,69.98181433611725,91.3455870785725,145.7,154.1,194.2,85.75135737698436,249 Grand Street,Multifamily Housing,MANHATTAN,26565,379.18,14.27,High Gap + Lower GHG,0.7105263157894737,0.3018575851393189,0.5061919504643962
2691062,3,78.40295657540878,72.52070434135699,91.64493213204503,161.6,147.1,184.9,82.55878289044304,Memorial Hall,College/University,BROOKLYN,18524,312.52,16.87,High Gap + Lower GHG,0.7100103199174407,0.1996904024767802,0.4548503611971104
21355916,3,78.24179577601002,93.42023061759028,37.096217449856496,325.8,237.6,307.8,214.37976938240973,DEP > BWT_9614_Port Richmond WPCP Campus,Other / Rare,STATEN IS,358539,10223.14,28.51,High Gap + High GHG,0.7094943240454077,0.9633642930856553,0.8364293085655314
21355258,3,78.08431532139434,34.8316420043101,72.0053832068014,140.9,128.7,280.9,111.58536088836651,DOT_3473_Queensborough Bridge Ramp Shop,Vehicle Repair Services,MANHATTAN,18909.7,416.73,22.04,High Gap + Lower GHG,0.7089783281733746,0.35190918472652216,0.5304437564499483
6410098,3,78.06143676789316,80.86901893091576,132.40475258937698,157.6,140,113.6,59.2045476910501,684 Livonia,Multifamily Housing,BROOKLYN,48000,489.67,10.2,High Gap + Lower GHG,0.7084623323013416,0.43498452012383904,0.5717234262125903
25312330,3,77.71444596162671,73.1989919906187,114.97026849535163,108.3,142.8,188.2,65.50116869749222,Brooklyn Fire Proof Inc. : 535 JOHNSON AVENUE,Office,BROOKLYN,37108,435.12,11.73,High Gap + Lower GHG,0.7079463364293086,0.37409700722394224,0.5410216718266254
12007498,3,77.70271846157713,73.91524670371892,84.90861322235611,183.2,159.4,164.6,90.68475329628107,Kolind Realty Corp,Multifamily Housing,BROOKLYN,26870,259.97999999999996,9.68,High Gap + Lower GHG,0.7074303405572755,0.1130030959752322,0.41021671826625383
2831120,3,77.64483907231723,71.55117088024943,82.03765295359278,194.9,160.8,160.2,88.64882911975056,MILL BROOK (SITES 5-9) - 2025480001,Multifamily Housing,BRONX,1158740,11646.94,10.05,High Gap + High GHG,0.7069143446852425,0.9705882352941176,0.8387512899896801
10063102,3,77.62350996855437,35.65626569402143,91.09400627176818,90.8,280.1,121,85.34373430597857,Andrews: 345 Greenwich St,Multifamily Housing,MANHATTAN,31063,259.96999999999997,8.370000000000001,High Gap + Lower GHG,0.7063983488132095,0.11248710010319918,0.40944272445820434
2657939,3,77.59834087577154,50.03914225415237,108.95550809251795,121.6,119.1,205.4,71.51400559622239,Pinnacle - 2 West 120th St,Multifamily Housing,MANHATTAN,77093,1104.91,14.33,High Gap + High GHG,0.7058823529411765,0.7146542827657378,0.7102683178534572
2831067,3,77.57976061124171,76.6473724719826,98.14782942928014,164.6,149.5,155.7,79.05262752801738,HOLMES TOWERS,Multifamily Housing,MANHATTAN,387500,3834.26,9.89,High Gap + High GHG,0.7053663570691434,0.9024767801857585,0.803921568627451
21354988,3,77.53207929891715,76.69454467904828,95.50222375084661,143.3,173.3,160.5,83.80545532095172,Benchmarking Group - 80,Library,MANHATTAN,62710,896.75,14.3,High Gap + High GHG,0.7048503611971104,0.6640866873065016,0.684468524251806
21354475,3,77.39765577777696,92.1743111309198,84.565239834957,188.1,177.8,144.4,97.01015153686828,FIT_6453_Feldman Center (C Building),College/University,MANHATTAN,310076,5153.89,16.62,High Gap + High GHG,0.7043343653250774,0.9205366357069144,0.8124355005159959
6675130,3,77.36004413458426,78.90812157486816,95.20747299016237,162.1,148.1,165.7,80.12002901440283,Gateway Property Managers - 1953 70th st,Multifamily Housing,BROOKLYN,38280,370.25,9.67,High Gap + Lower GHG,0.7038183694530443,0.2884416924664603,0.4961300309597523
21355910,3,77.28153401244961,89.52578134067409,41.50334428954556,274.2,239.5,277.5,186.76955439782415,DEP > BWT_859_Wards Island WPCP Campus,Other / Rare,MANHATTAN,1546246,46043.34,29.78,High Gap + High GHG,0.7033023735810113,0.9958720330237358,0.8495872033023736
21354995,3,77.12119012147899,81.08346452784545,69.51144475205476,192.6,179.9,191.7,110.4540883471454,Benchmarking Group - 82,Other - Lodging/Residential,NA,41872,670,16,High Gap + High GHG,0.7027863777089783,0.5779153766769866,0.6403508771929824
6272350,3,77.08745663212738,72.67149376784118,106.64131635089166,161.7,143.8,142.4,72.01693907817831,Broadway Greystone,Multifamily Housing,MANHATTAN,214011,2090.74,9.77,High Gap + High GHG,0.7022703818369453,0.8333333333333334,0.7678018575851393
15053489,3,77.06932775476413,69.08511237652266,93.36077187249646,148,153.3,178.6,80.58248129225295,The Westin New York Grand Central,Hotel,MANHATTAN,474401,5490.2,11.57,High Gap + High GHG,0.7017543859649122,0.9262125902992776,0.8139834881320949
18083205,3,76.81548542046528,77.52933303113124,123.8426665421702,143.1,138.7,134.8,62.827944767811786,Kraus: 225 WEST 123 STREET,Multifamily Housing,MANHATTAN,105881,869.98,8.219999999999999,High Gap + High GHG,0.7012383900928792,0.6568627450980392,0.6790505675954592
16817804,3,76.77940055391446,76.3307316801695,88.49624177697076,164.9,171.3,154.5,85.9485360437483,449 Audubon Avenue,Multifamily Housing,MANHATTAN,31250,387.51,12.4,High Gap + Lower GHG,0.7007223942208463,0.3126934984520124,0.5067079463364293
4411653,3,76.62356198787846,76.73906030404721,104.53557424969844,176.7,122.8,149.4,72.66093969595279,Stellar - 600 West 136th Street,Multifamily Housing,MANHATTAN,61912,586.3,9.47,High Gap + High GHG,0.7002063983488133,0.5201238390092879,0.6101651186790507
6261003,3,76.591535298913,102.99755641413627,69.4893557880204,212.6,229.2,116.5,107.99305785545779,691 92nd Street,Residential Care Facility,BROOKLYN,161669,1682.2,10.41,High Gap + High GHG,0.6996904024767802,0.7961816305469557,0.7479360165118679
4895628,3,76.45917823589495,74.43577198438007,84.18620421372304,167.9,173,161.1,89.20749429795437,A&E - Queens - 37-06 81st Street,Multifamily Housing,QUEENS,31471,330.40999999999997,10.5,High Gap + Lower GHG,0.6991744066047472,0.2347781217750258,0.46697626418988647
21354996,3,76.44430644492017,77.20103324712038,67.88541349078541,193.6,180.9,192.7,111.42181083636618,DHS_1115_Classified DHS Location,Other - Lodging/Residential,NA,41446,665.3599999999999,16.05,High Gap + High GHG,0.6986584107327142,0.5748194014447885,0.6367389060887514
13450382,3,76.42958980965668,84.05216269114153,78.72362515814646,154.4,181.7,184.6,96.34687420134813,Bryant Park Hotel - 40 West 40th Street,Hotel,MANHATTAN,125035,2091.62,16.73,High Gap + High GHG,0.6981424148606811,0.8338493292053664,0.7659958720330238
4509443,3,76.40807347737042,79.42035988146665,42.656913532129224,264.5,261.1,240.5,171.03362256214334,CO/VZT/82-23 BROADWAY/ELMHURST/NY,Data Center,QUEENS,139527,3834.16,27.479999999999997,High Gap + High GHG,0.6976264189886481,0.9019607843137255,0.7997936016511868
6821255,3,76.36186047678112,77.62888496862314,77.87782503737206,174,175.8,174,96.37111503137686,LD Brokerage - 2434 Prospect Ave,Multifamily Housing,BRONX,32850,442.8,13.48,High Gap + Lower GHG,0.6971104231166151,0.38390092879256965,0.5405056759545923
6282561,3,76.05322400953925,76.22517486587905,94.2230162091075,158.7,151.4,160.2,80.58684468777724,Cornerstone: 27 Great Jones,Multifamily Housing,MANHATTAN,33813,376.65,11.14,High Gap + Lower GHG,0.6965944272445821,0.2977296181630547,0.4971620227038184
21355606,3,76.03341478432876,75.54047747000561,80.16873861680202,167.2,162.6,182.6,99.4628341625403,DPR_3532_Asser Levy Recreation Center and Pool,Fitness Center/Health Club/Gym,NA,18902,270.83,14.33,High Gap + Lower GHG,0.696078431372549,0.1259029927760578,0.4109907120743034
4410272,3,76.01870656742427,89.17227559458831,74.00985259293714,191.8,153.6,191.7,102.52772440541167,Standard Hotel,Hotel,MANHATTAN,219359,3429.12,15.63,High Gap + High GHG,0.695562435500516,0.8926728586171311,0.7941176470588236
26649204,3,75.96709057553164,77.76178905970777,94.68217510676696,159.3,157.2,152.1,79.83575788823295,1400 Benson Street,Multifamily Housing,BRONX,55272,573.06,10.37,High Gap + High GHG,0.695046439628483,0.5113519091847265,0.6031991744066048
5846255,3,75.90697221569347,62.047818373682816,114.5635385213265,174.8,127.2,124.6,67.43710090671756,393-399 Lafayette Street (Parent Property),Office,MANHATTAN,129475,1071,8.27,High Gap + High GHG,0.6945304437564499,0.7079463364293086,0.7012383900928792
4407800,3,75.8221518639442,14.295797398069354,104.7123317441654,89.4,278.4,79.7,72.70909856861245,18 Gramercy Park South,Multifamily Housing,MANHATTAN,85729,573.99,6.7,High Gap + High GHG,0.6940144478844169,0.5118679050567595,0.6029411764705882
25178223,3,75.80972132132129,74.77307713359099,107.63612866964655,158.4,143.9,136.1,69.28614433505886,50 Varick Street,Office,MANHATTAN,274871,3706.98,13.49,High Gap + High GHG,0.6934984520123839,0.8978328173374613,0.7956656346749227
10550378,3,75.69376849938945,78.1562678616414,92.97309171059186,157.2,157,158,79.8437321383586,SMA: 1491 3 Ave,Office,MANHATTAN,31272,560.6800000000001,17.93,High Gap + High GHG,0.6929824561403509,0.5020639834881321,0.5975232198142415
2831136,3,75.5827140645335,77.42540910693126,88.92485984466217,162.5,158.6,161.7,90.90203071523777,OCEAN HILL APARTMENTS,Multifamily Housing,BROOKLYN,236500,2425.51,10.26,High Gap + High GHG,0.6924664602683178,0.8539731682146543,0.7732198142414861
20965234,3,75.42406463314984,54.31265532459117,153.07779043713774,170.2,104,100.3,49.579266141234804,1213 Grand St - Child Property,Non-Refrigerated Warehouse,BROOKLYN,39900,243.67,6.109999999999999,High Gap + Lower GHG,0.6919504643962848,0.08720330237358101,0.3895768833849329
19721364,3,75.41754445009417,67.65405019097234,71.68280131741868,204.8,160.5,177.4,109.74594980902766,Ludlow Hotel - 180 Ludlow st,Hotel,MANHATTAN,82411,1126.64,13.67,High Gap + High GHG,0.6914344685242518,0.718266253869969,0.7048503611971104
6690757,3,75.39228803649037,82.13945807748728,65.81301344424276,217.5,199.4,162.2,126.40726004691673,271-273 Bainbridge Street,Multifamily Housing,BROOKLYN,5250,57.620000000000005,10.98,High Gap + Lower GHG,0.6909184726522187,0.0025799793601651187,0.3467492260061919
6812459,3,75.3520927212876,72.23351307273747,86.66331755566905,160.4,159.7,167.6,83.85447661458305,400 9th Avenue - CHILD,Retail Store,MANHATTAN,40087,773.23,19.29,High Gap + High GHG,0.6904024767801857,0.6248710010319918,0.6576367389060888
4473962,3,74.98926990348977,24.894267169373407,59.880552085437465,302,147.1,146.6,121.70573283062659,MILL BROOK/MILL BROOK EXTENSION CAMPUS,Multifamily Housing,BRONX,1288340,12004.8,9.32,High Gap + High GHG,0.6898864809081527,0.9721362229102167,0.8310113519091847
2817156,3,74.879714363245,73.48578541295564,102.16231167183497,144.7,145.5,154.4,73.46768424201606,1 Seaman Avenue,Multifamily Housing,MANHATTAN,72743,887.02,12.19,High Gap + High GHG,0.6893704850361198,0.6615067079463365,0.6754385964912282
15667719,3,74.63251401649461,80.28358249397726,111.61318394387058,166.3,145.1,121,66.69699293472594,118 Madison Avenue,Residence Hall/Dormitory,MANHATTAN,34372,318.03,9.25,High Gap + Lower GHG,0.6888544891640866,0.21001031991744065,0.44943240454076366
6317590,3,74.60329577669854,75.52255636826722,100.97391655623996,150.2,151.8,143.4,72.43144769583499,81-09 41st Avenue (Elmhurst Terrace),Multifamily Housing,QUEENS,25763,291.84000000000003,11.33,High Gap + Lower GHG,0.6883384932920537,0.16150670794633643,0.42492260061919507
6300112,3,74.45355091529167,62.375551104863646,70.4911521840798,171.2,168,202.3,103.68553541639223,2 Times Square,Hotel,MANHATTAN,233561,4414.98,18.9,High Gap + High GHG,0.6878224974200207,0.913312693498452,0.8005675954592364
6773428,3,74.44854037331028,72.39481963244678,107.26916332417996,156.8,141.9,132.8,69.12785719580201,210 Fifth Ave,Office,MANHATTAN,36485,377.57,10.35,High Gap + Lower GHG,0.6873065015479877,0.29927760577915374,0.4932920536635707
2976237,3,74.37485650842754,74.98262953001218,101.8090265120662,148.4,127,167.6,72.05170614877514,Prince Center Condominium,Office,QUEENS,85603,1060.71,12.39,High Gap + High GHG,0.6867905056759546,0.7048503611971104,0.6958204334365325
6688837,3,74.37216742258465,70.8978429859755,88.17384835271461,168.8,153.7,153.4,83.48525266559939,THREE IN ONE EQUITIES (530 WEST 163RD ST),Multifamily Housing,MANHATTAN,33522,311.86,9.3,High Gap + Lower GHG,0.6862745098039216,0.19762641898864808,0.4419504643962848
6695966,3,74.32309445800689,67.74934063410747,93.44335767225522,149.6,140.2,171.7,79.69936438716734,600 West 138th Street,Multifamily Housing,MANHATTAN,46716,543.73,11.64,High Gap + Lower GHG,0.6857585139318886,0.4855521155830753,0.5856553147574819
16375863,3,74.1076960666057,76.91303259186051,85.62209175642342,165.6,153.6,162.7,85.78696740813947,167 Lenox Road,Multifamily Housing,BROOKLYN,30575,289.48999999999995,9.47,High Gap + Lower GHG,0.6852425180598555,0.15737874097007223,0.42131062951496384
6668227,3,74.08648376361377,61.72022912037803,125.46017462010117,120.4,162.3,116.9,59.784955566880065,38 East 19th Street,Office,MANHATTAN,128964,1311.78,10.17,High Gap + High GHG,0.6847265221878225,0.7554179566563467,0.7200722394220846
4954137,3,74.0316350103144,78.89701232435117,101.99496418039608,200.8,152.1,88.3,73.8289068057385,Related Retail Hub - 2,Office,BRONX,154051,1284.56,8.34,High Gap + High GHG,0.6842105263157895,0.7487100103199175,0.7164602683178535
12371990,3,73.98426855286613,81.19161105005593,95.7688399567654,126.3,158,170.4,76.65051824513453,West Kingsbridge LLC,Multifamily Housing,BRONX,79000,872.59,11.05,High Gap + High GHG,0.6836945304437565,0.6573787409700722,0.6705366357069144
7524931,3,73.97737242025578,91.81684907913025,93.23620525675943,177.3,169.6,111.1,76.01580784341316,Clinton Hill GP LLC,Multifamily Housing,BROOKLYN,32400,213.34,6.58,High Gap + Lower GHG,0.6831785345717234,0.05521155830753354,0.36919504643962847
9601920,3,73.87293514702974,91.72063663333228,89.98494275917952,122.9,172.8,173.9,81.99804260772491,608 WEST 177 STREET,Multifamily Housing,MANHATTAN,36250,490.48,13.53,High Gap + Lower GHG,0.6826625386996904,0.4360165118679051,0.5593395252837977
10823300,3,73.81810749626123,75.27263560733438,120.53451840885575,137.4,132.7,135.2,59.92736439266561,1023 Broadway,Multifamily Housing,BROOKLYN,25200,239.93,9.52,High Gap + Lower GHG,0.6821465428276574,0.08307533539731682,0.3826109391124871
6772257,3,73.78039773285508,75.30529968072327,89.37839419896422,151.1,155.2,164,81.31653956597307,593 E 141st St,Multifamily Housing,BRONX,40845,439.9899999999999,10.77,High Gap + Lower GHG,0.6816305469556243,0.38183694530443757,0.5317337461300309
6261104,3,73.76852463615165,75.99590358882047,102.66330304062686,136.9,143.5,157.7,81.4452002592025,19 West 45th LLC,Mixed Use Property,MANHATTAN,40875,472.37,11.56,High Gap + Lower GHG,0.6811145510835913,0.4169246646026832,0.5490196078431373
6568883,3,73.65625394796065,74.18730166434585,120.98919873247728,134.1,136.1,133.5,62.17169733242746,Marcy Hart,Multifamily Housing,BROOKLYN,30270,290.92999999999995,9.61,High Gap + Lower GHG,0.6805985552115583,0.15789473684210525,0.4192466460268318
18305197,3,73.65343323070431,71.97133494965254,167.27147241157763,101.7,115.8,134.9,47.649711719385316,1325 Jerome Avenue,Multifamily Housing,BRONX,215554,1972.09,9.15,High Gap + High GHG,0.6800825593395253,0.8224974200206399,0.7512899896800826
21355288,3,73.5811390967837,65.40528058858013,76.96525849189398,190.1,156.7,160.8,95.39471941141989,DPR_3739_Red Hook Recreation Center,Fitness Center/Health Club/Gym,BROOKLYN,27069,310.54,11.47,High Gap + Lower GHG,0.6795665634674922,0.19349845201238391,0.43653250773993807
21355695,3,73.55282580031272,79.76930876636517,62.03516788870457,200.3,193.9,184.1,124.66117434207118,"FDNY_4234_Engine Co. 326 and Ladder Co. 160, Batt. 53",Fire Station,QUEENS,8862,126.06,14.22,High Gap + Lower GHG,0.6790505675954592,0.011351909184726523,0.34520123839009287
2830987,3,73.4815204093948,78.17696752759771,89.90022205506992,130,172.1,163.7,85.52303247240228,CASSIDY-LAFAYETTE,Multifamily Housing,STATEN IS,251380,2554.18,10.16,High Gap + High GHG,0.6785345717234262,0.8617131062951496,0.7701238390092879
16754542,3,73.43078857869266,78.08131377699902,84.96444066890541,152.7,163.5,164.2,86.11868622300096,Manhattan North: 46 WEST 111 ST,Multifamily Housing,MANHATTAN,27927,283.02,10.13,High Gap + Lower GHG,0.6780185758513931,0.14602683178534573,0.4120227038183694
4472913,3,73.37564935369785,26.98510172741652,60.027295412519926,288.9,147.3,152.2,125.21489827258347,BRONX RIVER/BRONX RIVER ADDITION CAMPUS,Multifamily Housing,BRONX,1371120,13006.87,9.49,High Gap + High GHG,0.6775025799793601,0.9767801857585139,0.827141382868937
6283099,3,73.35235574213237,69.72206899223418,66.67234795512556,179.4,189.4,183.9,118.38791179766794,EASTWOOD MANOR,Other / Rare,BRONX,25490,322.25,12.64,High Gap + Lower GHG,0.6769865841073271,0.21775025799793601,0.4473684210526316
2831118,3,73.23096235034069,75.05040500293788,88.15006794340277,168.4,157.6,143.1,83.84898017028242,Wavecrest - Middletown Plaza - 3033 Middletown Road,Multifamily Housing,BRONX,150800,1346.95,8.93,High Gap + High GHG,0.6764705882352942,0.7585139318885449,0.7174922600619196
6620583,3,73.17704705151543,67.41122100308847,91.92180201254824,141.5,146.2,171.3,78.7899875402813,43-45 East 19th Street Owners Corp.,Multifamily Housing,MANHATTAN,33150,488.06,14.72,High Gap + Lower GHG,0.675954592363261,0.43343653250773995,0.5546955624355006
2789700,3,73.16007118848762,83.89210705041214,100.57692136286725,179.4,155.2,103,72.95348798421047,601 W 190th St,Multifamily Housing,MANHATTAN,63317,504.3,7.96,High Gap + Lower GHG,0.6754385964912281,0.4520123839009288,0.5637254901960784
9603714,3,73.15881933879021,70.88694804437638,89.8905262873165,134.5,153,180.2,78.27337891143388,889 Saint Nicholas Avenue,Multifamily Housing,MANHATTAN,40681,566.3299999999999,13.92,High Gap + High GHG,0.6749226006191951,0.5061919504643962,0.5905572755417956
2663778,3,73.14331326776443,42.14808232762131,88.3718109910371,121.4,104.1,234.3,85.33327172392976,Pinnacle CHILD - 426 East 22 Street,Multifamily Housing,BROOKLYN,28000,402.72,14.38,High Gap + Lower GHG,0.6744066047471621,0.33384932920536636,0.5041279669762642
4441631,3,73.12566495430976,77.69479446531612,66.79817894009226,174.2,181.3,193.1,115.40520553468387,Sea Crest Nursing and Rehabilitation Center,Senior Living Community,BROOKLYN,106000,1597.09,15.07,High Gap + High GHG,0.673890608875129,0.7879256965944272,0.730908152734778
12899756,3,73.11535177486658,82.63740489429765,109.42764274060005,154.6,107.2,157,64.63592087084552,125 East 85th Street,K-12 School,MANHATTAN,76982,942.12,12.239999999999998,High Gap + High GHG,0.673374613003096,0.6764705882352942,0.6749226006191951
8645774,3,73.09331424583829,55.4966051111839,88.8382833757683,199.8,137.7,128.2,81.65555367761878,1751 Park Avenue,Office,MANHATTAN,35674,404.97,11.35,High Gap + Lower GHG,0.672858617131063,0.3369453044375645,0.5049019607843137
12819312,3,72.9095240012978,70.95359127558999,68.57618990162521,184,174.8,179.3,108.34640872441003,Hampshire Hotels: 210 WEST 55 STREET,Hotel,MANHATTAN,93819,1397.73,14.9,High Gap + High GHG,0.6723426212590299,0.7667698658410733,0.7195562435500515
6261052,3,72.88349224641874,84.8120281619448,82.51789176672116,176,192.8,111.9,83.32663936776393,177 West 26th Street,Multifamily Housing,MANHATTAN,31960,305.72999999999996,9.57,High Gap + Lower GHG,0.6718266253869969,0.1867905056759546,0.42930856553147573
8151625,3,72.7102677739893,71.32272395499844,67.80573106772748,171.3,189.1,180.6,109.27727604500156,163-03 89 Avenue,Other - Lodging/Residential,QUEENS,39000,544.2700000000001,13.96,High Gap + Lower GHG,0.6713106295149639,0.48606811145510836,0.5786893704850361
21354971,3,72.61564199003615,71.26842727008876,55.911402440878675,238.5,199.2,168.5,128.80439958942233,DPR_3573_Pelham Fritz Recreation Center,Fitness Center/Health Club/Gym,NA,11827,184.11,15.57,High Gap + Lower GHG,0.6707946336429309,0.030959752321981424,0.3508771929824562
6619957,3,72.60146698551753,72.76814419337133,92.98997037707153,159.5,144.6,148.2,75.43185580662866,82-94 Rockaway Parkway,Multifamily Housing,BROOKLYN,73100,637.1700000000001,8.719999999999999,High Gap + High GHG,0.6702786377708978,0.5572755417956656,0.6137770897832817
6595123,3,72.4859279313878,69.0810605030348,100.2634407610545,152.2,139.9,142.5,74.65238097101887,RP 82 LLC,Mixed Use Property,BROOKLYN,39110,334.48999999999995,8.55,High Gap + Lower GHG,0.6697626418988648,0.24045407636738905,0.4551083591331269
6282770,3,72.45963361053462,84.66285572706683,105.38500156754907,108.2,153.7,162,68.35156655353684,MCP: 38-39 Bell Blvd,Office,QUEENS,43588,556.4,12.76,High Gap + High GHG,0.6692466460268318,0.5,0.5846233230134159
21354530,3,72.27042543783817,84.26260090767803,55.04201786542511,215.8,169.6,224.1,132.0945122777876,FDNY_3998_EMS 38,Other / Rare,BROOKLYN,9800,139.92000000000002,14.28,High Gap + Lower GHG,0.6687306501547987,0.014963880288957688,0.3418472652218782
2831072,3,72.23822668195795,44.065342013649584,80.65529656304173,224,124.7,138.9,94.83465798635042,HUGHES APARTMENTS,Multifamily Housing,BROOKLYN,506800,4495.56,8.870000000000001,High Gap + High GHG,0.6682146542827657,0.9153766769865841,0.791795665634675
3120476,3,72.16980462933914,68.76592830046745,105.88167418603095,135.6,149.4,136.3,67.53407169953256,Sardi Building,Office,MANHATTAN,60922,697.4,11.45,High Gap + High GHG,0.6676986584107327,0.5908152734778122,0.6292569659442724
12483133,3,72.1639743046563,73.38720350162238,108.37979710823117,146.9,129.9,139.3,65.91279649837763,Amna LLC,Office,MANHATTAN,97785,1335.79,13.66,High Gap + High GHG,0.6671826625386997,0.7574819401444789,0.7123323013415893
3579489,3,72.08743953761362,65.21866219759936,102.3870343116824,126.2,165.2,136.6,71.38133780240064,The Laurel,Multifamily Housing,MANHATTAN,278059,3016.3900000000003,10.85,High Gap + High GHG,0.6666666666666666,0.8828689370485037,0.7747678018575852
4943431,3,72.0694934362175,74.64067523071607,74.33603002194413,171.7,172.8,162.6,97.19716572049731,1276 Fulton Franklin Division,Other / Rare,BRONX,331624,4060.08,12.239999999999998,High Gap + High GHG,0.6661506707946336,0.9066047471620227,0.7863777089783281
6301281,3,72.05704213350727,83.0613787416573,82.94259219514876,184.1,167.5,125.2,87.20628176400692,1370 Eastern Parkway,Multifamily Housing,BROOKLYN,31000,256.77,8.28,High Gap + Lower GHG,0.6656346749226006,0.10990712074303406,0.3877708978328174
15273235,3,71.99344766913794,73.81393790901554,86.8921585180298,162,154.6,148.2,84.45181923132921,269 Associates LLC,Multifamily Housing,NA,37353,443.89,11.88,High Gap + Lower GHG,0.6651186790505675,0.38596491228070173,0.5255417956656346
11986540,3,71.98315654245657,73.65888829601482,142.99737297843998,134.1,113,123.2,43.62764878167382,UPS: 45-06 56 Rd,Non-Refrigerated Warehouse,QUEENS,409473,3803,9.29,High Gap + High GHG,0.6646026831785345,0.9009287925696594,0.782765737874097
12902586,3,71.96763370746082,68.70097241729155,93.98469784506499,158.5,145.1,141.8,75.15427501598178,135-21 37 AVENUE,Hotel,QUEENS,27548,325.37,11.81,High Gap + Lower GHG,0.6640866873065016,0.2260061919504644,0.445046439628483
27957163,3,71.74756709890924,73.6545860740263,129.559865536986,131.3,129.1,121,55.523118915533715,183-02 Union Turnpike,Worship Facility,QUEENS,34200,279.81,8.18,High Gap + Lower GHG,0.6635706914344686,0.1434468524251806,0.4035087719298246
6820300,3,71.57640591111911,69.16324735254281,98.85502298754943,166,141.3,123.8,70.41141549670452,281 Park Avenue South,Museum,MANHATTAN,33610,435.46,12.96,High Gap + Lower GHG,0.6630546955624355,0.37564499484004127,0.5193498452012384
6812342,3,71.55638393068651,74.19938289373026,99.05433891257897,147.7,136.4,147.2,71.95287727323159,ABC: 2020 Broadway,Multifamily Housing,MANHATTAN,52008,531.13,10.21,High Gap + Lower GHG,0.6625386996904025,0.47471620227038186,0.5686274509803921
21355248,3,71.45740196207949,70.71759684908096,82.4192183805161,158.9,146,171.6,83.30953678831943,DOHMH_3452_Brownsville Health Center,Urgent Care/Clinic/Other Outpatient,BROOKLYN,32472,403.09,12.41,High Gap + Lower GHG,0.6620227038183695,0.3348813209494324,0.4984520123839009
8542657,3,71.18624551502944,72.94049606756994,74.49145612985963,168.2,164.2,168.8,101.36315056558422,GS Portfolio 4181 (Staten Island),Other / Rare,STATEN IS,184067,2396.9100000000003,13.02,High Gap + High GHG,0.6615067079463365,0.8529411764705882,0.7572239422084623
2731076,3,71.11608136958674,68.57023791665155,55.519682815487634,181.1,226.1,192.2,123.62976208334844,Chapin Home for the Aging - 165-01 Chapin Parkway,Senior Living Community,QUEENS,53770,768.23,14.29,High Gap + High GHG,0.6609907120743034,0.6243550051599587,0.6426728586171311
2831054,3,71.09679002621877,70.32053124122807,70.66529830078798,165.6,180,169.7,99.37946875877192,GUN HILL,Multifamily Housing,BRONX,686350,7186.969999999999,10.47,High Gap + High GHG,0.6604747162022704,0.9447884416924665,0.8026315789473684
6282742,3,71.0689917214589,85.54705757656745,92.3309231135069,117.5,164.8,163.8,78.25294242343256,Leor: 601 West 140th Street,Multifamily Housing,MANHATTAN,45860,459.29,10.02,High Gap + Lower GHG,0.6599587203302374,0.40299277605779155,0.5314757481940144
6375808,3,70.97485773985518,70.56718970018214,107.96696245018111,141.1,131.1,138,67.43281029981786,Plaza Co-op City LLC,Retail Store,BRONX,139954,1635.51,11.69,High Gap + High GHG,0.6594427244582043,0.7905056759545923,0.7249742002063984
20787588,3,70.59985945773886,73.82090474752404,145.67784945377548,128,120.7,108.5,46.036198696408604,UPS INC (NY) : 4215 Boston Post Road,Non-Refrigerated Warehouse,BRONX,72248,549.89,7.609999999999999,High Gap + Lower GHG,0.6589267285861713,0.49432404540763675,0.576625386996904
4509447,3,70.20323753873724,58.737554623969686,34.786491598462256,338.4,255.8,213.5,195.06136814310017,CO/VZT/71-40 164TH ST/FRESH MEADOWS/NY,Data Center,QUEENS,76285,1840.25,24.12,High Gap + High GHG,0.6584107327141383,0.8101135190918473,0.7342621259029928
21355481,3,70.17078900428542,68.76789953708393,86.34398210026671,144.7,148.2,162.4,80.12619988066952,NYPL_4602_Epiphany Branch Library,Library,MANHATTAN,13615,210.04,15.43,High Gap + Lower GHG,0.6578947368421053,0.05263157894736842,0.35526315789473684
2789420,3,70.1407988478027,69.58888124139406,95.35491819139615,140,142.2,149.1,73.0790103149688,535 West 135th Street,Multifamily Housing,MANHATTAN,65705,658.64,10.02,High Gap + High GHG,0.6573787409700722,0.5712074303405573,0.6142930856553148
2812174,3,70.08581368114963,67.56246281420762,89.38458117391394,141.6,157.6,147.1,79.53753718579237,1460 Macombs Rd,Multifamily Housing,BRONX,74085,730.64,9.86,High Gap + High GHG,0.6568627450980392,0.6078431372549019,0.6323529411764706
5859241,3,70.05585833443193,70.71297773385326,116.64097088303814,145.4,129.4,115.5,60.43069684670857,36-01 37th Avenue,Office,QUEENS,57820,700.9399999999999,12.12,High Gap + High GHG,0.6563467492260062,0.5933952528379773,0.6248710010319918
9127723,3,69.97069001445564,71.27810137088085,79.71717754479182,156.1,159.7,157.7,86.42189862911914,64 Graham Avenue,Multifamily Housing,BROOKLYN,25910,262.03,10.11,High Gap + Lower GHG,0.6558307533539731,0.1150670794633643,0.3854489164086687
4951675,3,69.95502900673073,62.35575069227268,90.81072833490357,164.1,137.9,138.4,76.15901057973512,160 East 88th Street,Multifamily Housing,MANHATTAN,110132,1021.88,9.28,High Gap + High GHG,0.6553147574819401,0.6934984520123839,0.674406604747162
2897089,3,69.92849377910991,51.77559470880229,83.5382427268766,137.4,89,232.2,83.30413058390809,111-05 66th Avenue AKA 66-01 110th Street (Parent Property),Multifamily Housing,QUEENS,105201,1872.8,17.8,High Gap + High GHG,0.6547987616099071,0.8152734778121775,0.7350361197110423
3112081,3,69.88812715009483,79.572467376013,104.47489923229887,146.8,147.1,117,68.1758475218801,H&K 833 ASSOCIATES - 7W45,Office,MANHATTAN,76344,747.7900000000001,9.8,High Gap + High GHG,0.6542827657378741,0.6160990712074303,0.6351909184726523
21354278,3,69.85363489917249,63.56504781548449,25.167718113660957,372,333.6,335.2,271.6349521845155,CIG > NYBG_727_NYBG: Pfizer Plant Research Laboratory,Laboratory,BRONX,24880,679.62,27.32,High Gap + High GHG,0.653766769865841,0.5830753353973168,0.618421052631579
2826120,3,69.82401474915058,75.25538952076076,39.67850294148591,257.7,250.9,227.7,171.5651228973537,Morton Williams,Supermarket/Grocery Store,MANHATTAN,29006,696.12,24,High Gap + High GHG,0.653250773993808,0.5902992776057792,0.6217750257997936
25745753,3,69.81758977433616,83.09276037311041,94.51166294753413,158.6,151.6,154,67.26764341400845,3045 West 29th Street,Multifamily Housing,BROOKLYN,90000,1290.85,14.34,High Gap + High GHG,0.652734778121775,0.7497420020639834,0.7012383900928792
3070163,3,69.55579045595967,71.21864538100127,90.25690509472578,156,147.8,135.8,75.92332243504458,131 East 21st Street,Multifamily Housing,BROOKLYN,75043,599.8299999999999,7.99,High Gap + High GHG,0.6522187822497421,0.5314757481940144,0.5918472652218782
21099392,3,69.52711933636816,70.57248501123361,84.234628943169,153.9,151.6,150.8,83.498650181192,Campus - 204-218 East 165 Street,Multifamily Housing,BRONX,55080,647.3,11.75,High Gap + High GHG,0.651702786377709,0.563983488132095,0.607843137254902
20659034,3,69.47213555905927,69.36257608415332,109.57822337464826,133.5,138.4,126.8,63.44549341470199,236 5th Avenue,Office,MANHATTAN,65247,692.01,10.61,High Gap + High GHG,0.651186790505676,0.5877192982456141,0.619453044375645
3426673,3,69.4617866798808,66.29930752276613,65.67004118242605,189.9,172,164,106.41617937920901,10017 23rd Avenue,Senior Living Community,QUEENS,99990,1264.1699999999998,12.64,High Gap + High GHG,0.650670794633643,0.7471620227038184,0.6989164086687307
2771493,3,69.3979297861568,59.92614276641595,92.47476279946207,128.6,171.3,135.3,75.37385723358406,Three In One Equities. LLC - 520,Multifamily Housing,MANHATTAN,53384,464.48,8.7,High Gap + Lower GHG,0.6501547987616099,0.40815273477812175,0.5291537667698658
11760467,3,69.33376040949788,73.26021176497825,91.15011978960993,176.2,148.5,110.7,75.12162162982905,Heritage: 421 Audubon Ave,Multifamily Housing,MANHATTAN,31323,237.11,7.57,High Gap + Lower GHG,0.6496388028895769,0.07997936016511868,0.36480908152734776
26575549,3,69.331254501194607,68.37343925662576,92.14822082977331,148.6,142.2,142.9,74.78605286547638,4525 Henry Hudson Parkway,Multifamily Housing,BRONX,180313,1546.2,8.58,High Gap + High GHG,0.6491228070175439,0.7832817337461301,0.7162022703818369
1272226,3,69.2261734565255,67.26575508614297,92.5421815214123,140.4,131.8,159.7,82.29842022425633,PENN 1 (LL97),Office,MANHATTAN,2488353,26264.82,10.56,High Gap + High GHG,0.6486068111455109,0.9927760577915377,0.8206914344685243
23955040,3,69.22405983461083,61.10738872938617,58.92200912092068,182.6,201.9,178.5,121.03985752055132,Winking Group,Other / Rare,MANHATTAN,35358,644.38,18.22,High Gap + High GHG,0.6480908152734778,0.5619195046439629,0.6050051599587203
4409117,3,69.08427485324789,78.12705636102952,81.47900976662561,124.3,172.2,165.5,87.37294363897048,"Beach 65, LLC",Other - Lodging/Residential,QUEENS,65000,747.59,11.5,High Gap + High GHG,0.6475748194014448,0.6155830753353974,0.631578947368421
21967832,3,68.9596456306271,72.74292709074274,88.23455771295697,155.9,149.4,138.5,84.67019697695669,Evolution - 560 Seventh Avenue (Margaritaville Resort Times Square),Hotel,MANHATTAN,159442,2034.44,12.76,High Gap + High GHG,0.6470588235294118,0.8286893704850361,0.737874097007224
25744460,3,68.83483217615365,68.67056063819909,88.85934501889896,156.2,135.5,147,78.32943936180091,St. Lucy's 103 (2158),Multifamily Housing,MANHATTAN,49202,472.66,9.61,High Gap + Lower GHG,0.6465428276573787,0.41744066047471623,0.5319917440660474
15631535,3,68.81791307549344,67.73763663496669,145.3989349441882,128.9,113.9,106,48.96052535955517,492 -  475 Clermont,Multifamily Housing,BROOKLYN,379668,2568.4700000000003,6.7700000000000005,High Gap + High GHG,0.6460268317853457,0.8637770897832817,0.7549019607843137
6225091,3,68.77461102125685,74.44207161628988,85.50687847833878,130.3,162.1,156.6,82.15792838371011,2659 BROADWAY - 44243,Multifamily Housing,MANHATTAN,41396,522.62,12.62,High Gap + Lower GHG,0.6455108359133127,0.46697626418988647,0.5562435500515996
4949659,3,68.65547038462815,67.1387258629096,86.50386683730046,158.7,138.4,146.7,79.5612741370904,2141 Holland Avenue,Multifamily Housing,BRONX,72000,686.88,9.54,High Gap + High GHG,0.6449948400412797,0.5851393188854489,0.6150670794633644
4175577,3,68.60101803560251,68.35191097965884,69.3853689486278,167.2,164.5,170.8,100.69228505180467,2480-Algonquin Hotel,Hotel,MANHATTAN,88917,1249.74,14.06,High Gap + High GHG,0.6444788441692466,0.7440660474716202,0.6942724458204335
6750867,3,68.59473411885723,62.15593431225609,83.68437025509884,169,139.6,142.4,80.24406568774391,St. Marks: 1238 St Marks Ave,Multifamily Housing,BROOKLYN,27443,249.83,9.1,High Gap + Lower GHG,0.6439628482972136,0.09958720330237358,0.3717750257997936
11530291,3,68.5504443465838,60.43962274642867,96.47523248323945,125.7,160.2,134.5,74.06037725357133,ACHS: 2162 Nostrand Ave,Retail Store,BROOKLYN,27495,358.52,13.04,High Gap + Lower GHG,0.6434468524251806,0.2739938080495356,0.45872033023735814
26533145,3,68.53110413163589,32.090196409944284,93.50421837774668,107.7,103.4,215,73.16309488083851,Century - 1213 Avenue Z (Child - 1213 Ave Z),Multifamily Housing,BROOKLYN,102727,1376.98,13.4,High Gap + High GHG,0.6429308565531475,0.7641898864809081,0.7035603715170278
21355603,3,68.4580773883893,92.78529007278459,30.453125299932136,330.8,320.4,216.3,211.45716934257,DOHMH_3438_Public Health Laboratory,Laboratory,MANHATTAN,324505,6068.48,18.7,High Gap + High GHG,0.6424148606811145,0.9365325077399381,0.7894736842105263
3512132,3,68.41634884742544,60.910144820852686,191.02430484155684,143.2,105.1,67,21.390249895549804,GWC/VZT/615 W 47TH ST/NEW YORK/NY,Parking,MANHATTAN,86426,518.02,5.99,High Gap + Lower GHG,0.6418988648090815,0.46439628482972134,0.5531475748194015
16375847,3,68.38273115613012,69.59450219914457,54.206558358106726,193.7,193.3,197.1,127.50549780085542,14-41 Gateway Boulevard,Senior Living Community,QUEENS,65874,1080.58,16.4,High Gap + High GHG,0.6413828689370485,0.7105263157894737,0.675954592363261
7057785,3,68.38272917922008,46.942725538452066,79.41089643485387,135.3,117.8,210.9,85.62779039198178,M&amp;I Management - 3624 Church Ave,Multifamily Housing,BROOKLYN,31400,565.41,18.01,High Gap + High GHG,0.6408668730650154,0.5051599587203303,0.5730134158926729
6354464,3,68.20845715500386,68.71353023994064,85.61554991615797,147.7,147.3,148.8,81.9871547376532,881 10th Avenue,Multifamily Housing,MANHATTAN,31541,359.4,11.39,High Gap + Lower GHG,0.6403508771929824,0.27502579979360164,0.45768833849329205
7064723,3,68.10463768674023,62.602916055949265,88.88388528543916,159.3,136.8,137.8,77.3431935004253,601 West 172nd Street,Multifamily Housing,MANHATTAN,44081,415.92,9.44,High Gap + Lower GHG,0.6398348813209495,0.3508771929824561,0.4953560371517028
8542226,3,68.08069665989002,58.653444672020925,30.95295206229224,251.7,326.2,282.2,223.54655532797906,Gateway 2 - ShopRite,Supermarket/Grocery Store,BROOKLYN,89730,2338.99,26.07,High Gap + High GHG,0.6393188854489165,0.8503611971104231,0.7448400412796699
15935007,3,67.92971828948781,48.14018578699009,76.5734926253761,204.2,131,132.5,90.15588483718864,Betances V 521 & 525 E145th Street,Multifamily Housing,NA,34525,398.33,11.54,High Gap + Lower GHG,0.6388028895768834,0.32714138286893707,0.48297213622291024
1836466,3,67.90871669083141,71.58492103551622,94.50779860001298,130.2,143.2,146.7,70.25740882908158,M267 (OECID: 0101607; BBL: 1014180007),K-12 School,MANHATTAN,50060,598.12,11.95,High Gap + High GHG,0.6382868937048504,0.5299277605779154,0.5841073271413828
15134784,3,67.89017721945805,87.14056500392937,57.92161806710478,202.6,206.6,148.5,120.44826348098977,Amsterdam Nursing home,Residential Care Facility,MANHATTAN,179442,2039.4,11.37,High Gap + High GHG,0.6377708978328174,0.8292053663570691,0.7334881320949432
6282653,3,67.84986375918918,51.57217159031288,80.43387392861398,131,193.6,132.5,80.92782840968712,Heritage Realty: 282 W 117th St,Multifamily Housing,MANHATTAN,32121,333.35,10.38,High Gap + Lower GHG,0.6372549019607843,0.23787409700722395,0.4375644994840041
21353694,3,67.81111339067874,46.71974170833033,63.13579001231732,147.9,113.5,248.9,112.21685834441776,DPR_3678_Van Cortlandt Park - West 242nd Street Comfort Station,Other - Recreation,NA,1488.1,25.75,17.3,High Gap + Lower GHG,0.6367389060887513,0,0.31836945304437564
6187120,3,67.77876757313601,60.7163398587268,48.65146915235715,272.4,210,106.7,85.255856917767,220-10 Hillside Avenue,Strip Mall,QUEENS,90864,895.76,9.86,High Gap + High GHG,0.6362229102167183,0.6635706914344686,0.6498968008255934
15620940,3,67.77155884641029,72.47364905458844,94.21954818977727,146.1,150.1,122.9,71.34308304802224,Left Bank Apartment Corporation (99 Bank Street),Multifamily Housing,MANHATTAN,110177,1041.47,9.45,High Gap + High GHG,0.6357069143446853,0.696078431372549,0.6658926728586172
2831093,3,67.76134245131733,62.55446305471119,93.16665330918488,183.2,100.7,136.1,73.5455369452888,LEXINGTON Bldgs 3-4,Multifamily Housing,MANHATTAN,307774,2228.29,7.24,High Gap + High GHG,0.6351909184726522,0.8436532507739938,0.739422084623323
8284437,3,67.73515394437747,65.27136339695497,59.14611029601924,180.2,188.2,181,122.12208858660946,Schwartz/Weissman Campus,Other / Rare,MANHATTAN,306183,4868.860000000001,15.9,High Gap + High GHG,0.6346749226006192,0.9200206398348814,0.7773477812177503
1518772,3,67.70586521486545,79.9985561323126,62.90861515215969,190.1,191.8,142.8,104.84901372223361,05WJG-NYCXR-The St. Regis New York,Hotel,MANHATTAN,427877,5171.83,12.09,High Gap + High GHG,0.6341589267285862,0.9210526315789473,0.7776057791537667
27215796,3,67.70443765447577,87.98208576704468,84.66845414142408,97.5,173.6,169.7,81.71791423295531,Triborough Pres LLC (Campos) (2126camp),Multifamily Housing,MANHATTAN,289613,3660.48,12.64,High Gap + High GHG,0.6336429308565531,0.8973168214654282,0.7654798761609907
6804810,3,67.67489018386502,67.0490854402913,91.31192769403872,144.4,140.6,140.4,74.83412626550029,2516 Grand Avenue,Multifamily Housing,BRONX,30144,319.96999999999997,10.61,High Gap + Lower GHG,0.6331269349845201,0.21362229102167182,0.423374613003096
3616399,3,67.65080168231279,65.06449910982684,59.104343194722205,196.1,172.2,178.4,113.33550089017317,NYU: Washington Square CoGen Campus,College/University,MANHATTAN,7553129,80240.14,10.62,High Gap + High GHG,0.6326109391124871,0.9989680082559339,0.8157894736842105
2640696,3,67.55498770890755,67.27194024563947,71.5338816353512,164,158.3,164.4,90.91282647048928,Watermark Designs,Mixed Use Property,BROOKLYN,51300,623.12,12.15,High Gap + High GHG,0.6320949432404541,0.5459236326109391,0.5890092879256966
3512127,3,67.54300878375696,63.20653691043756,36.3469457675078,254.8,279.6,225.9,182.25807978041547,CO/VZT/125 W 73RD ST/NEW YORK/NY,Data Center,MANHATTAN,118893,2608.92,21.94,High Gap + High GHG,0.631578947368421,0.8673890608875129,0.7494840041279669
6693147,3,67.49681022922205,63.80571260119781,65.40924166731557,152.3,192.3,169.4,105.5942873988022,745 East 178 LLC,Other - Lodging/Residential,BRONX,26200,350.3,13.37,High Gap + Lower GHG,0.631062951496388,0.2626418988648091,0.44685242518059853
6772283,3,67.38500339221956,66.15250991350455,79.58236691615386,166.3,147.5,141.9,83.43217857280926,283 Cypress Ave,Multifamily Housing,BRONX,39915,371.09,9.3,High Gap + Lower GHG,0.630546955624355,0.29050567595459237,0.4605263157894737
6816335,3,67.3779461203166,73.35444099715215,76.75095017948028,166,136.3,162.3,88.94555900284786,Chestnut - 2265 Grand Avenue,Multifamily Housing,BRONX,25500,277.26,10.87,High Gap + Lower GHG,0.6300309597523219,0.13673890608875128,0.3833849329205366
6690423,3,67.31054342145072,68.15520192253646,77.59346560714481,161.6,145.4,154.9,86.74479807746354,MP Management - 96 Wadsworth Terrace,Multifamily Housing,MANHATTAN,35470,431.19,12.16,High Gap + Lower GHG,0.6295149638802889,0.3684210526315789,0.4989680082559339
10850858,3,67.3069539268718,66.582222859031,71.87893091661789,200.9,159.5,120.1,90.70698641884407,Camber - 1899 Belmont Avenue,Multifamily Housing,BRONX,28279,204.42,7.23,High Gap + Lower GHG,0.6289989680082559,0.047987616099071206,0.3384932920536636
15966350,3,67.2625535855544,68.24015478917079,118.38033008473272,122,127.1,124.1,61.59100992991207,1792 Lafayette Ave,Multifamily Housing,BRONX,29988,248.55,8.29,High Gap + Lower GHG,0.628482972136223,0.09700722394220847,0.36274509803921573
20268013,3,67.20876537557308,63.12504098019882,79.67154223154394,176.1,144.9,133,84.28489042380248,239 East 5th Street,Multifamily Housing,MANHATTAN,26460,286.48999999999995,10.83,High Gap + Lower GHG,0.6279669762641898,0.152218782249742,0.3900928792569659
2830986,3,67.2035706104741,43.79734733360527,72.24284016725049,234.8,106.4,133.5,89.70265266639473,CARVER Bldgs 1-6,Multifamily Housing,MANHATTAN,1164050,10020.03,8.61,High Gap + High GHG,0.6274509803921569,0.9613003095975232,0.79437564499484
19356368,3,67.20024461725218,65.63303258618924,68.64374223723655,171.8,158.2,165.9,102.75925048435768,"305 Johnson Ave, Brooklyn, NY 11206",Manufacturing/Industrial Plant,BROOKLYN,27369,422.04,15.42,High Gap + Lower GHG,0.6269349845201239,0.35758513931888547,0.49226006191950467
13504493,3,67.18964353830951,44.854056904440895,67.62561654994214,213.3,142.5,144.4,99.54594309555911,1600 Nelson Ave,Multifamily Housing,BRONX,26650,345.24,12.95,High Gap + Lower GHG,0.6264189886480909,0.25541795665634676,0.44091847265221884
2811087,3,67.12456891575584,72.00704741516324,102.77543244516832,137.7,146.3,113.5,65.64834492536754,533 and 521 WEST 57 STREET : [521-533 West 57th St.],Office,MANHATTAN,423251,4115.73,9.72,High Gap + High GHG,0.6259029927760578,0.9081527347781218,0.7670278637770898
6225156,3,67.05557909858372,60.96574343353484,81.9015957973046,164.2,140.2,141.8,80.83425656646517,1788 BEDFORD AVENUE - 44249,Multifamily Housing,BROOKLYN,40150,332.92999999999995,8.29,High Gap + Lower GHG,0.6253869969040248,0.23735810113519093,0.43137254901960786
9374850,3,67.01776623052213,69.9012916756317,65.5249167164811,162.5,165.3,181.5,106.05073806413598,111 Quintard Street,Other / Rare,STATEN IS,36000,409.79,11.38,High Gap + Lower GHG,0.6248710010319918,0.3446852425180599,0.4847781217750258
18105301,3,66.82229224372355,69.8199147394881,84.78717843511033,154.4,144.4,141.7,85.1540417245007,340 Johnson Avenue,Refrigerated Warehouse,BROOKLYN,33657,443.81,13.19,High Gap + Lower GHG,0.6243550051599587,0.38544891640866874,0.5049019607843137
20023382,3,66.80620473412719,62.702761284674054,75.19758505848479,165.3,149.4,152.2,89.49723871532593,1687 Vyse Avenue: 1687 Vyse Avenue,Multifamily Housing,BRONX,26246,235.75,8.98,High Gap + Lower GHG,0.6238390092879257,0.07688338493292053,0.35036119711042313
17461661,3,66.79918102565138,60.70864097867151,93.15346977976695,160.3,131.7,123.4,71.9311351437861,663 Howard Avenue,Multifamily Housing,BROOKLYN,75000,592.76,7.9,High Gap + High GHG,0.6233230134158927,0.5257997936016512,0.5745614035087719
4414764,3,66.65026039043106,70.9889185344061,87.01192584064776,148.4,134.6,147.2,74.65863062379792,Vincent Cyrus,Multifamily Housing,MANHATTAN,58626,599.51,10.23,High Gap + High GHG,0.6228070175438597,0.5309597523219814,0.5768833849329206
1836634,3,66.59671001287869,68.48627543033899,105.4881540942044,139.7,128.5,121.2,60.99138499836269,M894 (OECID: 0101378; BBL: 1000510015),K-12 School,MANHATTAN,99000,973.62,9.83,High Gap + High GHG,0.6222910216718266,0.6852425180598555,0.653766769865841
24896809,3,66.47988382409541,66.04661883090141,88.38246965790786,139,140.5,145.8,74.51387970213581,227-229 East 25th Street,Multifamily Housing,MANHATTAN,32070,277.87,8.66,High Gap + Lower GHG,0.6217750257997936,0.1393188854489164,0.38054695562435503
6382110,3,66.33151296343632,69.60091835976695,84.5120479322763,149.4,151,135.4,81.81457698701495,304 West 14th Street,Multifamily Housing,MANHATTAN,38376,352.75,9.19,High Gap + Lower GHG,0.6212590299277606,0.26625386996904027,0.44375644994840047
5728978,3,66.2810370501954,67.20553618178022,34.035000482366655,246,269.6,273.3,186.1180325955503,558 Brooklyn,Supermarket/Grocery Store,BROOKLYN,27528,669.3399999999999,24.32,High Gap + High GHG,0.6207430340557275,0.5768833849329206,0.598813209494324
4860561,3,66.26962833124433,65.14742707176858,86.9874365531941,144.2,140.5,143,73.74775518154296,2940-2944 West 5th Street,Multifamily Housing,BROOKLYN,639033,5483.6500000000005,8.58,High Gap + High GHG,0.6202270381836945,0.9256965944272446,0.7729618163054696
15966344,3,66.26957220511906,62.179625549221,77.50909646874257,162.4,145,148.5,86.320374450779,Staten Island Academy,K-12 School,STATEN IS,45600,525.04,11.51,High Gap + Lower GHG,0.6197110423116615,0.4695562435500516,0.5446336429308566
3114292,3,66.254515498481,59.994675481785336,101.12673948025748,126.2,162.5,107,65.7141298804341,85 10th Ave,Office,MANHATTAN,642653,7400.09,11.51,High Gap + High GHG,0.6191950464396285,0.9453044375644994,0.782249742002064
2833318,3,66.21665881027735,70.67434453342787,78.54292911139382,162.5,152.4,137.6,87.21428124233726,530 Second Ave Co LLC,Multifamily Housing,MANHATTAN,28431,270.9,9.53,High Gap + Lower GHG,0.6186790505675954,0.12745098039215685,0.37306501547987614
6688847,3,66.19050119977717,66.19750391405952,80.86150342712779,185.8,144.4,114.2,83.80904975321958,"GVS PROPERTIES, LLC (601 WEST 139TH ST)",Multifamily Housing,MANHATTAN,34360,261.91999999999996,7.619999999999999,High Gap + Lower GHG,0.6181630546955624,0.11455108359133127,0.36635706914344685
15569197,3,66.17356835562659,64.18896983657936,32.85198627789958,290.4,267.7,241.9,192.9498543499612,Goodrich - 1525 Albany Avenue,Supermarket/Grocery Store,BROOKLYN,41800,919.23,21.99,High Gap + High GHG,0.6176470588235294,0.6702786377708978,0.6439628482972136
16507210,3,66.11926060151823,74.71041106566581,57.70470183368939,164.8,188,195.8,111.13069106091126,0102 - FLATIRON,Fitness Center/Health Club/Gym,MANHATTAN,57050,923.27,16.18,High Gap + High GHG,0.6171310629514963,0.6723426212590299,0.644736842105263
24896816,3,66.11580494902464,57.025230443407054,98.49786636972217,126.2,112.2,161.6,66.50700622978948,315 5th Avenue,Office,MANHATTAN,56000,793.12,14.16,High Gap + High GHG,0.6166150670794633,0.6326109391124871,0.6246130030959752
4352719,3,66.04606789946578,69.55885893377953,85.8414042187609,157.7,127.2,143.8,74.24114106622048,Q297 (OECID: 0401776; BBL: 4012470041),K-12 School,QUEENS,36200,389.11,10.75,High Gap + Lower GHG,0.6160990712074303,0.3157894736842105,0.46594427244582043
6262470,3,65.84907659811758,70.11524563466685,80.57427007738883,154.1,136.5,152.1,80.19587196426392,YBE Legacy LLC,Multifamily Housing,QUEENS,44214,434.83,9.83,High Gap + Lower GHG,0.6155830753353974,0.3735810113519092,0.4945820433436533
3128802,3,65.78439521964144,63.057062321791534,84.11105753267641,143.4,132.9,155.7,77.78985829229578,Q245 (OECID: 0401634; BBL: 4034280015),K-12 School,QUEENS,38500,556.3399999999999,14.45,High Gap + Lower GHG,0.6150670794633643,0.49948400412796695,0.5572755417956656
9948324,3,65.76935524441798,64.13597953795865,92.37250056239371,136.3,144.5,130.2,70.93221193626948,157 West 57th Street,Multifamily Housing,MANHATTAN,844182,9658.43,11.44,High Gap + High GHG,0.6145510835913313,0.9592363261093911,0.7868937048503613
21355254,3,65.68255744175474,57.41161900747879,57.600755708231745,176.6,162.5,204.2,109.63976739335003,DOHMH_3463_Corona District Health Center,Urgent Care/Clinic/Other Outpatient,QUEENS,28600,487.71,17.05,High Gap + Lower GHG,0.6140350877192983,0.43188854489164086,0.5229618163054696
6232581,3,65.44272976268743,67.45855862775029,117.13360653535291,113.2,122.8,128,56.04552437928585,The Getty Condominium (501 West 24th Street),Multifamily Housing,MANHATTAN,57515,611.42,10.63,High Gap + High GHG,0.6135190918472653,0.541795665634675,0.5776573787409701
6232127,3,65.43177831965346,51.86941693464257,83.42956258159597,179.2,129.1,122.1,77.26425526881187,1436 Clay Ave. Child,Multifamily Housing,BRONX,59152,435.26,7.359999999999999,High Gap + Lower GHG,0.6130030959752322,0.37461300309597523,0.4938080495356037
20988056,3,65.38960592319454,50.56686769687708,83.32222857357058,178.7,123.9,126.6,77.95234998818651,320 Schermerhorn Street AKA 45 Nevins Street,Office,BROOKLYN,31131,347.91999999999996,11.18,High Gap + Lower GHG,0.6124871001031992,0.2595459236326109,0.436016511867905
7538105,3,65.34736039453382,60.076527074545496,70.20382651804645,173.9,146.4,160.1,107.50679026768584,808 ALABAMA AVENUE,Manufacturing/Industrial Plant,BROOKLYN,31585,447.45,14.17,High Gap + Lower GHG,0.6119711042311662,0.39060887512899894,0.5012899896800825
2665256,3,65.33772702922154,60.53332814698206,89.54251808366062,133.1,132.1,150,72.57132084602652,500 West 175th Street,Multifamily Housing,MANHATTAN,64838,749.49,11.56,High Gap + High GHG,0.6114551083591331,0.6171310629514963,0.6142930856553147
21355340,3,65.32544888070862,62.388033063257666,72.31951082755708,145,168.2,154.7,92.31196693674232,FDNY_4134_Engine Co. 277 and Ladder Co. 112,Fire Station,BROOKLYN,15000,184.75,12.32,High Gap + Lower GHG,0.6109391124871001,0.03147574819401445,0.32120743034055727
21355589,3,65.30777208200293,76.91720307860062,52.762837892356124,147.2,198,227.2,124.80517076739663,DHS_914_Classified DHS Location,Other - Lodging/Residential,NA,28545,453.54,15.89,High Gap + Lower GHG,0.6104231166150671,0.39834881320949433,0.5043859649122807
6261103,3,65.20829355532145,74.88516040661186,96.25716180104261,141.7,140,126.8,84.08313353187961,437 Fulton Street,Multifamily Housing,BROOKLYN,36030,352.56,9.79,High Gap + Lower GHG,0.6099071207430341,0.2657378740970072,0.43782249742002066
6812216,3,64.97362110564634,59.23558670763164,82.48310049430445,140.1,130.9,160.4,78.21837885283742,147-11 Roosevelt Avenue,Multifamily Housing,QUEENS,49000,449.2,9.17,High Gap + Lower GHG,0.609391124871001,0.3926728586171311,0.501031991744066
12066533,3,64.90156630982739,67.4627888439346,120.09690273025812,93.4,120.8,141.7,55.413016829062194,Tangram House South Condominium (133-27 39th Ave),Multifamily Housing,QUEENS,431449,6630.110000000001,15.37,High Gap + High GHG,0.608875128998968,0.9411764705882353,0.7750257997936016
6176872,3,64.86436088906962,67.050036872101,68.67977403474693,164.4,159.5,154.1,93.73034809239766,1636 University Ave,Multifamily Housing,BRONX,25100,238.13,9.49,High Gap + Lower GHG,0.608359133126935,0.08152734778121776,0.34494324045407637
10656868,3,64.82424378204674,65.05932582219597,86.88542350452019,139.4,140.2,138.8,73.74067417780404,50 W. 139th Street,Multifamily Housing,NA,102132,875.7900000000001,8.58,High Gap + High GHG,0.6078431372549019,0.6589267285861713,0.6333849329205365
6713682,3,64.8166351803487,59.89296209580728,79.13194687771347,160.5,139,140.4,80.50703790419273,24-16 38th Avenue,Multifamily Housing,QUEENS,47725,421.4299999999999,8.83,High Gap + Lower GHG,0.6073271413828689,0.35655314757481943,0.48194014447884415
6821245,3,64.74038883134203,91.61715526397319,68.31216663028282,100.3,186.5,194.1,94.5954403145177,LD Brokerage - 893 Crotona Park North,Multifamily Housing,BRONX,35420,532.24,15.03,High Gap + Lower GHG,0.6068111455108359,0.4757481940144479,0.5412796697626419
17976107,3,64.6823043040873,66.32347137127178,80.31355718441242,147.7,144.2,144.3,83.562592773377,20-30 Hudson Yards,Office,MANHATTAN,3810623,34862.03,9.15,High Gap + High GHG,0.6062951496388029,0.9948400412796697,0.8005675954592364
6313791,3,64.56699347416524,71.68628811269284,109.60584688454905,127,125.9,125.9,75.75831931705575,Frank 57 West,Mixed Use Property,NA,142482,1651.45,11.59,High Gap + High GHG,0.6057791537667698,0.7936016511867905,0.6996904024767802
6464267,3,64.49664656601053,65.30879080488532,85.05734004454061,137.9,139.3,144,76.00812097620651,"AUDUBON 550 W 171, LLC",Multifamily Housing,MANHATTAN,55300,496.18,8.97,High Gap + Lower GHG,0.6052631578947368,0.4437564499484004,0.5245098039215687
13516424,3,64.42124992327717,84.93923233023797,74.34730912753793,176.3,169.7,106.1,85.1131861021131,Bay Terrace Coop 3 - 4058570110,Multifamily Housing,QUEENS,67200,446.02,6.64,High Gap + Lower GHG,0.6047471620227038,0.3895768833849329,0.4971620227038184
6933378,3,64.29775368075582,65.80655023006032,80.35544213470115,148,144.6,140.4,79.43703503617724,Bronxwood Tower,Multifamily Housing,BRONX,120534,1046.64,8.68,High Gap + High GHG,0.6042311661506707,0.6971104231166151,0.650670794633643
7760801,3,64.29185892995609,64.08490510398674,106.0940249152353,162.4,89,121.6,57.51509489601325,21-12 30 Road,K-12 School,QUEENS,30291,312.51,10.32,High Gap + Lower GHG,0.6037151702786377,0.19917440660474717,0.40144478844169246
4474034,3,64.29022828418348,31.643743065250405,57.026579928825846,254,132.1,135.3,103.6562569347496,VLADECK/VLADECK II CAMPUS,Multifamily Housing,MANHATTAN,1391256,12041.8,8.66,High Gap + High GHG,0.6031991744066048,0.9726522187822497,0.7879256965944272
1836931,3,64.27507430235958,61.64802969330246,88.63604585508433,136.5,141.3,133.2,73.39240052268221,"R880, R080, R881, R883, R884, R885, R886, R887-0500106; BBL:5006830001",K-12 School,STATEN IS,325200,3108.01,9.56,High Gap + High GHG,0.6026831785345718,0.8849329205366357,0.7438080495356038
6231319,3,64.07878700269134,64.84221368401586,82.8156895918443,149.5,141.3,133.4,76.75664139830917,384 EAST 194 STREET - 35155,Multifamily Housing,BRONX,102300,846.03,8.27,High Gap + High GHG,0.6021671826625387,0.6501547987616099,0.6261609907120742
2664118,3,64.00844602573537,65.30885107280614,81.47467277103082,155,142.9,130,79.47686635809947,Sovereign - 425 East 58th Street,Multifamily Housing,MANHATTAN,912565,8313.359999999999,9.11,High Gap + High GHG,0.6016511867905057,0.9514963880288958,0.7765737874097007
6682772,3,63.87731792593238,61.82927558841436,75.52601506652168,148.7,151.8,145.2,84.54705464150975,Sanctuary for Families,Multifamily Housing,BRONX,39315,377.21,9.59,High Gap + Lower GHG,0.6011351909184727,0.29876160990712075,0.4499484004127967
2817381,3,63.87120704320616,65.86643991878869,81.664729894854,144.7,142.4,139.4,80.02527438776652,The Sessanta,Multifamily Housing,MANHATTAN,288000,2722,9.45,High Gap + High GHG,0.6006191950464397,0.8710010319917441,0.7358101135190919
16871854,3,63.84813548185891,64.16375146473464,84.20834136670454,133.3,138.9,147.3,75.10795974647117,1939 Grand Concourse,Multifamily Housing,BRONX,94000,1087.53,11.57,High Gap + High GHG,0.6001031991744066,0.7125902992776058,0.6563467492260062
2831108,3,63.73626274578417,54.555868548861525,54.21215483186762,209.7,169.9,163.7,118.04954591177399,MARCY,Multifamily Housing,BROOKLYN,1636248,17329.05,10.59,High Gap + High GHG,0.5995872033023736,0.9829721362229102,0.7912796697626419
6882443,3,63.71962869386562,53.20180591452741,78.60520731383006,169.8,131.2,131.9,78.6981940854726,127 4TH AVENUE,Multifamily Housing,MANHATTAN,49050,514.3599999999999,10.49,High Gap + Lower GHG,0.5990712074303406,0.4613003095975232,0.5301857585139319
2826061,3,63.64797817297215,65.70730856201193,56.25485465098706,166.3,186.4,177.4,111.69269143798807,Schwartz Hall,Other / Rare,MANHATTAN,191215,2985.88,15.62,High Gap + High GHG,0.5985552115583075,0.8792569659442725,0.7389060887512899
10894241,3,63.59248562648935,66.81483832974806,73.58938745038122,137.3,160.6,153.1,86.28516167025194,Progressive - 1124-1132 Clay Avenue,Multifamily Housing,BRONX,46400,450.08,9.7,High Gap + Lower GHG,0.5980392156862745,0.39473684210526316,0.49638802889576883
21355685,3,63.574282005208005,25.342795463673156,48.52236612769074,165.3,152.2,295,131.40388070500404,DSNY_3960_Queens West 5 and 5A District Garages,Vehicle Repair Services,QUEENS,91898,1623.95,17.67,High Gap + High GHG,0.5975232198142415,0.7894736842105263,0.6934984520123839
2745822,3,63.57228326939305,59.78470306412336,86.1346614119777,150,132.4,129.4,73.23837785090244,3371 BROADWAY,Multifamily Housing,MANHATTAN,59316,537.73,9.07,High Gap + Lower GHG,0.5970072239422085,0.48142414860681115,0.5392156862745099
2797656,3,63.487270056520806,56.64769277739786,102.68238178916224,113.6,143.5,119.1,62.45230722260214,14 East 60th Street,Office,MANHATTAN,129837,1304.52,10.05,High Gap + High GHG,0.5964912280701754,0.7538699690402477,0.6751805985552115
3535998,3,63.47138625798965,60.763200660625316,77.59856232332582,153.6,142.3,139.7,80.5629942061547,Chestnut - 1264 Sheridan Avenue,Multifamily Housing,BRONX,59590,502.22,8.43,High Gap + Lower GHG,0.5959752321981424,0.44943240454076366,0.522703818369453
6690441,3,63.43709208800003,61.952076152866084,79.33753408982973,157.4,140.6,131.8,79.31728397572842,MP Management - 2020 Albermarle rd,Multifamily Housing,BROOKLYN,41202,326.88,7.930000000000001,High Gap + Lower GHG,0.5954592363261094,0.22910216718266255,0.41228070175438597
2972207,3,63.31965155567669,63.2373724352816,75.85404062363901,144.8,142.4,154.8,82.85541647633944,41 Cooper Square,College/University,MANHATTAN,176612,2211.12,12.52,High Gap + High GHG,0.5949432404540763,0.8421052631578947,0.7185242518059856
6272407,3,63.31204840176948,65.97104188318693,78.12290925233812,140.5,146.4,146.4,80.28408442174074,OUB (512 East 145th St),Multifamily Housing,BRONX,194388,1903.36,9.79,High Gap + High GHG,0.5944272445820433,0.8178534571723426,0.706140350877193
2831146,3,63.175224912590814,73.79471821272207,53.291907905132426,234.6,116.9,190.5,116.70528178727793,PINK,Multifamily Housing,BROOKLYN,1527025,17597.809999999998,11.52,High Gap + High GHG,0.5939112487100103,0.9840041279669762,0.7889576883384932
3619765,3,63.14345079447083,48.02238930359786,82.94092060777679,123.3,124.8,169.8,76.05433909579662,Castle Hill Ave,Retail Store,BRONX,70000,995.25,14.22,High Gap + High GHG,0.5933952528379773,0.6883384932920537,0.6408668730650156
6538929,3,63.08328083584684,60.36081930305046,71.72358174067477,159.1,146.4,147.4,87.45323426369268,466,Multifamily Housing,BROOKLYN,25600,225.75,8.82,High Gap + Lower GHG,0.5928792569659442,0.06811145510835913,0.3304953560371517
21354553,3,62.92625043042609,72.62999364448702,48.74272784171013,224.7,199.4,152,129.74935470069647,Benchmarking Group - 40,Police Station,BROOKLYN,35620,493.84,13.86,High Gap + Lower GHG,0.5923632610939112,0.44169246646026833,0.5170278637770898
2831006,3,62.92341321055715,64.15351241109694,81.0834450794854,142.4,114.8,163.8,77.75588377450035,CORSI HOUSES,Multifamily Housing,MANHATTAN,112100,1125.74,10.04,High Gap + High GHG,0.5918472652218782,0.7167182662538699,0.654282765737874
4407840,3,62.874874776265685,58.06314814854157,79.1503842712297,155.1,136.2,135.2,78.45455092393534,MP Management - 1 Jacobus Pl,Multifamily Housing,BRONX,63715,537.4499999999999,8.44,High Gap + Lower GHG,0.5913312693498453,0.4809081527347781,0.5361197110423117
3957383,3,62.74350669894877,36.63062534393514,96.99507914526146,108.4,194,84.7,64.05484800423402,Betancourt Properties Management - 1828 Amsterdam Ave,K-12 School,MANHATTAN,68020,463.6,6.819999999999999,High Gap + Lower GHG,0.5908152734778122,0.4066047471620227,0.49871001031991746
6705781,3,62.707601766639165,62.60058293425104,73.16876885986687,150.5,152.9,142.1,85.57491069104542,2822 Brighton 8 street,Multifamily Housing,BROOKLYN,32400,292.90999999999997,9.04,High Gap + Lower GHG,0.5902992776057792,0.16253869969040247,0.3764189886480908
6292593,3,62.704981830613455,57.543181522832526,29.745785563716684,288,275.2,257.4,199.85681847716745,Stop &amp; Shop 2579- 112-15 Beach Channel Drive,Supermarket/Grocery Store,QUEENS,45964,998.06,21.71,High Gap + High GHG,0.5897832817337462,0.6893704850361198,0.6395768833849329
8169158,3,62.464761116945446,74.04494941252608,77.8507062251218,104.7,165.9,157.8,83.75505058747393,629 West 115 St,Multifamily Housing,MANHATTAN,27656,251.26,9.09,High Gap + Lower GHG,0.5892672858617131,0.1021671826625387,0.34571723426212586
10487836,3,62.44125828881018,60.516483512740436,75.95394086637145,144.5,160.6,129.4,82.37306334024467,2802 CLARENDON PARTNERS LLC,Multifamily Housing,BROOKLYN,37750,287.84000000000003,7.619999999999999,High Gap + Lower GHG,0.5887512899896801,0.15479876160990713,0.3717750257997936
7673948,3,62.41812671222268,60.61618121889565,59.576470852309235,174,167.3,160.2,102.52653734084842,The Carlyle Hotel NYC - 35 East 76th,Hotel,MANHATTAN,316779,3979.17,12.56,High Gap + High GHG,0.5882352941176471,0.9050567595459237,0.7466460268317854
26116470,3,62.19719991502364,59.92770373660298,72.93959357265379,160.5,136.9,144.6,84.67229626339702,370 Columbus Avenue,Multifamily Housing,MANHATTAN,31125,306.06,9.83,High Gap + Lower GHG,0.5877192982456141,0.18782249742002063,0.3877708978328174
6581997,3,62.19167670090828,63.635465941895845,84.4545739157265,128.8,142.4,137.3,73.66453405810417,Orsid - 333 East 46 Street,Multifamily Housing,MANHATTAN,144151,1187.06,8.229999999999999,High Gap + High GHG,0.587203302373581,0.7285861713106295,0.6578947368421053
6775183,3,62.17388488818944,55.08096803528545,97.92551182801824,100.4,119.6,157.6,62.81162403832996,KND: 63 GUERNSEY STREET (33 Nassau),Office,BROOKLYN,47527,629.23,13.239999999999998,High Gap + High GHG,0.586687306501548,0.5500515995872033,0.5683694530443757
6789792,3,62.158097448647744,71.11385260397027,81.09934707208065,150.1,182.1,86.1,77.75817345704955,8200 Shore Front Pkwy,Multifamily Housing,QUEENS,276760,1529.6699999999998,5.53,High Gap + High GHG,0.586171310629515,0.782765737874097,0.684468524251806
11288161,3,62.09461507575228,48.111781194276475,89.51173376387149,93.6,113.3,183.9,71.80438810572329,Delkap: 28-02 42 Rd,Multifamily Housing,QUEENS,43366,541.3,12.48,High Gap + Lower GHG,0.5856553147574819,0.4824561403508772,0.5340557275541795
2769166,3,62.03666133770532,60.90042379895948,75.34169560514083,153.9,141.5,137.5,81.85791603421298,ConEd West 28 St. Operations,Office,MANHATTAN,38274,414.64,10.83,High Gap + Lower GHG,0.5851393188854489,0.3498452012383901,0.46749226006191946
11665519,3,61.99881921718574,65.88394828443553,85.67977066767159,139.6,164.5,102.3,76.22404864654246,ASG: 438 87th St.,Retail Store,BROOKLYN,35000,337.85,9.65,High Gap + Lower GHG,0.5846233230134159,0.24613003095975233,0.4153766769865841
6292594,3,61.86748894875519,57.576159929491126,29.040244945474658,232.6,326.6,263.1,205.5238400705089,Stop &amp; Shop 2580- 213-15 26th Avenue,Supermarket/Grocery Store,QUEENS,42778,1011.22,23.64,High Gap + High GHG,0.5841073271413829,0.6914344685242518,0.6377708978328174
16434909,3,61.81527069764232,72.3763631852371,84.89618514411704,151.4,143.4,109.2,73.08320349119829,"46 West 73rd Street, 48 West 73rd Street & 53 West 72nd Street - Parent Property",Multifamily Housing,MANHATTAN,87926,875.8399999999999,9.96,High Gap + High GHG,0.5835913312693498,0.6594427244582043,0.621517027863777
20280574,3,61.78280062590064,56.93581523273467,79.69940760726976,159.2,134.3,124,76.62123945367664,Gilbane - 365 Ford St,Multifamily Housing,BRONX,298964,2428.17,8.12,High Gap + High GHG,0.5830753353973168,0.8544891640866873,0.718782249742002
6790099,3,61.74970873603709,65.8059340228266,70.488230712312955,191.9,95.6,155.8,89.9940659771734,Ventura: 3157-3161 Broadway,Multifamily Housing,MANHATTAN,35268,435.44,12.35,High Gap + Lower GHG,0.5825593395252838,0.3751289989680083,0.4788441692466461
12803026,3,61.73367934128217,63.17543611387754,61.92281642589767,161.9,166.1,156.9,102.63577495121623,Pod Hotel 42 - 400 West 42nd Street,Hotel,MANHATTAN,261909,3078.8700000000003,11.76,High Gap + High GHG,0.5820433436532507,0.8844169246646026,0.7332301341589267
6664921,3,61.71894944181892,53.51405776354041,67.89350947274004,207.7,141.9,106.2,90.00281464928577,Gilman: 3044 ALBANY CRESCENT,Multifamily Housing,BRONX,32956,277.83,8.43,High Gap + Lower GHG,0.5815273477812177,0.1388028895768834,0.36016511867905054
28091671,3,61.696065256146504,61.80875031577014,57.21248066807868,181.6,165.9,164.6,117.295051167878,"196 Grand LLC - 196 Grand St, New York, NY 10013",Hotel,MANHATTAN,26594,369.26,13.89,High Gap + Lower GHG,0.5810113519091847,0.28740970072239425,0.4342105263157895
6129054,3,61.65893393940554,61.55262700706939,59.821852192650915,156.2,173,165.2,103.6473729929306,Chinatown Health Clinic Foundation Inc.,Urgent Care/Clinic/Other Outpatient,MANHATTAN,26000,426.71,16.41,High Gap + Lower GHG,0.5804953560371517,0.3637770897832817,0.47213622291021673
1836897,3,61.64121509927026,53.62692931151386,84.27257120729263,160.4,109.2,136.2,82.57307068848613,K818 (OECID: 0301647; BBL: 3081820052),Office,BROOKLYN,13200,144.69,10.96,High Gap + Lower GHG,0.5799793601651186,0.017027863777089782,0.2985036119711042
2653183,3,61.62856283933298,62.31760951857548,78.530704554845,145.1,133,142.2,79.88239048142451,1700 1st Avenue AKA 400 East 89th Street AKA 401 East 88th Street,Multifamily Housing,MANHATTAN,212259,2398.18,11.3,High Gap + High GHG,0.5794633642930856,0.8534571723426213,0.7164602683178535
2771491,3,61.583497294951805,58.671386478835714,80.98147438954105,152.4,133.4,126.7,75.57883272236397,Three In One Equities LLC - 505,Multifamily Housing,MANHATTAN,55933,501.61,8.97,High Gap + Lower GHG,0.5789473684210527,0.44891640866873067,0.5139318885448917
9971511,3,61.55090488472716,29.313125419873572,71.83793367262444,214.6,111.1,117.9,91.69419294231734,Gild Hall,Hotel,MANHATTAN,71470,663.66,9.29,High Gap + High GHG,0.5784313725490197,0.5722394220846233,0.5753353973168215
4558658,3,61.5399664591126,67.23314019158944,61.053364467865975,171,168.8,147.7,101.92865170770014,THE PIERRE HOTEL,Hotel,MANHATTAN,538196,6487.72,12.05,High Gap + High GHG,0.5779153766769866,0.9401444788441693,0.7590299277605779
6674806,3,61.539673209147814,59.88152525365366,71.02376648333785,147.7,149.7,147.5,87.61847474634634,531 West 211th Street,Multifamily Housing,MANHATTAN,25315,294.21999999999997,11.62,High Gap + Lower GHG,0.5773993808049536,0.16460268317853458,0.37100103199174406
8661358,3,61.514922065398515,57.373861853725344,72.28322146823774,141.1,140.3,159.1,84.50863761090143,346 East 21 Street,Multifamily Housing,MANHATTAN,27801,328.63,11.82,High Gap + Lower GHG,0.5768833849329206,0.23271413828689372,0.40479876160990713
2831177,3,61.49426439512986,62.43531957039008,60.24358164805016,174.6,165.7,150.4,101.46499239467411,SAINT MARYS PARK,Multifamily Housing,BRONX,962460,9173.46,9.53,High Gap + High GHG,0.5763673890608875,0.956140350877193,0.7662538699690402
16349956,3,61.478395579674114,62.034302687608324,106.44777137812125,120.8,117.2,119.7,57.66569731239168,27 East 62 Street,Office,MANHATTAN,50068,630.7900000000001,12.6,High Gap + High GHG,0.5758513931888545,0.5505675954592363,0.5632094943240453
2725649,3,61.462485301837,87.47066836756416,60.139544221222835,191.8,188.4,110.8,102.19236608977072,One Bryant Park,Financial Office,MANHATTAN,2237686,25650.74,11.46,High Gap + High GHG,0.5753353973168215,0.9922600619195047,0.7837977296181631
6289593,3,61.39786960737718,63.47851004480778,73.64761844366386,153.2,145.6,135.2,81.39134555931142,601 East 149th St,Multifamily Housing,BRONX,48000,393.73,8.2,High Gap + Lower GHG,0.5748194014447885,0.32249742002063986,0.4486584107327142
2787351,3,61.35115933785989,15.572730005132456,74.88185268585863,100.5,95.4,237.5,81.57039164483184,225 PARK HILL LLC,Multifamily Housing,STATEN IS,156240,2285.67,14.63,High Gap + High GHG,0.5743034055727554,0.847265221878225,0.7107843137254901
6227727,3,61.265411268028096,64.71261723218474,72.11174088815896,141.6,152.8,146.7,81.98738276781525,North Brooklyn,Fitness Center/Health Club/Gym,BROOKLYN,47737,490.51,10.28,High Gap + Lower GHG,0.5737874097007224,0.43653250773993807,0.5051599587203303
8175098,3,61.220050458005545,64.3796489530121,80.14176762089964,146,128.1,138.9,74.52035104698791,39-16 College Point Boulevard,Hotel,QUEENS,40575,496.17,12.23,High Gap + Lower GHG,0.5732714138286894,0.44324045407636736,0.5082559339525283
2705498,3,61.16840050519114,60.273865550774374,82.08690893640461,129.6,133.1,144.7,74.4782950910401,4079 BROADWAY,Multifamily Housing,MANHATTAN,64806,603.6,9.31,High Gap + High GHG,0.5727554179566563,0.5345717234262126,0.5536635706914345
7065188,3,61.11113496832051,51.25302154522498,83.05903934027567,126.8,123.1,154.4,73.29077133414283,701 West 179th Street,Multifamily Housing,MANHATTAN,67838,688.66,10.15,High Gap + High GHG,0.5722394220846233,0.5856553147574819,0.5789473684210527
6816186,3,61.10388913872709,58.228231832734565,28.654845740413094,284.2,276.6,262.2,204.24452378974098,831 Rosedale Ave,Supermarket/Grocery Store,BRONX,31890,901.04,28.25,High Gap + High GHG,0.5717234262125903,0.6656346749226006,0.6186790505675954
2831117,3,60.958375091181004,59.219179733948494,77.790143510281,144.1,137.4,136.6,79.36926352114247,METRO NORTH PLAZA,Multifamily Housing,MANHATTAN,289602,2592.55,8.950000000000001,High Gap + High GHG,0.5712074303405573,0.8658410732714138,0.7185242518059856
6787580,3,60.91134815876393,45.819679572584015,106.62623184548906,101.1,152.3,103.5,57.680320427415985,SGI New York Buddhist Center LLC,Worship Facility,MANHATTAN,36759,341.74,9.3,High Gap + Lower GHG,0.5706914344685242,0.25077399380804954,0.4107327141382869
6282621,3,60.89028395759322,60.56324803980644,77.38560683334413,148.2,131.4,138.8,78.23675196019357,Douglaston: 7 CORNELIA ST,Multifamily Housing,MANHATTAN,28466,259.52,9.12,High Gap + Lower GHG,0.5701754385964912,0.11197110423116616,0.3410732714138287
7145631,3,60.847803716357454,60.19865215266765,72.79445170016977,138.8,142.9,152,82.88374203428121,Independence Apts LLC 3855,Multifamily Housing,BRONX,45375,534.03,11.77,High Gap + Lower GHG,0.5696594427244582,0.47781217750258,0.5237358101135191
4411705,3,60.8291981735758,52.1076247005614,92.52962787261866,149.6,112.1,117.4,65.2923752994386,216 East 45th Street,Office,MANHATTAN,180452,2224.08,12.33,High Gap + High GHG,0.5691434468524251,0.8431372549019608,0.706140350877193
4869616,3,60.7683461052189,61.68812592276586,74.30307644955074,149.3,135.6,142.6,80.91187407723413,646 E 231st St,Multifamily Housing,BRONX,53860,596.6,11.08,High Gap + High GHG,0.5686274509803921,0.5278637770897833,0.5482456140350878
2866673,3,60.64549933629894,62.54943154436704,47.96970879403861,186.9,189.3,187,134.20692067250084,The Plaza Rehab and Nursing Home - 100 W Kingsbridge Rd.,Senior Living Community,BRONX,242412,3193.94,13.18,High Gap + High GHG,0.5681114551083591,0.8869969040247678,0.7275541795665634
21355568,3,60.606519354585835,60.77760199051369,63.53185462573667,153,148.7,166.4,102.16454113923518,H+H_9631_Henry J. Carter Hospital - Skilled Nursing Facility,Other / Rare,MANHATTAN,120304,1853.93,15.41,High Gap + High GHG,0.5675954592363261,0.8121775025799793,0.6898864809081527
6793598,3,60.563530960830434,65.98860261945516,75.81766742084368,166,144,110.1,78.3807548455846,M&amp;I Management- 2121 BEEKMAN PLACE,Multifamily Housing,BROOKLYN,57122,402.3,7.04,High Gap + Lower GHG,0.567079463364293,0.3333333333333333,0.45020639834881315
5083765,3,60.492468719251626,55.42549461677163,55.81682257121373,191.4,150,165.8,110.37450538322838,The Ludlow NYC: 180 Ludlow St,Hotel,MANHATTAN,88180,1126.64,12.78,High Gap + High GHG,0.56656346749226,0.718266253869969,0.6424148606811145
26070496,3,60.45185472549445,65.04881564674874,73.3772047124479,144.5,142.4,147,79.3316713899105,Forest Hills MHA,Multifamily Housing,QUEENS,403400,3656.25,9.06,High Gap + High GHG,0.5660474716202271,0.8968008255933952,0.7314241486068112
2793804,3,60.405802329545914,60.60543237133959,27.434698929376232,281.4,280.1,280.6,217.7149114778534,NYP Lower Manhattan,Hospital (General Medical & Surgical),MANHATTAN,340100,8161.38,24,High Gap + High GHG,0.5655314757481941,0.9494324045407637,0.7574819401444789
1836759,3,60.403429882324005,49.945945570564,90.49631328807858,164.7,113.8,99.3,62.364595193090466,"Q177, Q979 (OECID: 0400159; BBL: 4056740002)",K-12 School,QUEENS,69680,546.73,7.85,High Gap + Lower GHG,0.565015479876161,0.48968008255933954,0.5273477812177503
6246534,3,60.37755355247519,61.28343555344077,74.60723281022175,147.5,140.1,136.3,80.25286149166124,2205 Creston Ave,Multifamily Housing,BRONX,42500,457.06,10.75,High Gap + Lower GHG,0.564499484004128,0.4019607843137255,0.48323013415892674
6700175,3,60.335962127196424,48.86360318453926,74.56507037345649,105.7,193.2,126.7,77.83639681546074,402 Ocean Avenue,Multifamily Housing,BROOKLYN,35500,263.15000000000003,7.41,High Gap + Lower GHG,0.563983488132095,0.11609907120743033,0.34004127966976266
6690758,3,60.11055834569181,66.18941749750265,59.41697601613779,170.4,170.4,145,104.23120313170936,281 Bainbridge Street,Multifamily Housing,BROOKLYN,6000,55.2,9.2,High Gap + Lower GHG,0.5634674922600619,0.0020639834881320948,0.282765737874097
4125412,3,60.10023640416903,64.37763584755179,74.17754093364712,134.6,145.2,144.2,79.8223641524482,103 Hawkstone St,Multifamily Housing,BRONX,58740,501.52,8.54,High Gap + Lower GHG,0.5629514963880289,0.4484004127966976,0.5056759545923633
24774401,3,60.02911743367925,43.34811498377748,92.80853569770402,95.8,107.1,170.9,64.98094164029004,NW 524 SOHO LLC,Office,MANHATTAN,159076,2133.2,13.41,High Gap + High GHG,0.5624355005159959,0.8364293085655314,0.6994324045407636
21355569,3,59.92022674644889,58.55683995078583,60.26290736236787,149.1,152.3,176.2,108.16770296092461,NYPD_9632_Police Academy,Other / Rare,QUEENS,750000,10822.86,14.43,High Gap + High GHG,0.5619195046439629,0.9680082559339526,0.7649638802889578
1634681,3,59.8803839829582,54.75910649034677,86.5279350465637,149.8,120.5,115.5,65.47942923024495,Q099 (OECID: 0400091; BBL: 4033600001),K-12 School,QUEENS,74500,695.13,9.33,High Gap + High GHG,0.5614035087719298,0.5892672858617131,0.5753353973168214
6784335,3,59.879995727139494,61.106030753792595,74.32874012948281,148.9,140.3,131.9,79.6043385461766,zzJacob Shafran - 2402 Atlantic ave,Multifamily Housing,BROOKLYN,36000,334.35,9.29,High Gap + Lower GHG,0.5608875128998968,0.23993808049535603,0.4004127966976264
2792879,3,59.803807613225615,11.317132632817902,77.67348357991537,84.5,75.6,240.6,77.48748663740939,WINSTON APTS CORP - 143-25,Multifamily Housing,QUEENS,59000,874.09,14.82,High Gap + High GHG,0.5603715170278638,0.6584107327141383,0.6093911248710011
4474031,3,59.801628403572664,56.47646694806299,63.17182255107064,165.6,150.7,146.8,93.66222744455081,SOUTH JAMAICA I/SOUTH JAMAICA II CAMPUS,Multifamily Housing,QUEENS,1000518,9132.71,9.13,High Gap + High GHG,0.5598555211558307,0.95562435500516,0.7577399380804953
6793534,3,59.797195546977854,56.17277850365183,70.25167182491228,143.8,126.1,164.9,84.32381613594444,M&I Management - 73 E 96 ST,Multifamily Housing,BROOKLYN,31428,322.65000000000003,10.27,High Gap + Lower GHG,0.5593395252837977,0.21981424148606812,0.3895768833849329
3521131,3,59.78346066018415,62.68851676064182,74.81613288316676,134.6,143.4,141.5,78.81148323935818,Samson - 299 St. Marks Place,Multifamily Housing,STATEN IS,51160,441.55,8.629999999999999,High Gap + Lower GHG,0.5588235294117647,0.38338493292053666,0.4711042311661507
9411763,3,59.75274716780257,61.288688605793894,78.86006425236887,140.2,135.3,131.4,77.76051099097914,165 West 127th Street (Parent Property),Multifamily Housing,MANHATTAN,50326,452.09,8.98,High Gap + Lower GHG,0.5583075335397317,0.3973168214654283,0.47781217750258
21355272,3,59.75150477882609,71.42824381846336,59.90891275501728,133.2,184.7,166.7,95.27175618153663,DPR_3574_Constance Baker Motley Recreation Center,Fitness Center/Health Club/Gym,MANHATTAN,25243,368.31,14.59,High Gap + Lower GHG,0.5577915376676986,0.2848297213622291,0.4213106295149639
6298658,3,59.689185029996715,60.29061338812022,75.10295700978064,167.8,136,122.3,92.94567062268487,Glen Oaks Village Section N,Multifamily Housing,QUEENS,114197,862.87,7.56,High Gap + High GHG,0.5572755417956656,0.653766769865841,0.6055211558307534
6538341,3,59.605570785046694,58.92572072528709,73.91047349281051,145.5,136,139.4,81.87859503983495,601 West 180th Street,Multifamily Housing,MANHATTAN,46290,524.49,11.33,High Gap + Lower GHG,0.5567595459236326,0.46904024767801855,0.5128998968008256
2805217,3,59.594418218983414,58.56574445401499,75.9837056947406,144.7,134.1,135.3,79.38291703785752,2141 Crotona Ave - 37046,Multifamily Housing,BRONX,299200,2461.76,8.229999999999999,High Gap + High GHG,0.5562435500515995,0.8575851393188855,0.7069143446852425
6330984,3,59.569655974848594,53.887813989337545,60.66455652837866,153.4,145.7,173.8,98.96786763538393,La Quinta Inns and Suites CPW,Hotel,MANHATTAN,25754,322.54,12.52,High Gap + Lower GHG,0.5557275541795665,0.21929824561403508,0.3875128998968008
6691728,3,59.48634505659478,57.36610551390676,73.46815570188716,140.4,135.4,145.8,79.76208812783085,Pinnacle - 902 44th Street,Multifamily Housing,BROOKLYN,48000,413.65,8.62,High Gap + Lower GHG,0.5552115583075335,0.34881320949432404,0.4520123839009288
21355105,3,59.459625834521866,59.31772730324259,66.00400404401104,148.9,149.7,150.1,90.7822726967574,ACS_108_Crossroads Juvenile Center,Other / Rare,BROOKLYN,105223,1362.99,12.95,High Gap + High GHG,0.5546955624355006,0.762641898864809,0.6586687306501549
2831193,3,59.43367964506128,17.895665578096484,52.79513964833747,266,116.2,130.1,121.6438960903169,SOUNDVIEW,Multifamily Housing,BRONX,1188700,10456.38,8.8,High Gap + High GHG,0.5541795665634675,0.9654282765737874,0.7598039215686274
6649828,3,59.4150975378687,74.1257235453139,79.43568145075405,103.4,150.4,149.4,75.2742764546861,Chartwell House Condominium (1760 Second Avenue),Multifamily Housing,MANHATTAN,180995,1703.48,9.41,High Gap + High GHG,0.5536635706914345,0.7982456140350878,0.675954592363261
7064125,3,59.41442248980165,58.87796060095806,74.34484233681826,148.9,136.8,132,78.42004288317479,599 West 176th Street,Multifamily Housing,MANHATTAN,45756,392.22,8.57,High Gap + Lower GHG,0.5531475748194015,0.3194014447884417,0.4362745098039216
21355438,3,59.33212050527717,53.238674349922206,45.880689003721336,187.4,177.8,203.3,125.19471462908268,NYPD_4510_75th Precinct,Police Station,BROOKLYN,30160,474.34,15.73,High Gap + Lower GHG,0.5526315789473685,0.41847265221878227,0.48555211558307537
2664521,3,59.26625170464026,60.74422379572914,88.0099905893006,118.6,132.3,128.9,68.15577620427086,Abro - 280 Broadway,Office,MANHATTAN,148868,1897.87,12.75,High Gap + High GHG,0.5521155830753354,0.8173374613003096,0.6847265221878225
4406635,3,59.19039818901288,65.0627169548656,73.89799517785646,149,143.9,124.6,78.69748452613521,MP Management - 4575 Park Ave,Multifamily Housing,BRONX,52547,407.7,7.76,High Gap + Lower GHG,0.5515995872033024,0.3410732714138287,0.44633642930856554
6337254,3,59.131473743666454,51.41930779435101,72.5915733992045,157.8,130.9,133,81.58069220564899,280 LIVONIA AVENUE - 44492,Multifamily Housing,BROOKLYN,328826,2698.9,8.209999999999999,High Gap + High GHG,0.5510835913312694,0.869453044375645,0.7102683178534572
6793329,3,59.01532791447724,9.473543336426786,73.77948072473757,92.2,88.1,238.7,79.86589186209791,M&I Management - 2054 NOSTRAND AVE,Multifamily Housing,BROOKLYN,41722,582.38,13.96,High Gap + High GHG,0.5505675954592363,0.5180598555211559,0.5343137254901961
6301323,3,58.996124025335185,60.74909130710002,68.92048670465655,149.5,144.7,139.6,84.52831903462429,84-11 Elmhurst Avenue,Multifamily Housing,QUEENS,35082,310.96999999999997,8.860000000000001,High Gap + Lower GHG,0.5500515995872033,0.19453044375644996,0.3722910216718266
5932279,3,58.828322493362705,75.54182073136245,74.71777742416461,156.3,153.2,103.2,78.58183333789776,170-49 Cedarcroft Road,Multifamily Housing,QUEENS,52000,328.28,6.31,High Gap + Lower GHG,0.5495356037151703,0.23168214654282765,0.390608875128999
21355578,3,58.79947406677239,59.68012954433024,76.49253154100005,135.1,130.7,141.3,80.75513152441805,QPL_11593_Hunters Point Community Library,Library,QUEENS,21800,296.17,13.59,High Gap + Lower GHG,0.5490196078431373,0.1692466460268318,0.35913312693498456
2667012,3,58.68216792982773,55.1691943686142,35.82101485845517,230.5,256.2,173,134.67730531327643,NH MEETH 208 E64th St 1043862,Other / Rare,MANHATTAN,140014,2068.17,14.77,High Gap + High GHG,0.5485036119711042,0.8312693498452013,0.6898864809081527
2817915,3,58.65827565472483,54.62159378330891,72.6588766683156,136.5,126.7,155.2,80.07243870505124,500 Trinity Avenue,Multifamily Housing,BRONX,59014,605.2700000000001,10.26,High Gap + High GHG,0.5479876160990712,0.5371517027863777,0.5425696594427245
6797527,3,58.65688664276732,56.211638387226024,104.79868365402818,114.7,109.3,120.3,54.39536751178574,630 2nd Avenue,Worship Facility,MANHATTAN,44500,410.33,9.22,High Gap + Lower GHG,0.5474716202270382,0.34520123839009287,0.44633642930856554
8570652,3,58.53358951197711,60.21919542418655,71.9545760069892,143.5,141.3,135.4,83.01555335042069,Gateway 2 - Retail E,Mixed Use Property,BROOKLYN,48459,627.65,12.95,High Gap + High GHG,0.5469556243550051,0.5474716202270382,0.5472136222910217
6123542,3,58.49069867171712,59.37996493939134,74.61124917043878,139.9,137.3,133.5,77.48101185154468,The Progressive T/A,Multifamily Housing,BROOKLYN,40444,435.95,10.78,High Gap + Lower GHG,0.5464396284829721,0.3766769865841073,0.4615583075335397
15854342,3,58.47399025106689,60.84409509474517,76.96875038269131,172.3,134.8,94.8,74.97996335350612,210 West 107th Street,Multifamily Housing,MANHATTAN,53250,394.23,7.4,High Gap + Lower GHG,0.5459236326109391,0.32301341589267285,0.434468524251806
4047221,3,58.37658756679906,56.06048332976361,86.1541463639593,127.9,121.7,130.5,64.72621122946634,Leman: 41 Broad Street,K-12 School,MANHATTAN,97962,1098.4,11.21,High Gap + High GHG,0.5454076367389061,0.7136222910216719,0.629514963880289
6676642,3,58.329974846651346,31.816051074157343,41.399817235042065,168.5,263.5,160.7,128.88394892584265,1197 East 233rd Street,Strip Mall,BRONX,56658,789.69,13.94,High Gap + High GHG,0.544891640866873,0.631062951496388,0.5879772961816305
19511732,3,58.308311869178276,55.49371675828786,71.93739635173532,150.6,132,135,79.50628324171214,ZIZI REALTY LLC 618,Multifamily Housing,MANHATTAN,27120,218.67,8.06,High Gap + Lower GHG,0.54437564499484,0.05985552115583075,0.30211558307533537
6246543,3,58.30314571902347,59.123146901985535,68.03004531877296,151.5,135.3,144.9,85.77685309801447,3153 Perry Ave,Multifamily Housing,BRONX,41400,463.09,11.19,High Gap + Lower GHG,0.543859649122807,0.40505675954592363,0.47445820433436536
24753949,3,58.212426524157046,59.741788878200964,71.19494529760519,172.5,134.1,145.2,122.44347680242973,1641 Amsterdam Avenue,Residential Care Facility,MANHATTAN,41857,407.88,9.739999999999998,High Gap + Lower GHG,0.5433436532507739,0.3415892672858617,0.4424664602683178
21354555,3,58.211270918943875,67.81958183790505,44.9142950460497,225,194.7,142.7,129.1572471641339,NYPD_4498_60th Precinct and Engine Company 245,Police Station,BROOKLYN,32400,402.77,12.43,High Gap + Lower GHG,0.542827657378741,0.33436532507739936,0.43859649122807015
6702385,3,58.20752908683549,51.253214565461974,80.13612813031949,125.3,147.4,120.4,72.84720792655696,764SRR Substance Abuse Treatment Residential,Residence Hall/Dormitory,BRONX,30990,304.37,9.82,High Gap + Lower GHG,0.542311661506708,0.18421052631578946,0.3632610939112487
6246506,3,57.99640968727869,56.664038952406514,72.37523928454696,143.5,135.3,135.5,79.56019167421078,2191 Creston Ave,Multifamily Housing,BRONX,49896,533.22,10.69,High Gap + Lower GHG,0.541795665634675,0.47678018575851394,0.5092879256965944
3065498,3,57.97830968037436,57.00207403429022,86.2501079574762,75.8,175,127.2,70.19792596570979,1215 - OZONE PARK,Retail Store,QUEENS,122384,753.8299999999999,6.159999999999999,High Gap + High GHG,0.5412796697626419,0.6202270381836945,0.5807533539731682
1836368,3,57.90120013399181,57.94423888408673,83.76522836465648,121.6,124,137.2,68.29861691268097,Q266 (OECID: 0401479; BBL: 4078700074),K-12 School,QUEENS,81600,913.96,11.2,High Gap + High GHG,0.5407636738906089,0.6676986584107327,0.6042311661506707
10790876,3,57.886350441171885,66.73298964097268,63.913074735094206,153.6,151.2,154,114.49156737326581,ANHI / The Stadium,Other - Lodging/Residential,BRONX,37500,466.04,12.43,High Gap + Lower GHG,0.5402476780185759,0.40918472652218785,0.47471620227038186
2903068,3,57.75283252080573,56.35422085812148,86.83697388234654,94.3,121.4,156.9,67.31272284939372,151 West 30th Street,Office,MANHATTAN,85517,1259.6899999999998,14.73,High Gap + High GHG,0.5397316821465429,0.7466460268317854,0.6431888544891642
10454830,3,57.667578706013984,55.22211192038094,28.921481149450386,257.6,271.9,247.6,208.52476912813498,David H Koch Center,Hospital (General Medical & Surgical),MANHATTAN,878098,18333.95,20.88,High Gap + High GHG,0.5392156862745098,0.9860681114551083,0.762641898864809
6683254,3,57.66293743507197,55.257825354211946,86.79356337376278,115.6,120.3,137,69.50940579919752,8 WEST 36 STREET,Office,MANHATTAN,34430,361.8,10.51,High Gap + Lower GHG,0.5386996904024768,0.2776057791537668,0.40815273477812175
6787807,3,57.51664712353363,50.9250683156224,48.48340048552807,209,168.9,144.9,103.66048134131474,Abrons Art Center,Performing Arts,MANHATTAN,52664,535.55,10.17,High Gap + Lower GHG,0.5381836945304438,0.47936016511867907,0.5087719298245614
6898063,3,57.474545183316394,58.27738521828712,122.43659077364568,109.5,98.7,105.1,46.82261478171287,1301 Avenue J,Office,BROOKLYN,30500,278.38,9.13,High Gap + Lower GHG,0.5376676986584107,0.14138286893704852,0.3395252837977296
6352422,3,57.367993321607905,57.95868731489317,71.80724964885815,145.8,134.5,131.5,79.71587436936615,250 West 78th Street,Multifamily Housing,MANHATTAN,45976,392.91,8.55,High Gap + Lower GHG,0.5371517027863777,0.3204334365325077,0.4287925696594427
6066883,3,57.310964983107915,58.145464727513954,64.1664605992614,148,168.9,127.5,95.96524660489962,"Faile 700, LLC",Multifamily Housing,NA,17940,171.5,9.56,High Gap + Lower GHG,0.5366357069143447,0.025799793601651185,0.28121775025799794
6775017,3,57.278596510143856,18.499805883792874,80.17498146713385,91.6,85.5,209.2,71.39380529913771,Sacks: 162 W 56th St.,Multifamily Housing,MANHATTAN,107656,1368.92,12.72,High Gap + High GHG,0.5361197110423117,0.7631578947368421,0.649638802889577
3529390,3,57.25438715197148,48.64451089381545,72.53453457953731,160.7,125.8,121.2,78.48153996789561,Harbor View Towers Tenants Corporation (8901 Shore Rd),Multifamily Housing,BROOKLYN,62740,487.36,7.77,High Gap + Lower GHG,0.5356037151702786,0.43137254901960786,0.48348813209494323
7435861,3,57.229813287857446,56.746605838334915,67.75155053325125,153.7,129.9,141,84.253394161665085,Icon Second Ave,Multifamily Housing,MANHATTAN,36720,395.71,10.78,High Gap + Lower GHG,0.5350877192982456,0.32610939112487103,0.4305985552115583
21355255,3,57.19185931584819,56.604127532137866,87.83129808510824,123.3,123.6,121,64.39587246786213,DOHMH_3467_Prison Health Warehouse,Non-Refrigerated Warehouse,QUEENS,16700,177.18,10.61,High Gap + Lower GHG,0.5345717234262126,0.027347781217750257,0.28095975232198145
2831062,3,57.18893328715364,58.15541600795254,73.97834688028772,141.4,133.9,128.3,78.26195940271994,HERNANDEZ,Multifamily Housing,MANHATTAN,139321,1140.44,8.19,High Gap + High GHG,0.5340557275541795,0.7213622291021672,0.6277089783281733
6693144,3,57.145529752614216,56.37292531211219,56.038023534902486,164.7,154.7,158.4,105.59484550289031,"Emmons Development, LLC",Other - Lodging/Residential,BROOKLYN,32009,436.83,13.65,High Gap + Lower GHG,0.5335397316821465,0.3782249742002064,0.45588235294117646
21355576,3,57.12818101392774,53.2939238413191,63.943499751536535,159.5,135.6,143.7,90.40607615868089,DHS_10359_Sirovich Senior SRO Residence,Other - Lodging/Residential,MANHATTAN,63335,625.92,9.88,High Gap + High GHG,0.5330237358101135,0.5464396284829721,0.5397316821465428
6686999,3,57.02553934040415,57.58812829525807,74.8509263945516,141.1,124.7,133.5,75.91187170474193,Abro - 231 Sherman Avenue,Multifamily Housing,MANHATTAN,47500,432.71,9.11,High Gap + Lower GHG,0.5325077399380805,0.37100103199174406,0.4517543859649123
3109221,3,56.99821198514396,78.4938302826381,73.37271141052737,91.3,157.8,156.3,77.80616971736191,Highbridge 1275 Nelson Ave.,Multifamily Housing,BRONX,70985,756.88,10.66,High Gap + High GHG,0.5319917440660474,0.6212590299277606,0.576625386996904
6793539,3,56.914635672999324,52.05236730989621,67.07816631467254,137.1,139.2,149.8,82.59418154558891,255-259 WEST 116TH STREET: 255-259 WEST 116TH STREET,Multifamily Housing,MANHATTAN,26800,268.1,10,High Gap + Lower GHG,0.5314757481940144,0.12332301341589268,0.32739938080495357
10791090,3,56.891318842238384,66.94785339949405,99.16165620581465,88,130.9,123.9,56.95214660050596,178 LIVINGSTON STREET - [180 Livingston Street],Office,BROOKLYN,255278,3224.63,12.63,High Gap + High GHG,0.5309597523219814,0.8875128998968008,0.7092363261093911
2831161,3,56.87682302690448,54.90355635203203,76.68528204037554,126.2,127.8,139.5,73.70079108667133,RED HOOK WEST (SITES 19-25) - 3005330001 - CONED,Multifamily Housing,BROOKLYN,331110,2453.19,7.41,High Gap + High GHG,0.5304437564499485,0.8565531475748194,0.6934984520123839
2652722,3,56.8450404706968,57.54455014721327,74.10273622602503,153.1,113.1,133.6,76.05544985278672,96 Fifth Avenue,Multifamily Housing,MANHATTAN,170000,1867.25,10.98,High Gap + High GHG,0.5299277605779154,0.8132094943240454,0.6715686274509804
6689716,3,56.81948893525166,61.636396564392726,71.72592121900932,126.1,139.7,143.2,78.54752235620536,4841 Broadway,Multifamily Housing,MANHATTAN,44275,400.86,9.05,High Gap + Lower GHG,0.5294117647058824,0.33126934984520123,0.43034055727554177
2831265,3,56.66998597970733,60.27343331577801,71.07432444119719,138.4,141.8,129.4,81.38837126584973,WILSON,Multifamily Housing,MANHATTAN,460700,3856.88,8.370000000000001,High Gap + High GHG,0.5288957688338494,0.9035087719298246,0.7162022703818369
6309221,3,56.60571987748521,60.656751050545964,53.72580212050547,152.6,169.6,165.1,104.44324894945403,Zabar's,Other / Rare,MANHATTAN,40483,650.61,16.07,High Gap + High GHG,0.5283797729618163,0.5660474716202271,0.5472136222910217
6701568,3,56.55203323358828,54.34841630445423,68.76695436077183,139.7,143.7,134,83.49708845828489,JC Dwight - 400 EAST 50TH STREET,Multifamily Housing,MANHATTAN,26610,266.66,10.02,High Gap + Lower GHG,0.5278637770897833,0.12229102167182662,0.32507739938080493
3114298,3,56.54407069723268,56.21418673778358,76.73752390004616,132,155.1,104.2,73.48924873956926,MiMA,Multifamily Housing,MANHATTAN,1120861,8978.359999999999,8.01,High Gap + High GHG,0.5273477812177503,0.9545923632610939,0.7409700722394221
2830960,3,56.54076953588022,54.623021082909446,73.4099705615918,131,130.9,138.7,77.89773572282128,BLAND,Multifamily Housing,QUEENS,432500,3774.53,8.729999999999999,High Gap + High GHG,0.5268317853457173,0.8998968008255934,0.7133642930856554
3106220,3,56.46505834417218,42.099238579660536,74.95166046541426,113.3,108.4,171.1,77.67040994849818,Stellar - 185 St. Marks Place,Multifamily Housing,STATEN IS,262257,3002.36,11.45,High Gap + High GHG,0.5263157894736842,0.8818369453044376,0.7040763673890609
4409212,3,56.46479455558516,58.87852940513901,87.99763793917009,123.6,122,116.4,64.81515574930278,1650 Broadway,Office,MANHATTAN,103040,1193.71,11.58,High Gap + High GHG,0.5257997936016512,0.7291021671826625,0.6274509803921569
6382845,3,56.46362299012811,52.19710385685339,69.88371538831576,148.5,130.2,132.7,80.5028961431466,560 Isham Street,Multifamily Housing,MANHATTAN,37860,305.12,8.06,High Gap + Lower GHG,0.5252837977296182,0.18575851393188855,0.3555211558307534
15101122,3,56.43636663457156,58.912428637960204,112.62817724191183,97.5,110.6,112.6,47.44079107386227,5700 49 Place,Distribution Center,QUEENS,73590,699.3499999999999,9.5,High Gap + High GHG,0.5247678018575851,0.5928792569659442,0.5588235294117647
15333817,3,56.401131491412045,57.497572161476455,74.94037083711032,135.4,134,125.8,74.82921362602461,KM 596 Riverside Drive,Multifamily Housing,MANHATTAN,53832,421.3,7.83,High Gap + Lower GHG,0.5242518059855521,0.3560371517027864,0.44014447884416924
2008956,3,56.400454471015415,45.58021779211656,83.75417823928156,148.3,109,114.2,68.61978220788345,304 - The Verdesian,Multifamily Housing,NA,300000,2290.2799999999997,7.63,High Gap + High GHG,0.5237358101135191,0.8477812177502579,0.6857585139318885
15552571,3,56.35986870906533,50.2680211748156,71.79870796380644,132.9,133.5,142.3,72.1767340706269,"ACP BK I, LLC (630 Flushing Avenue)_Campus",Manufacturing/Industrial Plant,BROOKLYN,599291,7855.79,13.11,High Gap + High GHG,0.5232198142414861,0.9484004127966976,0.7358101135190919
23261506,3,56.35566116252439,56.78700435420398,107.52605488857657,101.7,107.7,116.8,54.03081956064388,90 Varick Avenue,Refrigerated Warehouse,BROOKLYN,36952,438.44,11.87,High Gap + Lower GHG,0.522703818369453,0.3797729618163055,0.45123839009287925
10853174,3,56.34676697949175,56.5973180471766,74.6736169055336,138.2,125.2,131.8,75.20268195282341,Heritage - 40 Arden,Multifamily Housing,MANHATTAN,58030,606.19,10.45,High Gap + High GHG,0.52218782249742,0.5392156862745098,0.5307017543859649
6793330,3,56.32464370991992,50.73414573610761,68.36915430563437,153.3,131,131.3,82.26636617739364,M&I Management - 65 POST AVE,Multifamily Housing,MANHATTAN,29990,235.89,7.87,High Gap + Lower GHG,0.521671826625387,0.07791537667698659,0.2997936016511868
2944936,3,56.32101925754985,56.11423994175422,75.42543081441686,134.1,130.2,128.7,73.24977937370059,ABC 77W,Office,MANHATTAN,393795,4860.13,12.34,High Gap + High GHG,0.5211558307533539,0.9195046439628483,0.7203302373581011
10021079,3,56.214605776394755,78.52639699273195,71.60240806292025,170.2,80.3,155.3,76.77360300726806,City Skyline: 226 W 242nd St,Multifamily Housing,NA,65805,783,11.9,High Gap + High GHG,0.5206398348813209,0.6289989680082559,0.5748194014447885
2647074,3,56.20720671989429,55.83355251969729,52.11199218611394,181.6,162.2,150.2,112.093232956559,135 Vanderbilt Avenue,Senior Living Community,STATEN IS,109277,1264.21,11.57,High Gap + High GHG,0.5201238390092879,0.7476780185758514,0.6339009287925697
6282782,3,56.18101311110153,57.863356279468846,68.93274834824896,142.5,137.4,133.2,80.91195794068548,Merchants: 88 Franklin St,Multifamily Housing,MANHATTAN,36905,439.2,11.9,High Gap + Lower GHG,0.5196078431372549,0.38080495356037153,0.45020639834881326
4039173,3,56.17284270535775,29.15519880212507,71.58428412707231,107.4,97.5,198,78.70401886801416,Century - 10 West 15th Street (Child - 5 West 14th),Multifamily Housing,MANHATTAN,197984,2531.8900000000003,12.79,High Gap + High GHG,0.5190918472652218,0.8606811145510835,0.6898864809081526
3995023,3,56.14233984400396,57.52838346395744,72.82374593044813,140.6,133.6,125.8,78.49488190487536,275 West 96th Street and 250 West 97th Street (Parent Property),Multifamily Housing,MANHATTAN,450751,3749.21,8.32,High Gap + High GHG,0.5185758513931888,0.8988648090815273,0.7087203302373581
2831011,3,56.129327470769546,19.81069016059864,71.73718932436161,211.9,91.3,97.9,78.08930983940137,DOUGLASS ADDITION,Multifamily Housing,MANHATTAN,150080,1006.85,6.71,High Gap + High GHG,0.5180598555211559,0.6898864809081527,0.6039731682146543
17290156,3,56.12920553854631,56.349581458308506,107.82630467865305,147.4,107.9,66,48.18900301819605,430 New Dorp Lane,Strip Mall,STATEN IS,41909,230.95,5.51,High Gap + Lower GHG,0.5175438596491229,0.07327141382868937,0.29540763673890613
6388497,3,56.11599937606241,58.673479607605046,69.28839030206242,145.9,125.7,139.3,80.62652039239497,42-37 Union Street,Multifamily Housing,QUEENS,49925,398.66,7.99,High Gap + Lower GHG,0.5170278637770898,0.3281733746130031,0.42260061919504643
2817607,3,56.10819002505086,51.40913350646798,77.4131223793964,144.1,122.4,118.8,72.1494677178092,4861 Bway,Multifamily Housing,MANHATTAN,158247,1479.47,9.35,High Gap + High GHG,0.5165118679050568,0.7781217750257998,0.6473168214654283
21355393,3,56.09478556691105,54.38953572008755,49.92698691394445,169.9,161.9,174.4,109.33736069624807,NYPD_4435_14th Precinct (Midtown South),Police Station,MANHATTAN,40107,507.9899999999999,12.67,High Gap + Lower GHG,0.5159958720330238,0.45562435500515996,0.48581011351909187
5858531,3,55.99390272236702,60.95097970244811,91.16416546656919,127.5,119.7,105,59.93362268162911,1010 East 178th Street,K-12 School,BRONX,214344,1512.83,7.06,High Gap + High GHG,0.5154798761609907,0.7801857585139319,0.6478328173374612
2963919,3,55.97366365421118,59.957802398406514,70.76228821095623,142.1,137.4,125.8,79.32088575583802,1035 Woodycrest Avenue,Multifamily Housing,BRONX,72000,554.1800000000001,7.7,High Gap + Lower GHG,0.5149638802889577,0.4979360165118679,0.5064499484004128
13422989,3,55.96961404654608,67.84858693865529,65.01012261331377,168.3,150.4,106.1,84.40793798266412,Bay Terrace Coop 1 - 4058570002,Multifamily Housing,QUEENS,140800,940.55,6.68,High Gap + High GHG,0.5144478844169247,0.675954592363261,0.5952012383900929
6160991,3,55.94786105845294,61.286575930831404,73.2253421862338,140,119.5,137.2,75.91342406916858,89-10 Whitney Avenue,Multifamily Housing,QUEENS,89293,947.06,10.61,High Gap + High GHG,0.5139318885448917,0.6775025799793601,0.595717234262126
26684887,3,55.90892586675907,34.25331577948589,73.46736092053295,112.3,102.2,181.9,75.83162560977466,84-50 169th Street,Multifamily Housing,QUEENS,93000,1122.23,12.07,High Gap + High GHG,0.5134158926728586,0.7162022703818369,0.6148090815273477
3122828,3,55.88448215604377,64.09002081812957,75.36928294271098,155.6,137.1,97.1,74.01983887102986,138 SHARP REALTY LLC,Multifamily Housing,BRONX,145936,917.32,6.29,High Gap + High GHG,0.5128998968008256,0.6697626418988648,0.5913312693498451
1454367,3,55.86760107170042,56.90840842627499,51.91733858085858,164.5,160.7,165.2,108.291591573725,Lotte New York Palace,Hotel,MANHATTAN,882210,9947.64,11.28,High Gap + High GHG,0.5123839009287926,0.9607843137254902,0.7365841073271414
3128945,3,55.86528834120608,48.79322507006631,70.54604598695623,156,125,122.7,77.34454241720938,Q570 (OECID: 0401666; BBL: 4006390016),K-12 School,QUEENS,128400,1641.37,12.78,High Gap + High GHG,0.5118679050567595,0.7925696594427245,0.6522187822497421
6282498,3,55.85021520815918,52.24738936325659,67.25858340983012,154.8,132.9,128.3,82.48243354006422,Bethel: 173 Henry St,Multifamily Housing,MANHATTAN,36121,287.97999999999996,7.970000000000001,High Gap + Lower GHG,0.5113519091847265,0.15531475748194015,0.3333333333333333
6691414,3,55.84550123260878,52.84846371430413,64.7627018214369,158.2,136.6,130.9,86.16185402729965,4901 8TH AVE INC,Multifamily Housing,BROOKLYN,32000,275.89,8.62,High Gap + Lower GHG,0.5108359133126935,0.13415892672858618,0.32249742002063986
21355296,3,55.81741356841068,50.38661945278173,46.935520034888164,157.4,169.7,202.2,116.24751832846829,DSNY_3883_Manhattan 10 District Garage,Vehicle Repair Services,MANHATTAN,67564,828.9599999999999,12.27,High Gap + High GHG,0.5103199174406605,0.6434468524251806,0.5768833849329206
6282899,3,55.78907714680067,54.1401625121658,72.39075554399606,138.9,127.5,132.1,77.95983748783419,Sandra Greer: 181 7th Avenue,Multifamily Housing,MANHATTAN,37831,333.46999999999997,8.81,High Gap + Lower GHG,0.5098039215686274,0.239422084623323,0.37461300309597523
3238504,3,55.78069607418628,62.83437387630166,124.3326254992884,110.5,109.5,82.3,44.684056367775526,300 West 43rd Street (671 8 AVENUE),Office,MANHATTAN,72038,600.62,8.34,High Gap + High GHG,0.5092879256965944,0.5325077399380805,0.5208978328173375
1634481,3,55.77419645021969,10.624692551676965,92.23476549608706,76.5,72.5,208.1,59.9908712385022,K195 (OECID: 0300197; BBL: 3087520035),K-12 School,BROOKLYN,56400,674.26,11.96,High Gap + High GHG,0.5087719298245614,0.5799793601651186,0.54437564499484
4039530,3,55.73781221362117,53.84986826902282,74.19989208803385,140.4,122.9,129,75.15013173097718,UESS_97-30 57th Avenue,Multifamily Housing,QUEENS,238122,1938.85,8.139999999999999,High Gap + High GHG,0.5082559339525283,0.8204334365325078,0.6643446852425181
6283330,3,55.73758603327553,54.809757441021475,26.49195170144765,268.3,270,263.9,200.11277792961366,CO/VZT/862 LIBERTY AVE/BROOKLYN/NY,Data Center,BROOKLYN,51531,1478.91,28.7,High Gap + High GHG,0.5077399380804953,0.7776057791537667,0.6426728586171311
2652643,3,55.72413563087393,53.10417362599672,76.29677261869024,138,124.3,123.8,73.3094536319216,165 East 35th Street,Multifamily Housing,MANHATTAN,96102,1035.24,10.77,High Gap + High GHG,0.5072239422084623,0.695046439628483,0.6011351909184727
2771462,3,55.70218931794205,55.02277109403023,70.25726832303788,135,132.7,137.5,78.6178349617687,Pharos Realty LLC(23-30 Newtown),Multifamily Housing,QUEENS,57000,493.22,8.65,High Gap + Lower GHG,0.5067079463364293,0.4406604747162023,0.4736842105263158
4041531,3,55.689927063881846,53.60864941619995,78.67327140323069,126.1,109.6,143.5,70.49935125174227,210 Amsterdam Avenue - 40508,Multifamily Housing,MANHATTAN,176054,1690.6799999999998,9.6,High Gap + High GHG,0.5061919504643962,0.7977296181630547,0.6519607843137254
2807294,3,55.637170187748666,59.88525146969501,77.07125216093519,119.6,130.9,133.7,71.62033581982269,The Times Square,Multifamily Housing,MANHATTAN,225464,2211.54,9.81,High Gap + High GHG,0.5056759545923633,0.8426212590299278,0.6741486068111455
15565169,3,55.61253988681876,55.64983843002271,77.709839605271,130.2,126.7,124.6,71.2325193268042,175 West 72nd Street AKA 261-267 Amsterdam Avenue,Multifamily Housing,MANHATTAN,111997,925.83,8.27,High Gap + High GHG,0.5051599587203303,0.672858617131063,0.5890092879256966
8542663,3,55.603791773220976,49.20818483872068,70.90812188930403,126.7,160.2,116.2,80.82144537980513,The Crossings 4183 (Staten Island),Strip Mall,STATEN IS,80307,829.7,10.33,High Gap + High GHG,0.5046439628482973,0.6439628482972136,0.5743034055727554
2795272,3,55.58837580695476,46.92355778213232,62.67874713397594,164.1,131,137,90.07644221786768,330 Belmont Avenue,Other / Rare,BROOKLYN,80000,752.3499999999999,9.4,High Gap + High GHG,0.5041279669762642,0.6197110423116615,0.5619195046439629
6701576,3,55.583057782117244,55.18534703901473,69.81219375429684,137.9,133.3,134.7,79.68583490556914,JC Dwight - 353 EST 53RD STREET,Multifamily Housing,MANHATTAN,38934,372.66,9.57,High Gap + Lower GHG,0.5036119711042312,0.29463364293085653,0.3991228070175439
26684995,3,55.4856929159909,76.08402847378234,99.99656497313994,66.4,135.3,131.9,55.815971526217666,1 Great Jones Alley,Multifamily Housing,MANHATTAN,47462,654.8,13.8,High Gap + High GHG,0.5030959752321982,0.5686274509803921,0.5358617131062952
15583500,3,55.430338751830845,52.56725550825078,94.99757891935164,103,133.6,131.3,80.50122665698926,650 Fountain Ave,Refrigerated Warehouse,BROOKLYN,89914,1157.1799999999998,12.87,High Gap + High GHG,0.5025799793601651,0.7249742002063984,0.6137770897832817
10317584,3,55.379323691287404,79.8199853286452,37.569693524130074,237.9,136.4,222.1,142.2800146713548,Jewish Home and Hospital 120 W 106,Senior Living Community,MANHATTAN,216559,3316.84,15.32,High Gap + High GHG,0.5020639834881321,0.8900928792569659,0.696078431372549
2809987,3,55.37615257607408,53.907345801738344,74.25209071736842,127.8,133.4,130.2,76.29265419826164,McVickar,College/University,MANHATTAN,54203,498.58,9.2,High Gap + Lower GHG,0.5015479876160991,0.4458204334365325,0.4736842105263158
3245736,3,55.36292825774244,55.96217978202198,71.746707016551,140.7,123.8,132.8,76.83782021797803,782 Pelham Pkwy South,Multifamily Housing,BRONX,90971,947.86,10.42,High Gap + High GHG,0.5010319917440661,0.6780185758513931,0.5895252837977296
2664379,3,55.357281113066,24.296601484789093,70.43072405193828,103.1,100,197.1,79.0364802808373,Pinnacle CHILD - 63-70 Austin Street,Multifamily Housing,QUEENS,37623,470.08,12.49,High Gap + Lower GHG,0.500515995872033,0.41279669762641896,0.45665634674922595
21355567,3,55.35206753440169,58.26698511909915,83.73327756281742,109,124.1,131.7,65.60768499209367,DPR_9495_High Line Maintenance and Operations Building,Office,MANHATTAN,24641,330.24,13.4,High Gap + Lower GHG,0.5,0.23426212590299278,0.3671310629514964
15356530,3,55.33530556400568,63.188165144204135,76.35989140071133,140.1,104.4,139.2,76.01183485579585,12 West 32nd Street,Office,MANHATTAN,33117,354.42999999999995,10.7,Lower Gap + Lower GHG,0.49948400412796695,0.26831785345717235,0.38390092879256965
23372837,3,55.27550727294571,52.5863958434945,72.19926745513466,140.7,126.2,128.3,75.71360415650551,Hampshire Coop Inc,Multifamily Housing,QUEENS,118746,1072.91,9.04,Lower Gap + High GHG,0.49896800825593396,0.7089783281733746,0.6039731682146543
3512124,3,55.22981627604173,69.355492064468,28.51028929023922,270.5,222.8,257.4,185.65090694770018,CO/VZT/208 E 79 ST/NEW YORK/NY,Data Center,MANHATTAN,146975,3776,25.69,Lower Gap + High GHG,0.4984520123839009,0.9004127966976264,0.6994324045407636
21355508,3,55.141485382258395,52.750016646832265,64.85031440678682,137.4,135.2,148.1,84.5436429967781,NYPL_4688_Stapleton Branch Library,Library,STATEN IS,10860,148.95000000000002,13.72,Lower Gap + Lower GHG,0.4979360165118679,0.017543859649122806,0.25773993808049533
6299747,3,55.10295483514971,49.02750017890702,66.89403769855363,128.3,131.2,153.9,81.12098725374811,Arista: 1105 Morrison Ave,Multifamily Housing,BRONX,49514,482.62,9.75,Lower Gap + Lower GHG,0.49742002063983487,0.4277605779153767,0.46259029927760575
2440154,3,55.08669745464774,56.769885365960405,75.96459790898132,131.8,141.7,108.7,69.78871028188209,335 W 16,College/University,MANHATTAN,50607,488.89,9.66,Lower Gap + Lower GHG,0.4969040247678019,0.43395252837977294,0.4654282765737874
6292146,3,55.051516984118955,57.57074664303673,43.30930592096871,199.4,184.9,161.8,126.24518929055867,Ruben & Ruben Food Corp,Supermarket/Grocery Store,QUEENS,26978,471.7,17.479999999999997,Lower Gap + Lower GHG,0.49638802889576883,0.41589267285861714,0.45614035087719296
6727013,3,54.99115414167992,47.05290409391219,51.460319118420855,179.9,150.3,154.9,107.84709590608782,August Wilson Theatre,Performing Arts,MANHATTAN,30730,423.69,13.79,Lower Gap + Lower GHG,0.49587203302373584,0.36016511867905054,0.4280185758513932
10894163,3,54.95654411205653,52.12632206022698,58.231900201681235,141.2,145.1,161.9,94.48539363581584,Progressive - 1295 Morris Avenue,Multifamily Housing,BRONX,34857,350.89,10.07,Lower Gap + Lower GHG,0.4953560371517028,0.2631578947368421,0.37925696594427244
26645907,3,54.90464583459291,58.25402233369287,61.87591662474444,132.5,149.3,148.9,90.64597766630713,NYC-East Village NY MOXY,Hotel,MANHATTAN,103917,1362.64,13.11,Lower Gap + High GHG,0.49484004127966974,0.762125902992776,0.6284829721362228
6779012,3,54.849332996657886,59.848802825471324,82.58622265327061,134.5,125.9,103.6,66.95167260810355,250 West Broadway,Office,MANHATTAN,45000,324.48999999999995,7.21,Lower Gap + Lower GHG,0.49432404540763675,0.22394220846233232,0.35913312693498456
3109642,3,54.841634634082936,57.16517169386576,66.96432979060621,131.7,140.7,138,80.83482830613424,Highbridge 1419 Shakespeare Ave.,Multifamily Housing,BRONX,58700,505.69,8.61,Lower Gap + Lower GHG,0.4938080495356037,0.4535603715170279,0.4736842105263158
6292585,3,54.797846753164826,56.61607756817787,29.484665101768627,234.4,244.2,244.4,182.24808032453876,Stop &amp; Shop 508- 64-45 Myrtle Avenue,Supermarket/Grocery Store,QUEENS,31796,672.09,21.14,Lower Gap + High GHG,0.4932920536635707,0.5789473684210527,0.5361197110423117
6671707,3,54.6221006540662,47.2483298466002,63.86157952941763,126.3,132.2,163.3,84.54233486110624,RMR: 1016 Union St,Multifamily Housing,BROOKLYN,28117,355.98999999999995,12.66,Lower Gap + Lower GHG,0.49277605779153766,0.27038183694530443,0.381578947368421
6688871,3,54.480821436273565,53.58882249055935,66.8108178052184,166.4,133.4,107.3,80.95561783377923,1634-1640 St Nicholas Ave LLC (aka 573 West 192nd St),Multifamily Housing,MANHATTAN,37860,284.07,7.5,Lower Gap + Lower GHG,0.49226006191950467,0.1480908152734778,0.3201754385964912
25762128,3,54.4339957134328,51.66453564569173,73.10754304682808,127.4,140.2,119.3,74.1915421681886,Halsead - 838 Fifth Avenue,Multifamily Housing,MANHATTAN,70892,742.4499999999999,10.47,Lower Gap + High GHG,0.4917440660474716,0.6109391124871001,0.5513415892672858
21354534,3,54.41739333183421,51.653795805829475,58.14819176429993,138.6,142.7,162,96.49916571743115,H+H_4311_Dr. Susan Smith McKinney Nursing Center,Other / Rare,BROOKLYN,175193,1783.01,10.18,Lower Gap + High GHG,0.49122807017543857,0.8059855521155831,0.6486068111455108
4043896,3,54.38844283712488,50.30776739221944,119.80089292552408,112,95,91.9,43.433620636764445,Dura-Kleen - 414 East 101st St,Non-Refrigerated Warehouse,BROOKLYN,62108,312.76,5.04,Lower Gap + Lower GHG,0.4907120743034056,0.20072239422084623,0.3457172342621259
3103489,3,54.3831271577688,59.70565417202724,65.3832597181766,131.8,145,138,78.29434582797276,Myrtle Hall,College/University,BROOKLYN,133424,1494.33,11.2,Lower Gap + High GHG,0.49019607843137253,0.7796697626418989,0.6349329205366357
2665599,3,54.357968688171034,48.88268769517639,70.55802218190298,146.3,124.7,122.5,75.56688872302983,Stellar - 288 9th Street,Multifamily Housing,NA,165367,1246.72,7.54,Lower Gap + High GHG,0.48968008255933954,0.7435500515995872,0.6166150670794633
26528367,3,54.31955352666467,66.80440302948033,72.24094234001281,150,141.5,99.1,78.08716217892933,"4th Corp - K Buildings (5740,139)",Multifamily Housing,QUEENS,319886,2025.23,6.33,Lower Gap + High GHG,0.4891640866873065,0.827141382868937,0.6581527347781218
7773412,3,54.30132241894822,53.36267270427453,44.7092254797516,168.5,175.9,184.4,118.43484485965777,Holliswood Center,Residential Care Facility,QUEENS,75600,921.09,12.18,Lower Gap + High GHG,0.4886480908152735,0.6707946336429309,0.5797213622291022
6694915,3,54.28561749043529,51.66877821115648,64.96973158728274,152.6,124.6,136.1,84.43122178884352,BRG - 4323 Ithaca st,Multifamily Housing,QUEENS,29070,244.07,8.4,Lower Gap + Lower GHG,0.48813209494324045,0.08771929824561403,0.28792569659442724
2831224,3,54.19995911031981,48.05555358884635,68.30394901450249,146.3,126.1,128.3,80.6815879144766,TWO BRIDGES URA (SITE 7),Multifamily Housing,MANHATTAN,256556,2192.75,8.55,Lower Gap + High GHG,0.48761609907120745,0.8400412796697626,0.663828689370485
24727173,3,54.19825481343826,58.03276062204006,53.4369216917231,167.8,162.2,135,93.25979118796305,208-02 Cross Island Pkwy,Strip Mall,QUEENS,38475,449.32,11.68,Lower Gap + Lower GHG,0.4871001031991744,0.3937048503611971,0.44040247678018574
6011156,3,54.183981890999796,59.48419534909898,78.6187181180129,140.3,125.8,105.6,73.62888933840973,60 Henry Street,Multifamily Housing,MANHATTAN,74990,598.75,7.98,Lower Gap + High GHG,0.48658410732714136,0.5304437564499485,0.5085139318885449
16757839,3,54.129264822329084,47.51365725948419,86.74929043188517,131.7,108.5,108.9,61.386342740515815,46-02 31 AVENUE,Worship Facility,QUEENS,55500,469.83,8.47,Lower Gap + Lower GHG,0.48606811145510836,0.41228070175438597,0.44917440660474717
2673415,3,54.03249516194821,57.16445991814922,69.22342609816185,123.3,137.2,136,78.83554008185078,DEPM 1184 PARENT - 203 East 72nd St,Multifamily Housing,MANHATTAN,211721,2164.3500000000004,10.22,Lower Gap + High GHG,0.4855521155830753,0.8374613003095975,0.6615067079463364
6309257,3,53.97765528054024,53.74899777993005,70.30944692496081,132.7,128.7,131,76.2362353739414,61 East 77th Street,Multifamily Housing,MANHATTAN,49000,738.62,15.07,Lower Gap + High GHG,0.4850361197110423,0.609391124871001,0.5472136222910217
8138516,3,53.969979839085205,54.467312626822185,88.96583531287708,124,114.9,104.9,60.412034859791554,141-52 33 ave,Multifamily Housing,QUEENS,25807,157.96,6.119999999999999,Lower Gap + Lower GHG,0.4845201238390093,0.02218782249742002,0.2533539731682147
16090043,3,53.95561560650227,52.867412963308794,69.08772997452576,130.6,131.6,134,77.69151127451815,Betances I,Multifamily Housing,BRONX,303118,2636.12,8.7,Lower Gap + High GHG,0.4840041279669763,0.8679050567595459,0.675954592363261
2921585,3,53.93450791066101,54.73998057553588,70.03508663656336,135.6,129.9,127.4,77.59223189256547,43-05 44th Street,Multifamily Housing,QUEENS,73088,747.2,10.22,Lower Gap + High GHG,0.48348813209494323,0.6150670794633643,0.5492776057791537
1634496,3,53.914944966748536,50.47499702096238,79.35552938741792,138.3,116.4,109.8,65.3768586538458,K860 (OECID: 0300259; BBL: 3046500015),K-12 School,BROOKLYN,26510,226.54,8.55,Lower Gap + Lower GHG,0.48297213622291024,0.0696594427244582,0.27631578947368424
3211708,3,53.909028333831884,55.94481258306807,72.38369544398161,133.9,128.5,122.8,74.37963144241115,640 Fort Washington Avenue,Multifamily Housing,MANHATTAN,71513,516.88,7.23,Lower Gap + Lower GHG,0.4824561403508772,0.4633642930856553,0.4729102167182663
6812013,3,53.78872409867538,57.44608086789596,77.68703123705937,127.2,115.6,126.4,68.95391913210405,397 West 12th Street,Multifamily Housing,MANHATTAN,27978,300.38,10.739999999999998,Lower Gap + Lower GHG,0.48194014447884415,0.17698658410732715,0.32946336429308565
6710327,3,53.78287321645489,50.347574275798806,62.89448895672481,150.8,132.1,134.5,84.1524257242012,515 West 122nd Street,Multifamily Housing,MANHATTAN,25017,199.56,7.98,Lower Gap + Lower GHG,0.48142414860681115,0.043343653250773995,0.2623839009287926
11655228,3,53.760512529377614,55.6743769776844,76.79278796293903,129.8,112.9,129.5,66.62689414501283,Block: 376 Bay 44th St,K-12 School,BROOKLYN,34938,324.03,9.27,Lower Gap + Lower GHG,0.4809081527347781,0.22291021671826625,0.35190918472652216
6282497,3,53.71574502531958,52.96010858839726,69.13057175787547,138.6,128.7,126.8,76.60124724545801,Bertuna: 9330 Fort Hamilton Pkwy,Multifamily Housing,BROOKLYN,34668,263.17,7.59,Lower Gap + Lower GHG,0.4803921568627451,0.11661506707946337,0.29850361197110425
9420816,3,53.65410861682525,53.43185496731215,68.42650615466057,128.6,132.1,135.6,77.73323634291654,758 Kelly Street,Multifamily Housing,BRONX,49980,487.92,9.76,Lower Gap + Lower GHG,0.47987616099071206,0.4329205366357069,0.4563983488132095
6790061,3,53.6248663424263,23.95864282283071,25.042238583000255,336.2,236.8,219.6,202.791984176281,Stop &amp; Shop 2513 - 4343 Amboy Road,Supermarket/Grocery Store,STATEN IS,38690,720.2,18.610000000000003,Lower Gap + High GHG,0.47936016511867907,0.6006191950464397,0.5399896800825594
21355675,3,53.59110910456513,47.43356570744959,43.584567403420635,190.9,170.5,184.9,137.46643429255042,DPR_3684_Williamsbridge Oval Field House,Other - Recreation,NA,7396,83.41000000000001,11.28,Lower Gap + Lower GHG,0.478844169246646,0.006707946336429308,0.24277605779153766
4952497,3,53.57098214604948,54.02592207871517,69.7554678586384,136.8,122.1,132.1,78.07407792128483,AKAM - 350 East 62nd Street,Multifamily Housing,MANHATTAN,70151,723.49,10.31,Lower Gap + High GHG,0.47832817337461303,0.6042311661506707,0.5412796697626419
21144866,3,53.51818134278751,51.5631291390299,70.15620126671321,128.5,114.2,146.3,76.59149497160017,KM - 1455 Grand Concourse,Multifamily Housing,BRONX,291840,2557.01,8.76,Lower Gap + High GHG,0.47781217750258,0.8627450980392157,0.6702786377708978
19454040,3,53.515797351477,42.53769654963159,78.69354172738768,107.8,78.8,170.2,71.1463067198604,Church of the Intercession,Worship Facility,MANHATTAN,28410,263.3,9.27,Lower Gap + Lower GHG,0.47729618163054693,0.11764705882352941,0.29747162022703816
6674816,3,53.50631656815172,53.107161304543865,58.496545821391635,153.6,136.7,144.3,91.19283869545615,135 Terrace View Avenue,Multifamily Housing,BRONX,35268,415.76,11.79,Lower Gap + Lower GHG,0.47678018575851394,0.35036119711042313,0.41357069143446856
4405473,3,53.45664927626799,24.658582508167555,59.854799747212006,93,108.7,218.4,90.69766781570833,3420 - Queens Center,Other / Rare,QUEENS,749359,13068.86,17.439999999999998,Lower Gap + High GHG,0.4762641898864809,0.977296181630547,0.7267801857585139
25724410,3,53.42438041801325,51.34121027283223,69.66640637253911,137.9,129,123.3,75.14539424184407,Hilton Home2 Suites,Hotel,QUEENS,63648,600.92,9.44,Lower Gap + High GHG,0.4757481940144479,0.5340557275541795,0.5049019607843137
6235538,3,53.39740284542134,63.907900995234044,95.61861237787178,124.6,82.4,121.1,57.19209900476595,587 Atkins Avenue,Distribution Center,BROOKLYN,31202,289.34000000000003,9.27,Lower Gap + Lower GHG,0.47523219814241485,0.1568627450980392,0.31604747162022706
4820450,3,53.393425538286984,48.793146019665656,50.71571357534206,174.8,156.6,145.2,104.65754041539878,Ashkenazy: 961 East 174th St,Strip Mall,BRONX,143380,1847.01,12.88,Lower Gap + High GHG,0.47471620227038186,0.8116615067079463,0.6431888544891641
4509428,3,53.36945963053637,39.64637038989423,28.882881624281804,230.7,270.3,214.5,174.85362961010577,CO/VZT/3050 CRUGER AVE/BRONX/NY,Data Center,BRONX,135568,3065.9100000000003,22.62,Lower Gap + High GHG,0.4742002063983488,0.8839009287925697,0.6790505675954592
6225100,3,53.34112308964142,49.86962905123325,64.98347753491893,153.6,129,122.6,80.84950536937744,611 ACADEMY STREET - 42098,Multifamily Housing,MANHATTAN,38500,298.41999999999996,7.75,Lower Gap + Lower GHG,0.47368421052631576,0.173890608875129,0.3237874097007224
25578855,3,53.33934798863886,46.567107656503104,104.53035744243485,121.6,95.6,95.5,48.932892343496896,NYC -  JRAA,Distribution Center,NA,91100,669.15,7.35,Lower Gap + High GHG,0.47316821465428277,0.5763673890608875,0.5247678018575851
2807291,3,53.30983531804679,53.13081953519675,74.78350926503154,129.7,122.5,121.6,71.7854299451138,The Christopher,Multifamily Housing,MANHATTAN,75767,702.02,9.27,Lower Gap + High GHG,0.4726522187822497,0.5944272445820433,0.5335397316821465
16825255,3,53.29315641992661,72.11142479186671,59.480204550883776,105,160.9,165,89.94176915851018,RLM Realty - 2905 West 15th st,Multifamily Housing,BROOKLYN,26637,375.77,14.11,Lower Gap + Lower GHG,0.47213622291021673,0.29669762641898867,0.3844169246646027
2665463,3,53.24635752973642,54.97656786388275,71.71387525861614,130.8,131.3,120.5,74.10128909645056,Stellar - 4241-47 Broadway,Multifamily Housing,MANHATTAN,73152,592.08,8.09,Lower Gap + High GHG,0.4716202270381837,0.5242518059855521,0.4979360165118679
4335309,3,53.21691028104028,59.02903359133542,70.97938215830142,134.6,113.6,136.1,74.97292755037073,345 West 42nd Street,Multifamily Housing,MANHATTAN,230000,2180.48,9.48,Lower Gap + High GHG,0.4711042311661507,0.8390092879256966,0.6550567595459237
6673894,3,53.148223126813946,49.043329466129535,60.602170710406895,132.8,161.3,130.5,81.45667053387047,80 Delancey Street,Multifamily Housing,MANHATTAN,29622,278.5,9.4,Lower Gap + Lower GHG,0.47058823529411764,0.14189886480908154,0.3062435500515996
4397688,3,53.12834302739842,48.96814526327927,69.4050621424896,125.9,122.9,140.3,77.0980310634439,164-172 WEST 141 HOLDINGS LLC,Multifamily Housing,MANHATTAN,61553,512.38,8.32,Lower Gap + Lower GHG,0.47007223942208465,0.45975232198142413,0.4649122807017544
21355250,3,53.090214311886676,51.16227137882707,45.9706609114389,170.2,164.3,172,112.29608690830818,DOHMH_3456_Fort Greene Health Center,Urgent Care/Clinic/Other Outpatient,BROOKLYN,41800,577.24,13.81,Lower Gap + High GHG,0.4695562435500516,0.5144478844169247,0.4920020639834881
2771499,3,53.078601478803954,39.142443588750666,67.1523223758064,86.6,116.8,193.1,79.46832710770629,38-25 Parsons Blvd Owners Corp,Multifamily Housing,QUEENS,103710,1156.14,11.15,Lower Gap + High GHG,0.46904024767801855,0.7244582043343654,0.596749226006192
6262549,3,53.068991981995644,50.228407274311905,61.08653817255818,138.9,144.5,136.8,86.5715927256881,131 East 83rd Street,Multifamily Housing,MANHATTAN,27700,299.53,10.81,Lower Gap + Lower GHG,0.46852425180598556,0.17543859649122806,0.3219814241486068
16692815,3,53.06371262730604,55.55571640044927,68.76228319864012,156.5,129.1,107.4,81.79728204229448,TC Brooklyn - 978 Essex St,Manufacturing/Industrial Plant,BROOKLYN,50000,522.55,10.45,Lower Gap + Lower GHG,0.4680082559339525,0.4664602683178535,0.467234262125903
6675589,3,52.99352975454175,47.62511977925416,57.02704188224343,142.3,156.3,139.4,91.77488022074584,Highbridge Community HDFC - 1406 Merriam ave,Multifamily Housing,BRONX,36000,309.64000000000004,8.6,Lower Gap + Lower GHG,0.4674922600619195,0.19195046439628483,0.3297213622291022
4398330,3,52.99103213800675,56.9079645947038,65.2576101352521,149.4,115.2,137.4,80.4920354052962,"2508 Tratman Avenue, Bronx",Multifamily Housing,BRONX,62805,526.63,8.39,Lower Gap + Lower GHG,0.46697626418988647,0.47058823529411764,0.46878224974200206
4904081,3,52.98866295480525,51.022900700794004,103.46452380406024,115.5,93.8,103.1,52.07709929920599,X444 (OECID: 0201488; BBL: 2030260014),Pre-school/Daycare,BRONX,35000,314.67,8.99,Lower Gap + Lower GHG,0.4664602683178535,0.20381836945304438,0.3351393188854489
6282745,3,52.96284090927768,57.99905956148698,94.70380934544387,118.1,111.7,96.8,54.849959555949305,Liebers: 142 44th St,Manufacturing/Industrial Plant,BROOKLYN,40125,300.03,7.48,Lower Gap + Lower GHG,0.46594427244582043,0.17647058823529413,0.32120743034055727
21355523,3,52.92281901998947,45.45883293724584,148.900489936952,108,77.1,79.9,34.44116706275417,NYPD_5150_Classified NYPD Location,Non-Refrigerated Warehouse,NA,84492,544.51,6.44,Lower Gap + Lower GHG,0.46542827657378744,0.48658410732714136,0.4760061919504644
26533330,3,52.90585807890434,52.255093406222656,69.80478352609683,121.4,126.2,139.2,75.50699842650853,35-63 83rd St and 35-64 84th St,Multifamily Housing,QUEENS,118770,1048.41,8.83,Lower Gap + High GHG,0.4649122807017544,0.6981424148606811,0.5815273477812177
2831015,3,52.859956097474914,26.71211076321056,48.83707563566693,216.2,131.6,133.1,106.38788923678943,DYCKMAN,Multifamily Housing,MANHATTAN,1122000,9413.13,8.39,Lower Gap + High GHG,0.46439628482972134,0.958204334365325,0.7113003095975232
6575098,3,52.84747971579581,58.25943637055455,64.83966052009266,118.4,139.9,145.8,80.31593386307584,969 43rd Street,Multifamily Housing,BROOKLYN,45500,432.4899999999999,9.51,Lower Gap + Lower GHG,0.46388028895768835,0.37048503611971106,0.41718266253869973
6301961,3,52.827515795314675,50.99775568197467,74.64515479679716,121.2,121.6,128.5,69.15997872137214,551 Warren Street,Multifamily Housing,BROOKLYN,31015,272.46,8.78,Lower Gap + Lower GHG,0.4633642930856553,0.13003095975232198,0.29669762641898867
3523418,3,52.8142512367977,44.135988015309294,82.77214888977413,136,108.1,104.9,60.76401198469071,24 Rock Street,Refrigerated Warehouse,BROOKLYN,136758,1420.51,10.39,Lower Gap + High GHG,0.4628482972136223,0.7708978328173375,0.6168730650154799
4567407,3,52.74755501749896,53.705992092619255,70.35050261901388,121,134.6,128.2,74.49400790738073,312 West 109th Street,Multifamily Housing,MANHATTAN,58370,583.6,10,Lower Gap + High GHG,0.46233230134158926,0.5185758513931888,0.490454076367389
6826911,3,52.74550802138177,53.00523091703228,64.54308720243199,138.7,133,131.7,81.61304220391067,Daly IV - 2103,Multifamily Housing,BRONX,54127,493.41,9.12,Lower Gap + Lower GHG,0.46181630546955627,0.4411764705882353,0.4514963880288958
23253258,3,52.71679666025454,42.47710419158325,81.94870908331569,111.3,158.2,83.7,63.55666572172588,15 EAST 84 STREET,K-12 School,MANHATTAN,25486,195.64,7.68,Lower Gap + Lower GHG,0.4613003095975232,0.03715170278637771,0.24922600619195046
6692894,3,52.69242418351443,54.51024709676767,64.20012974910388,138.6,138.7,127.5,82.9640351886417,Glenwood - 1737 York Avenue,Multifamily Housing,MANHATTAN,46421,472.15,10.17,Lower Gap + Lower GHG,0.46078431372549017,0.41640866873065013,0.43859649122807015
4038853,3,52.64504170158851,7.341318695927129,68.45988329114734,80.5,225.8,86.7,79.35868130407287,Century - 305 East 24th Street,Multifamily Housing,MANHATTAN,419990,2300.67,5.48,Lower Gap + High GHG,0.4602683178534572,0.848813209494324,0.6545407636738906
6654607,3,52.60126503879112,53.73843603397114,60.73822291830021,135.7,139.4,142.7,86.39973025709337,420 E 21st St,Multifamily Housing,BROOKLYN,26010,221.57,8.52,Lower Gap + Lower GHG,0.45975232198142413,0.06346749226006192,0.261609907120743
7914065,3,52.569260171789985,69.31195898613305,71.9531252973796,93.5,141.4,144,73.38273461953962,A02140 - The 640 West End Avenue Condominium,Multifamily Housing,MANHATTAN,60804,590.43,9.71,Lower Gap + High GHG,0.45923632610939114,0.522703818369453,0.4909700722394221
1633659,3,52.56424279505695,72.54768963756324,76.63866361870127,146.2,73.6,142.6,64.64520180197157,Q208 (OECID: 0401481; BBL: 4078700070),K-12 School,QUEENS,87600,730.6700000000001,8.34,Lower Gap + High GHG,0.4587203302373581,0.608359133126935,0.5335397316821465
2640613,3,52.563120284905175,54.73590698320686,62.73123526929539,141.7,133.5,138.5,96.03406615823789,QFR (BBL - 4071170006),Multifamily Housing,QUEENS,410788,3245.65,7.9,Lower Gap + High GHG,0.4582043343653251,0.8880288957688338,0.6731166150670794
4036574,3,52.55827866878921,48.90029566495093,68.63985282924703,150.1,110.9,125.8,76.89970433504907,Glenwood - The Lucerne - Child - 340 East 79th Street,Multifamily Housing,MANHATTAN,389709,3412.94,8.76,Lower Gap + High GHG,0.45768833849329205,0.891124871001032,0.674406604747162
2668240,3,52.493749809266596,54.30903973471274,66.09730365553155,128.3,132.5,135.2,79.2875681920156,SW - 31-16 68th St,Multifamily Housing,QUEENS,56344,474.69,8.42,Lower Gap + Lower GHG,0.45717234262125905,0.4195046439628483,0.43833849329205365
6732568,3,52.46264953981363,49.662989200726315,65.30673050501855,132,139.3,127.4,79.86689651298666,590 East 166th Street,Multifamily Housing,BRONX,60275,544.76,9.04,Lower Gap + Lower GHG,0.456656346749226,0.4871001031991744,0.4718782249742002
10404936,3,52.42928849724934,50.23318152619406,66.47462479186117,131.5,124.7,137.9,77.96333320714427,375 Lexington Ave,Multifamily Housing,BROOKLYN,127100,1135.27,8.93,Lower Gap + High GHG,0.45614035087719296,0.7198142414860681,0.5879772961816305
6405400,3,52.42868162897461,42.614952731883776,72.1547125867938,153.4,114.6,107.6,73.76062976827025,Blumenfeld: 925 Hunts Point Ave,Retail Store,BRONX,40918,448.09,10.95,Lower Gap + Lower GHG,0.45562435500515996,0.39164086687306504,0.42363261093911253
21355503,3,52.41413945603074,46.54400912081819,63.464604435000176,154,125.7,125.7,85.79485369207924,NYPL_4657_Tremont Branch Library,Library,BRONX,11900,110.59,9.29,Lower Gap + Lower GHG,0.4551083591331269,0.009287925696594427,0.23219814241486067
2808024,3,52.312596715516285,51.9744344063687,73.21089142771493,122.5,126.3,122.5,70.5255655936313,6960 Austin Street,Office,NA,79814,973.53,12.2,Lower Gap + High GHG,0.4545923632610939,0.6847265221878225,0.5696594427244582
6690451,3,52.309269289499774,50.32936144228309,64.53038180439422,140.4,129.4,130.1,79.77063855771691,MP Management - 7101 Bay pkwy,Multifamily Housing,BROOKLYN,47544,370.22,7.79,Lower Gap + Lower GHG,0.4540763673890609,0.28792569659442724,0.37100103199174406
6821198,3,52.299693854076104,55.9590521774239,27.710509911592638,247.3,250.5,224,179.2601594651628,William Shao - 8121 New Utrecht Ave,Supermarket/Grocery Store,BROOKLYN,26773,634.7,23.71,Lower Gap + High GHG,0.4535603715170279,0.5546955624355006,0.5041279669762642
6436029,3,52.26834159491454,53.578751376967034,60.286659620745276,146.6,137.7,132.7,87.490439492631907,1075 Edison Avenue,Multifamily Housing,BRONX,27000,278.05,10.3,Lower Gap + Lower GHG,0.45304437564499483,0.14035087719298245,0.29669762641898867
6227721,3,52.26795515071806,43.65325133051584,46.192959817290784,158.7,155.2,182.8,112.47414473513626,Flushing,Fitness Center/Health Club/Gym,QUEENS,103189,1174.08,11.38,Lower Gap + High GHG,0.45252837977296184,0.7275541795665634,0.5900412796697626
15526012,3,52.222920010114954,52.39292295174681,63.25170373784364,135.8,133.5,135.2,82.04294225072118,Bldg 135 Division,Multifamily Housing,MANHATTAN,27000,246.58,9.13,Lower Gap + Lower GHG,0.4520123839009288,0.09287925696594428,0.2724458204334365
4486014,3,52.20799908229272,52.861766886442965,65.506195246125,143.7,131.4,120.3,79.17351028216497,148-25 88th Avenue,Multifamily Housing,QUEENS,50070,365.37,7.3,Lower Gap + Lower GHG,0.45149638802889575,0.28328173374613,0.3673890608875129
2614608,3,52.16902676488581,42.19361482382536,22.570778655853395,281.9,285.9,292.4,219.8200686824024,Western Union Building,Data Center,MANHATTAN,1028016,34246.82,33.309999999999995,Lower Gap + High GHG,0.45098039215686275,0.9943240454076367,0.7226522187822497
10510082,3,52.12309446879717,54.66761732318422,69.6159784008501,120.6,130.1,130.2,74.85142137245211,1068 Franklin Avenue HDFC / Roberts Court ANHI,Multifamily Housing,BRONX,32028,278.76,8.7,Lower Gap + Lower GHG,0.4504643962848297,0.14241486068111456,0.2964396284829721
16085693,3,52.11870545078737,45.36528162174082,58.22591221983755,155.6,132.6,137.2,92.84228311021937,The Bernic,Hotel,MANHATTAN,43611,489.9,11.23,Lower Gap + Lower GHG,0.4499484004127967,0.43550051599587203,0.44272445820433437
7538243,3,52.096092412135384,53.067798241124805,98.4376222724212,94.1,114.7,106,52.932201758875195,356 Bedford Avenue,Multifamily Housing,BROOKLYN,36123,303.59,8.4,Lower Gap + Lower GHG,0.44943240454076366,0.1826625386996904,0.31604747162022706
6605018,3,52.09140193961382,51.820268956226485,60.99522152227889,139.2,140.3,133.1,84.7176348742348,679 Montgomery Street,Multifamily Housing,BROOKLYN,33483,308.76,9.22,Lower Gap + Lower GHG,0.44891640866873067,0.19091847265221878,0.31991744066047473
21355580,3,52.08631143884666,55.833094604254256,60.935203364134466,128.4,138.4,146.3,87.43446211480362,H+H_11935_Gotham Health,Medical Office,BROOKLYN,52343,851.75,16.27,Lower Gap + High GHG,0.4484004127966976,0.650670794633643,0.5495356037151703
2660625,3,52.03407356084926,48.909684039685985,68.74802123093502,124.8,122.7,135.9,75.56867411803755,321 Edgecombe Ave.,Multifamily Housing,MANHATTAN,54644,455.42,8.33,Lower Gap + Lower GHG,0.44788441692466463,0.4004127966976264,0.4241486068111455
6276057,3,51.87083944870321,55.11099930900197,68.89561572290722,124.6,131.7,126.7,70.76177996006739,115 Logan Street LLC,Multifamily Housing,BROOKLYN,50120,403.86,8.06,Lower Gap + Lower GHG,0.4473684210526316,0.33591331269349844,0.391640866873065
3068497,3,51.86901937477642,52.3528050482592,74.73231302586153,79.2,162.9,123.3,70.9471949517408,1249 - STATEN ISLAND,Retail Store,STATEN IS,123800,832.21,6.72,Lower Gap + High GHG,0.44685242518059853,0.6455108359133127,0.5461816305469556
6772379,3,51.84498073577948,52.04959766150134,64.92485698764212,118.4,132.2,144.6,79.55744512843214,620-628 E 141st St,Multifamily Housing,BRONX,48240,470.19,9.75,Lower Gap + Lower GHG,0.44633642930856554,0.413312693498452,0.4298245614035088
3285827,3,51.834238568934246,54.08726606326245,64.74995474558669,137.2,136.6,121.9,78.74597829459734,Clermont Area Housing,Multifamily Housing,BROOKLYN,51834,491.17,9.48,Lower Gap + Lower GHG,0.4458204334365325,0.43808049535603716,0.4419504643962848
19509506,3,51.8291518865142,55.34206655400273,67.83872295941285,134.3,129.4,121.3,77.45870203462924,4260 Katonah Avenue,Multifamily Housing,BRONX,93645,648.57,6.930000000000001,Lower Gap + High GHG,0.4453044375644995,0.5655314757481941,0.5054179566563468
6689705,3,51.80117351182601,48.68481444870682,68.3564176951127,125.5,110.7,146.1,75.95568534095293,1270 Saint Nicholas Avenue,Multifamily Housing,MANHATTAN,47988,511.73,10.66,Lower Gap + Lower GHG,0.44478844169246645,0.4587203302373581,0.45175438596491224
2670805,3,51.795841949879986,46.3324877195074,68.30737894093951,149.8,110.5,122.1,75.7675122804926,Brodsky - 360 West 43rd Street,Multifamily Housing,MANHATTAN,245890,2016.21,8.2,Lower Gap + High GHG,0.44427244582043346,0.8255933952528379,0.6349329205366356
2716651,3,51.794327408828444,53.638961472021435,68.45387127776054,130.7,116.1,135.7,74.63077216530138,American Park Cooperative Section 1 (3021 Avenue Z),Multifamily Housing,BROOKLYN,77440,558.2800000000001,7.21,Lower Gap + High GHG,0.4437564499484004,0.500515995872033,0.47213622291021673
21354480,3,51.77445687938121,41.18626196255421,54.1309117375867,188.8,135.8,122.6,102.51914113675059,DCAS_907_Brooklyn Criminal Court,Other / Rare,BROOKLYN,264100,2451.42,9.28,Lower Gap + High GHG,0.44324045407636736,0.8555211558307534,0.6493808049535603
21355274,3,51.73013126331028,51.99395593881265,45.692364582730654,176.9,164.6,153.4,113.67743637556758,DPR_3595_Thomas Jefferson Recreation Center,Fitness Center/Health Club/Gym,MANHATTAN,21600,246.64,11.42,Lower Gap + Lower GHG,0.44272445820433437,0.0933952528379773,0.26805985552115585
6750710,3,51.622722110074086,56.97219601378342,63.31687100494049,142.4,117.8,138.8,79.69744897079858,3915 Neptune Ave,Multifamily Housing,BROOKLYN,32000,272.22999999999996,8.51,Lower Gap + Lower GHG,0.4422084623323013,0.12848297213622292,0.2853457172342621
28325573,3,51.61776593303281,44.92410234691212,61.24025834085948,112.8,104,194,122.9877683894256,162 Fifth Avenue Leasehold Condominium,Other / Rare,MANHATTAN,121988,2539.51,20.82,Lower Gap + High GHG,0.44169246646026833,0.8611971104231166,0.6514447884416925
4938442,3,51.61126380865988,29.353752367691328,47.77450951936216,209.6,132.8,137.2,107.84624763230866,URA Group - 18 Ninth Avenue,Hotel,MANHATTAN,108548,1235.37,11.38,Lower Gap + High GHG,0.4411764705882353,0.7383900928792569,0.5897832817337461
5849784,3,51.59519001189924,52.83328594572532,67.74599198188625,131,132.8,119.6,75.66906789072844,WETHEROLE TENANTS CORP,Multifamily Housing,QUEENS,90300,643.89,7.13,Lower Gap + High GHG,0.4406604747162023,0.5608875128998968,0.5007739938080495
25773651,3,51.59181936602852,52.946530754267975,81.29105720813607,111,123,112,59.053469245732025,Wavecrest PARENT - 45 Malta Street / 662 Alabama Avenue,Multifamily Housing,BROOKLYN,36447,272.94,7.49,Lower Gap + Lower GHG,0.44014447884416924,0.130546955624355,0.2853457172342621
14200083,3,51.50322988640687,52.16526365728113,66.41449469756363,123.7,128.3,135.2,78.38057399584683,Kennedy Plaza,Multifamily Housing,QUEENS,106946,915.9,8.56,Lower Gap + High GHG,0.43962848297213625,0.6682146542827657,0.553921568627451
6282929,3,51.48815457216528,42.62892024926741,65.69956923818712,106.4,119.9,164,78.3803973891469,SKS: 70 Prospect Park Southwest,Multifamily Housing,BROOKLYN,53135,494.86,9.31,Lower Gap + Lower GHG,0.4391124871001032,0.4422084623323013,0.4406604747162023
6793646,3,51.48238416590654,50.951983745303494,62.53512384357104,135.4,124.9,141.2,81.41230546437473,2406 Realty LLC,Multifamily Housing,BRONX,49614,513.3499999999999,10.35,Lower Gap + Lower GHG,0.43859649122807015,0.4602683178534572,0.44943240454076366
6702262,3,51.472520517546435,55.221464536154386,64.9784145361161,125.8,133.3,134,78.77853546384561,543 W 146th Street,Multifamily Housing,MANHATTAN,42705,440.97,10.33,Lower Gap + Lower GHG,0.43808049535603716,0.38235294117647056,0.41021671826625383
7400032,3,51.4444432511798,51.335387094673095,59.12193685123647,146.3,124.6,144.4,93.06461290532691,Hillis Hall Sanctuary/Main Sanctuary,Worship Facility,BROOKLYN,32000,245.37,7.67,Lower Gap + Lower GHG,0.4375644994840041,0.09029927760577916,0.26393188854489164
6382798,3,51.43415000666177,48.58293296021796,63.005481777880476,141.4,128.2,129.3,80.71706703978205,931 Fox Street,Multifamily Housing,BRONX,47826,425.01,8.89,Lower Gap + Lower GHG,0.4370485036119711,0.3622291021671827,0.39963880288957687
7493125,3,51.4270627370951,20.438765510879982,132.3215191839354,45.5,60.2,165.3,38.763460906155416,141-26 Northern Boulevard,Multifamily Housing,QUEENS,75577,1226.27,16.23,Lower Gap + High GHG,0.43653250773993807,0.7358101135190919,0.586171310629515
4022595,3,51.40430551595305,50.769616759291694,63.33793695192919,144.1,122.1,131.1,80.3303832407083,1230-34 Spofford Avenue,Multifamily Housing,BRONX,56100,588.11,10.48,Lower Gap + High GHG,0.4360165118679051,0.5211558307533539,0.4785861713106295
12902343,3,51.326326110484146,51.97567562609521,79.27414520837655,121.4,110.5,116.9,61.66508854251266,6313 Avenue U,K-12 School,BROOKLYN,29692,283,9.53,Lower Gap + Lower GHG,0.43550051599587203,0.14551083591331268,0.29050567595459237
6176871,3,51.124401836553865,51.11480424030185,61.62350063390645,127.9,131.7,143.3,83.09182107120178,1589-91 E 172nd St,Multifamily Housing,BRONX,46812,417.07,8.91,Lower Gap + Lower GHG,0.43498452012383904,0.35294117647058826,0.3939628482972136
19875680,3,50.98108930897666,50.47111767873116,75.36192177918743,109,129.3,118.2,67.72888232126884,Fox Television Stations LLC,Office,MANHATTAN,149484,1748.59,11.7,Lower Gap + High GHG,0.434468524251806,0.8013415892672858,0.6179050567595459
6690845,3,50.953550419030435,57.10100881966028,62.01697137842516,150.6,136.8,111.2,81.0735154178275,3041 Cruger Avenue,Multifamily Housing,BRONX,43429,372.29,8.57,Lower Gap + Lower GHG,0.43395252837977294,0.2930856553147575,0.3635190918472652
6778581,3,50.9528613898561,50.90519069598095,77.1540941718869,119,116.1,115.9,66.54784191016275,ACHS Management: 600 Broadway,Office,MANHATTAN,69755,782.3599999999999,11.22,Lower Gap + High GHG,0.43343653250773995,0.628482972136223,0.5309597523219814
6672431,3,50.88340084403587,14.32163350678671,51.86018647736619,108.5,112.4,225.4,98.1851129539417,2058 Jerome Avenue,Other / Rare,BRONX,28000,510.11,18.22,Lower Gap + Lower GHG,0.4329205366357069,0.45768833849329205,0.44530443756449944
21355414,3,50.88081644504077,43.199738172526864,39.12573390757498,202.9,168.1,170.6,127.40026182747313,NYPD_4481_Detective Borough Command,Police Station,BRONX,22962,338.78999999999996,14.75,Lower Gap + Lower GHG,0.4324045407636739,0.24716202270381837,0.33978328173374617
6810179,3,50.88060884712306,21.06085600849923,58.463469976610675,101.3,91.3,208.5,89.32443119475741,140-30 & 140-40 Beech Avenue - Parent Property,Multifamily Housing,NA,25139,315.21,12.54,Lower Gap + Lower GHG,0.43188854489164086,0.20588235294117646,0.3188854489164087
6249272,3,50.875019450194735,49.83623247486352,66.76603833037956,121.9,135.4,124.9,75.06376752513648,Highlawn Terrace,Multifamily Housing,BROOKLYN,113442,868.6800000000001,7.659999999999999,Lower Gap + High GHG,0.43137254901960786,0.6553147574819401,0.543343653250774
21354329,3,50.85713465227722,63.322320386564485,23.563990136265563,241.5,283.5,278.9,210.57998678117156,Benchmarking Group - 211,Other / Rare,QUEENS,5970773,93317.82,15.63,Lower Gap + High GHG,0.4308565531475748,1,0.7154282765737874
2663693,3,50.80740990368115,51.19529012421263,65.26540876160604,131.4,117.7,136.8,77.03857282369314,Pinnacle - 681 Ocean Ave,Multifamily Housing,BROOKLYN,61272,502.83,8.209999999999999,Lower Gap + Lower GHG,0.43034055727554177,0.4499484004127967,0.44014447884416924
6690542,3,50.782700156904006,50.132367731590875,60.781747046990574,136.4,131.4,135.5,82.688474712151,Stellar - 604 West 162nd Street,Multifamily Housing,MANHATTAN,30204,253.94,8.41,Lower Gap + Lower GHG,0.4298245614035088,0.10681114551083591,0.26831785345717235
2682672,3,50.77763837705749,46.871703137646534,66.34414399069752,124.6,122.1,135.4,76.2554838380715,Fairmont Tenants Corp (401 East 86th Street),Multifamily Housing,MANHATTAN,184745,1669.89,9.04,Lower Gap + High GHG,0.42930856553147573,0.7951496388028896,0.6122291021671826
6792946,3,50.6904626156562,46.677127096562046,63.85005978783696,125.9,125.9,139,78.10772431160756,"M&amp;I Management - 1565 NOSTRAND AVE,",Multifamily Housing,BROOKLYN,42000,376.46,8.96,Lower Gap + Lower GHG,0.42879256965944273,0.29721362229102166,0.36300309597523217
12452202,3,50.67881487645716,64.23595144989007,66.33546151933848,98.3,143.5,140.8,76.56404855010994,Denick: 3560 Olinville Ave,Multifamily Housing,BRONX,84634,794.88,9.39,Lower Gap + High GHG,0.4282765737874097,0.6331269349845201,0.5307017543859649
19506634,3,50.597643415430625,43.131027717088344,64.88112684858993,116.3,119.4,149.9,78.51311042142713,CFF Consulting - 500 West 140th St,Multifamily Housing,MANHATTAN,58810,564.08,9.59,Lower Gap + High GHG,0.4277605779153767,0.5046439628482973,0.466202270381837
3249756,3,50.59436813559945,44.890963401604104,103.76859074958604,72.1,95.6,132.8,47.35410597064881,Altmark Group - 225 East 134th St.,Non-Refrigerated Warehouse,BRONX,70981,916.86,12.92,Lower Gap + High GHG,0.42724458204334365,0.6692466460268318,0.5482456140350878
6308750,3,50.54700680336162,59.890294719468216,65.1851776977127,143,135.8,104.6,75.85815523358477,1-9 West Fordham Road,Mixed Use Property,BRONX,98751,943.76,9.56,Lower Gap + High GHG,0.42672858617131065,0.6769865841073271,0.5518575851393189
6159691,3,50.535353547302414,57.421931687148714,74.56775384015846,134.6,125.3,93.5,64.92000598992216,94-96 Mott Street,Office,MANHATTAN,54405,417.13,7.67,Lower Gap + Lower GHG,0.4262125902992776,0.35345717234262125,0.38983488132094946
12896339,3,50.469913630106085,47.62165936353178,121.49855724117883,110.1,85.1,89.3,56.00485701615011,Liberty Coca-Cola Beverages Staten Island,Distribution Center,STATEN IS,27360,150.92000000000002,5.52,Lower Gap + Lower GHG,0.42569659442724456,0.019091847265221878,0.22239422084623323
16852076,3,50.45943699799816,49.01703645950897,66.16519534710577,135.5,123.7,120.7,75.76334421084026,99-16 67 ROAD,Multifamily Housing,QUEENS,81288,584,7.18,Lower Gap + High GHG,0.42518059855521156,0.5190918472652218,0.47213622291021673
5831671,3,50.454336256091786,51.57736601682291,66.76835125395975,127.4,118.8,131.7,76.09360484934858,East 8th Street Madison JV (2161),Multifamily Housing,MANHATTAN,73359,725.3399999999999,9.89,Lower Gap + High GHG,0.4246646026831785,0.6052631578947368,0.5149638802889577
10171111,3,50.425223418632235,59.009094167101466,74.35852033223111,95.8,144.9,119.2,60.19090583289854,4 Columbus Circle,Office,MANHATTAN,118404,1549.07,13.08,Lower Gap + High GHG,0.4241486068111455,0.7837977296181631,0.6039731682146543
6282391,3,50.35308409633951,48.18922565616299,59.09858332763212,146.6,131.9,127.7,84.24094094419867,Andrews: 208 6th Ave,Multifamily Housing,MANHATTAN,35528,311.13,8.76,Lower Gap + Lower GHG,0.4236326109391125,0.195562435500516,0.30959752321981426
21355449,3,50.336458060049694,47.25573755721872,69.72740965996715,122.2,107.8,139.3,69.81929709320247,NYPD_4522_Classified NYPD Location,Office,NA,44625,423.81,9.5,Lower Gap + Lower GHG,0.4231166150670795,0.3606811145510836,0.39189886480908154
24233027,3,50.25462322715522,24.434729416353306,45.193246782902115,126,229.3,119.6,95.16527058364669,Ravel - 8-18 Queens Plaza South,Hotel,QUEENS,40454,464.11,11.47,Lower Gap + Lower GHG,0.42260061919504643,0.40763673890608876,0.4151186790505676
6232617,3,50.24963436345649,41.58010935577332,58.92451306810327,117.1,162.3,127.8,86.21989064422668,1702 Dahill Road,Multifamily Housing,BROOKLYN,30000,228.7,7.619999999999999,Lower Gap + Lower GHG,0.42208462332301344,0.07069143446852426,0.24638802889576886
10825793,3,50.167807089577046,53.95667593094586,111.4053389760476,110,81.4,95.2,41.24332406905414,CAMPUS - 1601 and 1595 BRONXDALE AVENUE : [1601 Bronxdale Avenue],Non-Refrigerated Warehouse,BRONX,313872,2475.66,7.89,Lower Gap + High GHG,0.4215686274509804,0.8586171310629515,0.6400928792569659
4125413,3,50.14234047468275,49.921959790917185,62.94037595358355,135.8,129,124.5,79.1735237428156,2405 Marion Ave,Multifamily Housing,BRONX,61572,473.03,7.68,Lower Gap + Lower GHG,0.42105263157894735,0.4179566563467492,0.41950464396284826
6320129,3,50.0648245115342,43.24918373207023,88.03185728261322,134.4,96,88.1,48.46707040329996,Fed Ex - 24-25 Brooklyn Queens Expy,Distribution Center,QUEENS,54634,429.77,7.87,Lower Gap + Lower GHG,0.42053663570691435,0.3668730650154799,0.3937048503611971
11216510,3,50.055666179176335,19.55237929769622,56.81747448070059,206.9,104.7,99.8,87.40395417466223,Roze Crest LLC,Multifamily Housing,BRONX,37960,233.4,6.1499999999999995,Lower Gap + Lower GHG,0.4200206398348813,0.07533539731682147,0.2476780185758514
6700569,3,50.05399609223269,59.422983311462005,60.048640067948114,145.1,147.3,108.5,83.86712644746925,600 West 189th Street,Multifamily Housing,MANHATTAN,38380,276.61,7.21,Lower Gap + Lower GHG,0.4195046439628483,0.13570691434468524,0.2776057791537668
21355615,3,50.03087443455741,56.46550759095922,37.82823546861632,216.7,174.4,154.7,129.45357952287966,DSNY_3917_Brooklyn 6A Broom Garage,Vehicle Repair Services,BROOKLYN,22150,216.55,9.78,Lower Gap + Lower GHG,0.41898864809081526,0.05779153766769866,0.23839009287925697
2665600,3,49.96110753508236,49.868855229911546,65.16515078886611,134.2,125.6,119.8,74.38976532122658,Stellar - 49-57 Crown Street,Multifamily Housing,BROOKLYN,320000,2452.03,7.659999999999999,Lower Gap + High GHG,0.41847265221878227,0.8560371517027864,0.6372549019607843
19388402,3,49.917664991735684,56.49029201215589,60.967498737336896,112.6,136.8,147.8,81.90586492868022,Invincible Court,Multifamily Housing,MANHATTAN,38904,347.95,8.94,Lower Gap + Lower GHG,0.4179566563467492,0.26006191950464397,0.3390092879256966
2743006,3,49.90046927959793,46.38808408263624,63.84203649999661,140.7,123.1,120.1,78.26387514528234,Bujar: 1 East 198th Street,Multifamily Housing,BRONX,63089,600.72,9.52,Lower Gap + High GHG,0.41744066047471623,0.5330237358101135,0.4752321981424149
3117196,3,49.84440573786031,6.618782982146158,64.59285242553361,85.8,218.8,79.4,78.2186882041005,Cavallo: 1144 Lydig Ave,Multifamily Housing,BRONX,64243,408.07,6.35,Lower Gap + Lower GHG,0.4169246646026832,0.34262125902992774,0.3797729618163055
6282825,3,49.837960019344266,65.51869946694579,59.32791195288693,152.2,150.5,98.3,82.98755107138177,NPV: 500 Cathedral Pkwy,Multifamily Housing,MANHATTAN,33859,286.09,8.450000000000001,Lower Gap + Lower GHG,0.41640866873065013,0.15118679050567596,0.2837977296181631
3128125,3,49.819117441283886,32.9663164138223,59.37820719378739,197.8,111.6,135.9,132.57015922592015,VAN DYKE I/VAN DYKE II,Multifamily Housing,BROOKLYN,1717250,14761.94,8.6,Lower Gap + High GHG,0.41589267285861714,0.9798761609907121,0.6978844169246646
12011920,3,49.802144822924866,41.69447700326826,60.88096609985289,155.5,122.7,115.6,80.4302692614407,2865 Kingsbridge Terrace,Multifamily Housing,BRONX,122430,895.04,7.31,Lower Gap + High GHG,0.4153766769865841,0.6630546955624355,0.5392156862745098
6301473,3,49.800316218612224,58.05101741461691,58.95016223707294,115.9,145.2,143.4,85.3489825853831,Sterling: 340 E 90th St,Multifamily Housing,MANHATTAN,28890,324.63,11.239999999999998,Lower Gap + Lower GHG,0.4148606811145511,0.22445820433436534,0.31965944272445823
2811078,3,49.778262692999824,43.75055932839248,115.49902103486481,106.1,87.1,85.2,41.449440671607526,"34-02 QUEENS BOULEVARD - [34-02 Queens Blvd. Long Island City, NY]",Non-Refrigerated Warehouse,QUEENS,193823,1376,7.1,Lower Gap + High GHG,0.41434468524251805,0.7636738906088751,0.5890092879256966
6664925,3,49.71482137440794,51.83050517565238,57.57181958486155,140.5,130.1,137.5,85.52741093021977,Gilman: 1990 GLEASON AVENUE,Multifamily Housing,BRONX,46545,372.31,8,Lower Gap + Lower GHG,0.41382868937048506,0.2936016511867905,0.35371517027863775
3114279,3,49.67709895524681,46.26804045933055,68.83709388239055,129.1,117.8,118.6,72.59037833198744,Astor Place,Multifamily Housing,MANHATTAN,140970,1252.16,8.88,Lower Gap + High GHG,0.413312693498452,0.7450980392156863,0.5792053663570691
10894168,3,49.660162193845956,49.14563617271001,66.34865287346692,125.5,120.5,127.7,73.58039079970928,Progressive - 757 Bushwick Avenue,Multifamily Housing,BROOKLYN,57257,480.76,8.4,Lower Gap + Lower GHG,0.41279669762641896,0.42569659442724456,0.41924664602683176
6672891,3,49.64923871986373,40.559668014458964,58.19043346614701,164.1,123.7,115.6,84.41474195658365,Coney 70 Post Avenue,Multifamily Housing,MANHATTAN,30400,215.68,7.09,Lower Gap + Lower GHG,0.41228070175438597,0.05675954592363261,0.23452012383900928
21355561,3,49.60934241610228,46.008365769351556,68.26242488413514,136.9,111.3,118.5,72.49163423064844,NYPD_9033_Facilities Management Division,Office,BROOKLYN,29940,250.43,8.360000000000001,Lower Gap + Lower GHG,0.4117647058823529,0.10061919504643962,0.25619195046439625
6736241,3,49.593397193061215,49.103054916017584,56.650397425563554,139.2,136.4,140.2,81.56039190619455,301 Columbus Ave,Multifamily Housing,MANHATTAN,32956,318.78999999999996,9.67,Lower Gap + Lower GHG,0.41124871001031993,0.21207430340557276,0.31166150670794635
4932660,3,49.58399614668001,55.24029022594614,60.12564028758603,120.7,137.8,138,82.75970977405386,1520 Sedgwick Avenue,Multifamily Housing,BRONX,119919,1048.81,8.75,Lower Gap + High GHG,0.4107327141382869,0.6986584107327142,0.5546955624355006
5866470,3,49.55116012101451,50.945496318004956,66.7396061888439,129.6,124.4,117.3,71.54256226699519,636 Louisiana,Senior Living Community,BROOKLYN,123139,1238.27,10.06,Lower Gap + High GHG,0.4102167182662539,0.7389060887512899,0.5745614035087719
4407518,3,49.5144765168777,48.59116204807256,60.174055147766985,129.7,131.7,134.5,86.4126369938959,SW - CAMPUS - 46-01 – 46-31 Skillman Avenue; 39-77 – 39-94 47th Street,Multifamily Housing,QUEENS,67872,576.7,8.5,Lower Gap + High GHG,0.40970072239422084,0.5134158926728586,0.4615583075335397
11577239,3,49.4904117381779,51.68860549767389,60.51378687847831,133.1,131.3,132.1,89.83596936875128,N.F.C. LLC,Manufacturing/Industrial Plant,BROOKLYN,32057,383.48,11.96,Lower Gap + Lower GHG,0.40918472652218785,0.3080495356037152,0.3586171310629515
11847983,3,49.4406560880417,49.99926780149896,66.00726627481315,133.7,114.9,124.1,74.10073219850103,1800 Pitkin Avenue,Multifamily Housing,BROOKLYN,80700,610.71,7.57,Lower Gap + High GHG,0.4086687306501548,0.5402476780185759,0.47445820433436536
6197874,3,49.33607347486922,44.66200061091341,55.463753871858536,151,131.3,132,88.74361319266713,188 PARKSIDE LLC,Multifamily Housing,BROOKLYN,30550,282.92999999999995,9.26,Lower Gap + Lower GHG,0.40815273477812175,0.14499484004127966,0.27657378740970073
6682880,3,49.32957884756442,52.93372535989447,56.12164222292604,149.4,121.6,140.5,87.56627464010553,WILRITE REALTY CORP: 1806 VYSE AVE,Multifamily Housing,BRONX,38841,423.83,10.91,Lower Gap + Lower GHG,0.40763673890608876,0.36119711042311664,0.3844169246646027
2730217,3,49.24866720986177,34.54958400978438,50.719215177326,132.3,127,179.9,96.96419347448813,10458 Forest Hills,Senior Living Community,QUEENS,58976,763.03,12.94,Lower Gap + High GHG,0.4071207430340557,0.6233230134158927,0.5152218782249742
6595201,3,49.24016838083587,51.804272140695105,68.76099932427985,100.4,139.6,123,71.1957278593049,Jenel Management - 215 East Fordham rd,Office,BRONX,45735,570.62,12.48,Lower Gap + High GHG,0.4066047471620227,0.5092879256965944,0.4579463364293086
21355461,3,49.216759347917026,49.2030317485181,36.84306855052783,222.1,177.9,147,134.18019635012666,NYPD_4554_108th Precinct,Police Station,QUEENS,15000,203.7,13.58,Lower Gap + Lower GHG,0.40608875128998967,0.04695562435500516,0.22652218782249742
21355177,3,49.21388838716026,42.22796772639442,129.8133582642775,105.2,80.3,75.1,35.33963078470581,DEP > BWSO_881_BWS Storehouse,Non-Refrigerated Warehouse,BROOKLYN,27800,128.34,4.619999999999999,Lower Gap + Lower GHG,0.4055727554179567,0.01238390092879257,0.2089783281733746
4491465,3,49.192376030266765,25.03264423716722,62.18105022696972,178.4,102.5,104.4,81.19506031206468,Carnegie Mews - 211 West 56th Street,Multifamily Housing,MANHATTAN,293265,2023.22,6.9,Lower Gap + High GHG,0.40505675954592363,0.826625386996904,0.6158410732714138
6822159,3,49.17188536280562,42.54613742990777,46.94753569515352,126.7,144.5,188,106.82417549458924,1510 Waters Place,Other / Rare,BRONX,40503,742.57,18.33,Lower Gap + High GHG,0.40454076367389064,0.6114551083591331,0.5079979360165119
4951180,3,49.14228552246312,47.28511465210089,61.54336505590602,129.1,138.2,124.1,87.37813832684363,Steinway &amp; Sons,Manufacturing/Industrial Plant,QUEENS,396586,3468.86,8.75,Lower Gap + High GHG,0.4040247678018576,0.8937048503611971,0.6488648090815273
21294025,3,49.11389639254898,19.67985142231494,63.66504150171407,201.4,95.6,82.6,79.04964663104974,AKAM - 61-45 - 61-55 98th Street,Multifamily Housing,NA,388933,2085.42,5.359999999999999,Lower Gap + High GHG,0.40350877192982454,0.8323013415892673,0.6179050567595459
15117178,3,49.09663152629426,43.62898867881217,86.04407051850231,119.2,100.4,98.7,56.78117703714762,124 East 117th Street,Multifamily Housing,MANHATTAN,55725,345.92999999999995,6.21,Lower Gap + Lower GHG,0.40299277605779155,0.25748194014447884,0.3302373581011352
2740262,3,49.080511794705096,48.82759324937868,64.88071441501731,121.8,123.3,129.6,74.69931046136675,1075 SHEEPSHEAD OWNER CORP,Multifamily Housing,BROOKLYN,89615,727.51,8.12,Lower Gap + High GHG,0.4024767801857585,0.6062951496388029,0.5043859649122807
6682438,3,49.07698097385913,50.019268416635896,58.47488808804503,147.3,133.3,117.6,82.17704049035912,G&G REALTY CORP,Multifamily Housing,BROOKLYN,43836,333.41999999999996,7.609999999999999,Lower Gap + Lower GHG,0.4019607843137255,0.23839009287925697,0.3201754385964912
10858438,3,49.01962729377261,45.90759458998704,60.31652011917858,130.4,121.1,139.7,80.19503505119442,1372 Franklin Ave,Multifamily Housing,BRONX,48852,536.91,10.99,Lower Gap + Lower GHG,0.40144478844169246,0.4803921568627451,0.4409184726522188
24125286,3,49.01405597872545,50.078149793527984,61.23857847345943,124.1,134.9,129.1,82.44283879553387,2820 Middletown Road,Multifamily Housing,BRONX,25200,205.07,8.139999999999999,Lower Gap + Lower GHG,0.40092879256965946,0.048503611971104234,0.22471620227038186
10883506,3,48.995206067285665,60.804025122578835,64.40053747815811,142.7,135.6,97.5,77.00613735333177,Harlem River Campus,Multifamily Housing,MANHATTAN,627253,4168.2,6.6499999999999995,Lower Gap + High GHG,0.4004127966976264,0.9091847265221878,0.6547987616099071
6738970,3,48.90036348516763,54.462932412552675,73.71500057137479,104.6,120.7,120.7,66.23706758744733,150 William Street -Manhattan,Office,MANHATTAN,463679,4680.92,10.1,Lower Gap + High GHG,0.39989680082559337,0.9169246646026832,0.6584107327141383
6811865,3,48.87761773884122,43.86135511775109,60.466983760300515,143.7,122.3,122.3,79.66518082238365,232 Sherman Avenue,Multifamily Housing,MANHATTAN,40644,345.54,8.5,Lower Gap + Lower GHG,0.3993808049535604,0.2564499484004128,0.32791537667698656
7379620,3,48.870567932154415,52.40170952915285,55.77604630309807,140.9,142.6,126.3,88.35299619308074,Wai Realty Corp - 143-23 38th ave,Multifamily Housing,NA,27300,203.76,7.46,Lower Gap + Lower GHG,0.3988648090815273,0.047471620227038186,0.22316821465428277
21324974,3,48.83770265474198,51.65368586743091,55.52526529996209,121.6,139,149.5,88.74339755669322,Chestnut - 3291 Hull Avenue,Multifamily Housing,BRONX,22500,198.83,8.84,Lower Gap + Lower GHG,0.39834881320949433,0.04076367389060888,0.2195562435500516
10361947,3,48.80090788339955,53.42962920631899,52.526625456143066,147.3,132.4,145.8,92.37037079368102,481 Wales Avenue,Multifamily Housing,BRONX,37006,443.66,11.99,Lower Gap + Lower GHG,0.3978328173374613,0.3849329205366357,0.3913828689370485
6282740,3,48.772305336616874,47.08762403014313,56.748042675559134,140.5,131.2,132.3,85.21237596985688,Leor: 5115 13th Avenue,Multifamily Housing,BROOKLYN,34240,297.38,8.69,Lower Gap + Lower GHG,0.3973168214654283,0.17131062951496387,0.28431372549019607
6702258,3,48.75685323930748,43.77280019287983,53.71596341530464,151.6,132.9,133.7,89.92719980712016,400 East 199 Street,Multifamily Housing,BRONX,31210,255.76,8.19,Lower Gap + Lower GHG,0.39680082559339525,0.10835913312693499,0.25257997936016513
11216392,3,48.72301795281952,47.671334211074836,145.49785621042656,77.4,85.8,86.1,41.418411775561445,SRG Management LLC,Non-Refrigerated Warehouse,BROOKLYN,28500,170.88000000000002,6,Lower Gap + Lower GHG,0.39628482972136225,0.025283797729618165,0.2107843137254902
4938931,3,48.722916161881074,43.20642851080184,65.26208064414959,143.8,107.5,117.8,74.59357148919815,4321 Broadway AKA 701 West 184th Street,Multifamily Housing,MANHATTAN,56300,436.36,7.75,Lower Gap + Lower GHG,0.3957688338493292,0.37719298245614036,0.3864809081527348
1416310,3,48.714153425730835,50.04845034764381,61.598065475097364,132.2,128.3,123,78.0074105807191,345 Park Ave LP,Office,MANHATTAN,1783232,19363.05,10.86,Lower Gap + High GHG,0.39525283797729616,0.9865841073271414,0.6909184726522188
21954925,3,48.68833012017628,60.49942953835931,63.06500110365201,97.9,143.1,138.5,78.00057046164069,2175 RYER AVE CORP : 240 Mt. Hope Place,Multifamily Housing,BRONX,61973,605.16,9.76,Lower Gap + High GHG,0.39473684210526316,0.5366357069143447,0.46568627450980393
4868217,3,48.685807577346345,35.44668770840899,69.53170743212927,160.5,88.3,102,66.55331229159101,92nd Street Y: 1381/1395 Lexington Ave,K-12 School,MANHATTAN,236768,2173.1,9.18,Lower Gap + High GHG,0.3942208462332301,0.8384932920536635,0.6163570691434468
2680139,3,48.6798285066274,52.61295990677087,63.76677132614342,132.8,128.3,114.1,76.85122421368575,401 E. 80th St. (1540 1 AVENUE),Multifamily Housing,MANHATTAN,299103,2284.18,7.64,Lower Gap + High GHG,0.3937048503611971,0.846749226006192,0.6202270381836945
6685873,3,48.66125509790691,47.01962785463276,64.56609136440974,125,126.9,120.8,75.95820349692353,Brodsky - 245 East 11th Street,Multifamily Housing,MANHATTAN,49500,406.47,8.209999999999999,Lower Gap + Lower GHG,0.3931888544891641,0.33900928792569657,0.36609907120743035
4497808,3,48.62784352059298,52.16598391301579,71.8588180859598,121.1,121.9,105.5,65.75983648666373,56 West 66th Street,Office,MANHATTAN,60156,580.53,9.65,Lower Gap + High GHG,0.3926728586171311,0.5165118679050568,0.4545923632610939
6276039,3,48.62588743612788,60.154730152140715,60.21862692317953,143.5,141.8,102.4,79.69570952816464,2191 Bolton Owners Corp,Multifamily Housing,BRONX,44270,359.2,8.11,Lower Gap + Lower GHG,0.39215686274509803,0.27450980392156865,0.33333333333333337
6700212,3,48.581887221444724,40.508636511861596,54.024850158833395,157.6,128.4,128.8,89.98953129664213,901 East 217th St.,Multifamily Housing,BRONX,34484,300.71999999999997,8.719999999999999,Lower Gap + Lower GHG,0.39164086687306504,0.1785345717234262,0.2850877192982456
6799850,3,48.57928258072666,49.90676098744419,71.59042847063196,104.7,116.7,128.7,67.55520131312096,Salon: 1-3 West 125th Street,Office,NA,27235,310.55,11.4,Lower Gap + Lower GHG,0.391124871001032,0.19401444788441694,0.29256965944272445
6775211,3,48.507160331081785,58.20556687211037,61.99394979434394,106.3,141.4,134.9,76.69443312788964,Twee Mill,Multifamily Housing,NA,36000,310.24,8.62,Lower Gap + Lower GHG,0.39060887512899894,0.19298245614035087,0.2917956656346749
8025904,3,48.474336724956,47.933751891116586,67.42231867683844,120.1,118.5,122.5,72.06212436661144,3250 Westchester Avenue,Office,BRONX,75000,980.96,13.08,Lower Gap + High GHG,0.39009287925696595,0.6857585139318886,0.5379256965944272
12882321,3,48.435740711182426,46.966093028849144,57.37541010039526,135.1,126.9,136.8,83.8583950309861,70 Clark Street,Multifamily Housing,BROOKLYN,30610,279.02,9.12,Lower Gap + Lower GHG,0.3895768833849329,0.14293085655314758,0.2662538699690402
6298650,3,48.41131779534282,47.34621672399439,57.86842811537032,124.9,123.9,148.8,96.70840027881616,Glen Oaks Village Section L,Multifamily Housing,NA,134606,1215.55,9.03,Lower Gap + High GHG,0.3890608875128999,0.7327141382868937,0.5608875128998968
28606792,3,48.36071494985186,32.253082461131044,60.38670997451138,116.3,160.7,111.6,81.23660879075004,708 West 177 Street,Multifamily Housing,MANHATTAN,39950,342.65000000000003,8.58,Lower Gap + Lower GHG,0.38854489164086686,0.2533539731682147,0.32094943240454077
2544519,3,48.35934750591308,47.54765604461694,63.72175831231905,120.6,123.7,129.4,73.5957603053261,"Whitehall Terrace Associates, LLC - 118-21 Queens Boulevard",Office,QUEENS,79900,709.2,8.88,Lower Gap + High GHG,0.38802889576883387,0.5970072239422085,0.4925180598555212
6304428,3,48.351509337288306,48.171475873999796,52.56944165481561,146.9,133.9,140.1,91.9285241260002,9 Forty,Multifamily Housing,BRONX,26472,263.87,9.97,Lower Gap + Lower GHG,0.3875128998968008,0.11919504643962849,0.2533539731682147
21355235,3,48.34653852059579,48.055324886505474,29.231314685292304,217.6,214.3,213.9,157.2006100173699,DHS_1148_Classified DHS Location,Other - Lodging/Residential,NA,21000,323.17,15.39,Lower Gap + Lower GHG,0.38699690402476783,0.22084623323013416,0.303921568627451
3543893,3,48.341013517775266,39.2982158560052,50.75424239809163,152.8,145.7,153.8,114.50178414399481,Eastchester Rehabilitation Health Care Center,Senior Living Community,BRONX,59714,691.51,11.58,Lower Gap + High GHG,0.3864809081527348,0.587203302373581,0.48684210526315785
1836923,3,48.32086376086184,39.083781461961486,72.58426832661715,109.7,102.9,134,65.2663386957608,R829 (OECID: 0500040; BBL: 5005060081),K-12 School,STATEN IS,46206,529.05,11.45,Lower Gap + Lower GHG,0.38596491228070173,0.4726522187822497,0.42930856553147573
16871874,3,48.31769208303605,50.26171080132373,59.528224038616365,124.3,129.8,135.1,80.63146083261108,"2185 Grand Concourse, Bronx",Multifamily Housing,BRONX,48220,523.57,10.86,Lower Gap + Lower GHG,0.38544891640866874,0.4680082559339525,0.4267285861713106
6814643,3,48.28698593367596,50.914295326679536,57.43215889705939,149.2,133,115.1,85.12206166334062,"Caton Ave. Properties, Inc.",Multifamily Housing,BROOKLYN,34400,241.73,7.03,Lower Gap + Lower GHG,0.3849329205366357,0.08410732714138287,0.23452012383900928
6227718,3,48.27100017097074,53.04954620113226,46.51202063380736,150.1,156.1,152.8,99.75045379886775,Coney Island,Fitness Center/Health Club/Gym,BROOKLYN,44233,526.65,11.91,Lower Gap + Lower GHG,0.3844169246646027,0.4711042311661507,0.4277605779153767
2831024,3,48.26185585269192,51.72587188602493,58.47813376465064,141.9,133.3,117,82.31239225357318,1010 EAST 178TH STREET,Multifamily Housing,BRONX,192600,1513.96,7.859999999999999,Lower Gap + High GHG,0.38390092879256965,0.7807017543859649,0.5823013415892673
7866537,3,48.14164216835925,43.83674571037943,54.968287186942696,146.9,129.8,129.9,86.38348215053708,510 Ocean Avenue,Multifamily Housing,BROOKLYN,30010,264.74,8.82,Lower Gap + Lower GHG,0.38338493292053666,0.12074303405572756,0.2520639834881321
19503972,3,48.102750094083184,51.65798158475031,85.41690549017835,109.6,110.4,95.6,60.3056385059394,37-08 Union Street,Multifamily Housing,QUEENS,168444,1080.07,6.41,Lower Gap + High GHG,0.3828689370485036,0.7100103199174407,0.5464396284829721
6690534,3,48.08318057735652,56.51337035737089,58.745127467569546,150.7,97.5,138.8,82.28662964262912,Stellar - 155 Ridge Street,Multifamily Housing,MANHATTAN,34045,283.16,8.32,Lower Gap + Lower GHG,0.38235294117647056,0.14654282765737875,0.2644478844169247
19074544,3,48.04176294720511,47.93176545517203,55.723647548292284,133.2,132.2,137.4,87.84076782708749,1070 Ogden Avenue,Multifamily Housing,BRONX,28991,246.9,8.52,Lower Gap + Lower GHG,0.38183694530443757,0.09391124871001032,0.23787409700722395
6696077,3,47.9310200508339,38.904850853091716,63.80394462588866,115.4,110.9,142.9,75.04819825718064,3471 BROADWAY,Multifamily Housing,MANHATTAN,48979,459.52,9.38,Lower Gap + Lower GHG,0.3813209494324045,0.40350877192982454,0.39241486068111453
23373657,3,47.92210289534497,49.230325446525484,58.31014413483134,137.6,120.2,132,82.76967455347452,84 DRIVE HOMES INC,Multifamily Housing,QUEENS,38790,323.24,8.33,Lower Gap + Lower GHG,0.38080495356037153,0.22136222910216719,0.3010835913312694
4951961,3,47.852821032848546,51.31845526193621,60.839158016785454,144,128.9,106,77.86516447636,AKAM - 201 East 36th Street,Multifamily Housing,MANHATTAN,135128,1153.51,8.54,Lower Gap + High GHG,0.3802889576883385,0.7229102167182663,0.5515995872033024
26542942,3,47.763088837897,38.7984836178792,55.26343801943958,164.6,109.5,126.8,88.0015163821208,675 Coster Street,Multifamily Housing,BRONX,27105,201.5,7.430000000000001,Lower Gap + Lower GHG,0.3797729618163055,0.04437564499484004,0.21207430340557276
21968706,3,47.752120598295896,54.14390376609221,59.66548049341598,137.2,139.1,106,77.09145126613679,Campus at 1470 3rd Ave,Multifamily Housing,MANHATTAN,61627,487.74,7.91,Lower Gap + Lower GHG,0.37925696594427244,0.4324045407636739,0.4058307533539732
6641321,3,47.70903542850669,48.61525701368764,61.24611224910884,129.7,125,122.2,78.6326430384598,Dreitzer House,Multifamily Housing,MANHATTAN,39792,333.46,8.38,Lower Gap + Lower GHG,0.37874097007223945,0.23890608875129,0.3088235294117647
6282593,3,47.706866386687025,45.894715758320984,61.74772097507265,124.3,127.9,123.1,78.42292495730364,Delkap: 85-14 Broadway,Multifamily Housing,QUEENS,85290,651.01,7.63,Lower Gap + High GHG,0.3782249742002064,0.56656346749226,0.4723942208462332
12903249,3,47.6855862719676,43.79121497264924,62.11670611880946,136,119.9,117,75.55290944094801,448 W 163 Street - 45703,Multifamily Housing,MANHATTAN,30500,223.16,7.319999999999999,Lower Gap + Lower GHG,0.37770897832817335,0.06501547987616099,0.22136222910216719
26528195,3,47.646378550577246,58.60813386280529,61.415489102515075,146.5,134.6,94.7,77.95093102861826,"2nd Corp - M Buildings (5778,1)",Multifamily Housing,QUEENS,106254,747.19,7.03,Lower Gap + High GHG,0.37719298245614036,0.6145510835913313,0.49587203302373584
26640361,3,47.574844412486655,42.01629341948025,51.16760610780212,128.8,138,155.4,91.87523235769774,1410 Grand Concourse,Multifamily Housing,BRONX,30430,287.31,9.44,Lower Gap + Lower GHG,0.3766769865841073,0.15273477812177502,0.2647058823529412
20597266,3,47.56051303652001,42.28364380377407,106.15873606682433,125.9,74.5,90.6,48.316356196225925,1 Clinton,Multifamily Housing,BROOKLYN,360034,2279.6,6.33,Lower Gap + High GHG,0.3761609907120743,0.846233230134159,0.6111971104231166
6220945,3,47.533817258383024,16.121562198843662,73.92111907579167,181.2,89,100.4,84.27843780115634,St. Joseph's Seminary - 5655 Arlington Avenue,Senior Living Community,BRONX,91224,837.7,9.18,Lower Gap + High GHG,0.37564499484004127,0.6475748194014448,0.5116099071207431
6802729,3,47.50645209468994,45.71745087824391,55.32597015834395,131.8,137.4,131.4,85.6825491217561,2314-18 Crotona Avenue,Multifamily Housing,BRONX,41780,335.88,8.04,Lower Gap + Lower GHG,0.3751289989680083,0.24303405572755418,0.3090815273477812
6932877,3,47.4949433919139,51.15137327983264,41.85233490844768,167.3,161.7,154.8,116.49241965270716,"West Canyon, LLC",Other - Lodging/Residential,QUEENS,29000,301.9,10.41,Lower Gap + Lower GHG,0.37461300309597523,0.18059855521155832,0.2776057791537668
7798281,3,47.47436731247598,41.072567477616644,53.546904740544115,150.3,128,129.6,88.70548404062072,757 East 169th Street,Multifamily Housing,BRONX,26347,287.34000000000003,10.91,Lower Gap + Lower GHG,0.37409700722394224,0.15325077399380804,0.26367389060887514
2008836,3,47.414342454625945,31.05413969090661,66.1964829658437,153.8,99.4,104.3,73.24586030909339,The Visionaire - 71 BATTERY PLACE,Multifamily Housing,MANHATTAN,520640,3848.67,7.39,Lower Gap + High GHG,0.3735810113519092,0.9029927760577915,0.6382868937048504
2831063,3,47.37161643204281,46.374690670527926,46.78780656338565,159.1,140.2,146.3,99.92530932947209,HIGHBRIDGE GARDENS,Multifamily Housing,BRONX,635770,5913.820000000001,9.3,Lower Gap + High GHG,0.37306501547987614,0.9339525283797729,0.6535087719298245
2805275,3,47.34740505161631,47.447703655437266,63.495942077603566,124.3,119.9,121.6,74.15229634456273,3931 Broadway - 20316,Multifamily Housing,MANHATTAN,66859,576.71,8.629999999999999,Lower Gap + High GHG,0.37254901960784315,0.5139318885448917,0.4432404540763674
4039525,3,47.344237271110565,45.82530697085201,63.261208779644,131.1,115.1,120.2,74.37469302914799,Canada_97-20 57th Avenue,Multifamily Housing,QUEENS,239668,1808.29,7.54,Lower Gap + High GHG,0.3720330237358101,0.8070175438596491,0.5895252837977296
12874864,3,47.33427869552342,48.00366058552173,61.810266781488224,129.7,119.8,122.3,74.29633941447827,Independence Gardens Owners 2 (383 Bay 8th Street) (Campus),Multifamily Housing,BROOKLYN,40610,340.76,8.39,Lower Gap + Lower GHG,0.3715170278637771,0.24974200206398348,0.3106295149638803
12711832,3,47.32559761629199,60.28965989387457,58.88861120523712,103.6,140.2,140.6,80.31034010612542,Shamco: 85 Bristol St,Multifamily Housing,BROOKLYN,46224,499.02,10.8,Lower Gap + Lower GHG,0.37100103199174406,0.44685242518059853,0.4089267285861713
20636764,3,47.30531859688272,37.68627203132657,58.91303955335392,145.5,116.7,122.7,85.66466819005979,1163 Carroll Street,Multifamily Housing,BROOKLYN,243210,1872.68,7.7,Lower Gap + High GHG,0.37048503611971106,0.8147574819401445,0.5926212590299278
10823286,3,47.26687661872023,46.767870543644634,58.56341196619435,126,126.7,131.7,79.43060565390314,77 New York Avenue,Multifamily Housing,BROOKLYN,67582,561.1700000000001,8.3,Lower Gap + High GHG,0.369969040247678,0.5025799793601651,0.4362745098039216
2658579,3,47.2655250229811,44.4833540613739,64.47206595471444,129.3,116.2,116,73.3787475493949,Pinnacle - 281-295 Wadsworth Ave,Multifamily Housing,MANHATTAN,70310,503.42,7.159999999999999,Lower Gap + Lower GHG,0.36945304437564497,0.45098039215686275,0.41021671826625383
7068550,3,47.23344469553199,47.17148525565466,68.04230237322297,114.4,114.6,121.2,69.73163417585852,Leba Realty Co,Office,MANHATTAN,39500,364.79,9.239999999999998,Lower Gap + Lower GHG,0.368937048503612,0.282249742002064,0.325593395252838
4035774,3,47.225885933620475,41.32987845508387,75.75086208849238,103.7,98.2,126.5,62.77632421643334,Mantena - 29656,Multifamily Housing,MANHATTAN,100397,1085.06,10.81,Lower Gap + High GHG,0.3684210526315789,0.7120743034055728,0.5402476780185759
6337260,3,47.17889234763396,48.86657695647742,61.29495325556154,125.6,119.7,127.1,78.23342304352258,3860 BROADWAY - 44494,Multifamily Housing,MANHATTAN,49540,408.06,8.239999999999998,Lower Gap + Lower GHG,0.36790505675954593,0.34210526315789475,0.35500515995872034
6699328,3,47.12851977689305,55.300573490831425,56.92281672695923,142.9,136,110.5,81.96500304485373,276 Sherman Avenue,Multifamily Housing,MANHATTAN,43698,307.54,7.04,Lower Gap + Lower GHG,0.3673890608875129,0.18885448916408668,0.27812177502579977
21202127,3,47.109168562458905,45.783493981535955,56.361818370208766,137.3,126.7,128.1,84.96116151526633,Progressive - 305 Decatur Street,Multifamily Housing,BROOKLYN,29362,232.3,7.91,Lower Gap + Lower GHG,0.3668730650154799,0.07481940144478844,0.22084623323013416
22480734,3,47.05217245292512,47.101380304844106,70.74675760410301,109.4,122.1,111,63.898619695155894,375 Pearl Street,K-12 School,BROOKLYN,76200,689.63,9.05,Lower Gap + High GHG,0.36635706914344685,0.586171310629515,0.4762641898864809
24896798,3,47.03121616601979,48.78781304895769,66.72892411019912,120.9,106.9,124.4,70.47457013565344,57 West 58th Street,Multifamily Housing,MANHATTAN,96137,1010.82,10.51,Lower Gap + High GHG,0.36584107327141385,0.6909184726522187,0.5283797729618163
19866640,3,47.02564238675426,44.01297370362491,54.02026383230283,148.3,122.4,130.6,86.58702629637509,75 East 95th Street,Multifamily Housing,BROOKLYN,26928,277.67,10.31,Lower Gap + Lower GHG,0.3653250773993808,0.13828689370485037,0.2518059855521156
4403640,3,46.98058990718495,49.84479953417748,58.76020494163275,119.1,129.2,132.9,79.53461113045009,MP Management - 1025 Boynton,Multifamily Housing,BRONX,61500,491.11,7.99,Lower Gap + Lower GHG,0.36480908152734776,0.4375644994840041,0.40118679050567596
6792187,3,46.96263251480091,53.12607210781999,112.19419273804853,107.8,94.2,82.1,63.2957241028386,1040-1044 East New York Avenue,Multifamily Housing,BROOKLYN,63939,378.38,5.92,Lower Gap + Lower GHG,0.36429308565531476,0.2997936016511868,0.3320433436532508
6320124,3,46.90358463209143,50.107773657362124,116.47702701414035,70.7,102.8,88.7,38.59222634263788,Fed Ex - 300 Maspeth Ave,Distribution Center,BROOKLYN,112000,714.6800000000001,6.38,Lower Gap + High GHG,0.3637770897832817,0.5990712074303406,0.48142414860681115
3959959,3,46.78505087504757,52.64331087548284,40.25358945199171,184,170,135.5,116.48480681019316,The Jewish Museum - 1109 Fifth Ave,Museum,MANHATTAN,85000,957.72,11.27,Lower Gap + High GHG,0.3632610939112487,0.6821465428276574,0.522703818369453
5882573,3,46.72157408688508,37.031738484589,51.11816855897631,162.6,131.7,120.1,88.45555775558275,Emblem - Jamaica Estates Medical Offices,Medical Office,QUEENS,35429,363.03,10.25,Lower Gap + Lower GHG,0.3627450980392157,0.2786377708978328,0.3206914344685242
6197896,3,46.72060350324705,41.65666012574127,51.54812533211667,158.1,116.6,137.3,95.64333987425874,"166 WEST 129TH REALTY, LLC",Multifamily Housing,NA,35292,330.84000000000003,9.37,Lower Gap + Lower GHG,0.3622291021671827,0.23632610939112486,0.29927760577915374
21353824,3,46.66150196591699,43.91809135208217,34.44157364052422,214.4,150.9,177.7,133.78190864791782,NYPD_4526_Classified NYPD Location,Police Station,NA,14300,191.08,13.36,Lower Gap + Lower GHG,0.36171310629514963,0.03457172342621259,0.19814241486068113
10557323,3,46.61870770379071,23.555608667217882,69.06609537234567,160.9,89.3,92.3,68.744391332782115,2701 Kingsbridge Terr,Multifamily Housing,BRONX,43905,301.16,6.859999999999999,Lower Gap + Lower GHG,0.36119711042311664,0.18008255933952527,0.27063983488132093
6814261,3,46.61568517552313,44.81493344497295,41.353800438956995,155.2,165.1,159.5,114.68506655502705,"VERRAZANO NURSING HOME, INC",Senior Living Community,STATEN IS,35400,407.09,11.5,Lower Gap + Lower GHG,0.3606811145510836,0.34004127966976266,0.35036119711042313
16634972,3,46.57483338124729,46.485758442545915,69.16844858998499,112.2,118.9,110.9,69.183614067526,921 Madison Avenue (Parent Property),Worship Facility,MANHATTAN,65800,609.21,9.26,Lower Gap + High GHG,0.36016511867905054,0.5397316821465429,0.4499484004127967
6403430,3,46.5723475389771,41.12467763997728,53.892002717025456,116.4,157.8,126.5,85.37532236002272,38-40 Saint Nicholas Place,Multifamily Housing,MANHATTAN,31014,308.83,9.96,Lower Gap + Lower GHG,0.35964912280701755,0.1914344685242518,0.2755417956656347
16096215,3,46.55062338033251,41.92223579776187,48.117685404278646,154.6,138.9,136.2,95.89616935574689,306 East 180 Street,Multifamily Housing,BRONX,27410,231.1,8.43,Lower Gap + Lower GHG,0.3591331269349845,0.0737874097007224,0.21646026831785345
5858546,3,46.53553353369579,48.32146691130593,59.67925147891634,139.7,124.6,108.3,76.3829275542944,109-14 172nd Street,Multifamily Housing,QUEENS,57559,448.06,7.78,Lower Gap + Lower GHG,0.3586171310629515,0.391124871001032,0.3748710010319918
26698741,3,46.510700245358535,49.0015610412249,85.55043187003331,78.6,107.2,117.4,52.20130661789519,Bedford Union Armory,Multifamily Housing,BROOKLYN,527267,3590.53,6.81,Lower Gap + High GHG,0.35810113519091846,0.8952528379772962,0.6266769865841073
3177675,3,46.506667483279436,42.067104612380476,48.33646737827478,140.6,151.3,136.7,95.44454437468649,230 East 51st Street (The Pod Hotel),Hotel,MANHATTAN,81700,958.45,11.73,Lower Gap + High GHG,0.35758513931888547,0.6826625386996904,0.5201238390092879
26640362,3,46.50354258528703,45.05075173147729,59.84390607493997,124,81.5,166.1,77.20585644710968,1206 Westchester Avenue,Multifamily Housing,BRONX,81708,921.99,11.28,Lower Gap + High GHG,0.3570691434468524,0.6718266253869969,0.5144478844169247
4802833,3,46.485315055670846,44.14936618564562,73.2677401889549,108,117,105,63.935006707593224,218 West 18th Street,Office,MANHATTAN,142590,1517.47,10.64,Lower Gap + High GHG,0.35655314757481943,0.781733746130031,0.5691434468524252
6464273,3,46.474223029342255,46.877053846175045,59.14400938558248,128.8,115,131.2,78.00722016461738,610-620 WEST 141 HOLDINGS LLC,Multifamily Housing,MANHATTAN,45290,461.53,10.19,Lower Gap + Lower GHG,0.3560371517027864,0.40454076367389064,0.3802889576883385
4509454,3,46.46254767100021,40.92128537372136,22.44556196950261,273.1,249.1,235.7,199.54939283419637,CO/VZT/355 FOREST AVE/STATEN ISLAND/NY,Data Center,STATEN IS,81993,2180.55,26.59,Lower Gap + High GHG,0.35552115583075333,0.8395252837977296,0.5975232198142415
10890603,3,46.42182096560844,47.1023913882165,59.59829843641277,126.4,126.5,120.1,77.5516880581562,Lasker Management LLC - 170 Linden st + 174 Linden st Campus,Multifamily Housing,BROOKLYN,54504,392.18,7.2,Lower Gap + Lower GHG,0.35500515995872034,0.3188854489164087,0.33694530443756454
15583893,3,46.38787243866958,46.05785357504794,23.360422141359134,256.9,236.1,241.5,195.44214642495206,42-02 Northern Blvd,Supermarket/Grocery Store,QUEENS,82101,2029.99,24.73,Lower Gap + High GHG,0.3544891640866873,0.8281733746130031,0.5913312693498451
4369118,3,46.3493668954467,50.67231492282873,58.561757264056425,115.7,129.5,131.8,78.5013252874269,Essen: 35-30 153rd St,Multifamily Housing,QUEENS,59457,595.87,10.02,Lower Gap + High GHG,0.3539731682146543,0.5263157894736842,0.44014447884416924
2655224,3,46.33166444171476,39.25276688928453,61.36261713467179,115.1,85.4,160.8,76.43470635315657,Samson - 15 / 17 Park Avenue (13 Park Avenue Child),Multifamily Housing,MANHATTAN,49811,664.1700000000001,13.33,Lower Gap + High GHG,0.35345717234262125,0.5732714138286894,0.4633642930856553
6178123,3,46.325995845919856,42.594111183109234,48.995600091236085,157.1,137,128.3,94.13332645683582,2274 Grand Concourse,Multifamily Housing,BRONX,29817,254.46,8.53,Lower Gap + Lower GHG,0.35294117647058826,0.10732714138286893,0.2301341589267286
6334912,3,46.292482972805146,47.04332028092068,56.48727952468038,119.4,128.3,137.8,81.20008165553448,1585 Townsend Ave,Multifamily Housing,BRONX,47797,416.62,8.719999999999999,Lower Gap + Lower GHG,0.3524251805985552,0.35139318885448917,0.3519091847265222
3128124,3,46.28974049084571,17.584712304200835,54.86014606165317,199.5,89.1,96.8,79.21528769579916,UNITY PLAZA (ALL SITES)/LONG ISLAND BAPTIST HOUSES,Multifamily Housing,BROOKLYN,944590,4859,5.14,Lower Gap + High GHG,0.35190918472652216,0.9189886480908153,0.6354489164086687
18652209,3,46.280233893217435,15.72388129232516,61.95582100285238,91.4,89.5,183.6,74.50111276697066,ZM FORCE : 1560-1580 Pelham,Multifamily Housing,BRONX,184500,2604.12,14.11,Lower Gap + High GHG,0.35139318885448917,0.8668730650154799,0.6091331269349846
4404055,3,46.273715478065675,32.83524679418883,59.07145261742811,99.2,164.9,111.2,78.36475320581117,Walter Black: 41-69 Parsons,Multifamily Housing,QUEENS,54000,447.1,8.28,Lower Gap + Lower GHG,0.3508771929824561,0.39009287925696595,0.37048503611971106
9855857,3,46.26417660089061,47.261472730503975,75.77270123171584,111.9,105.1,105.3,61.46575106917112,274 Garfield Place,Worship Facility,BROOKLYN,42112,296.01,7.03,Lower Gap + Lower GHG,0.35036119711042313,0.16873065015479877,0.259545923632611
20652407,3,46.243985013804384,47.741429984941874,72.40867033452925,115,103.3,111.9,64.15857001505813,19 West 24th Street,Office,MANHATTAN,51659,505.37,9.78,Lower Gap + Lower GHG,0.3498452012383901,0.45304437564499483,0.40144478844169246
27216008,3,46.228130825404996,20.436200345125215,62.452342892882974,96,90.6,172.9,74.36437756505804,Triborough Pres LLC (2126sara) (2126saraHUD),Multifamily Housing,BROOKLYN,182986,1879.5,10.27,Lower Gap + High GHG,0.3493292053663571,0.8157894736842105,0.5825593395252838
4885889,3,46.22021590660267,45.47954374715398,54.38450067936985,130.7,142.5,120.4,84.79423799803577,A&amp;E - Big Riverton (5),Multifamily Housing,MANHATTAN,716400,5262.29,7.35,Lower Gap + High GHG,0.34881320949432404,0.9215686274509803,0.6351909184726522
6710336,3,46.20986950170634,47.89729800753459,61.9743908999797,132.5,106.4,122.7,74.80270199246542,209 West 97th Street AKA 760 Amsterdam Avenue,Multifamily Housing,MANHATTAN,64650,533.51,8.25,Lower Gap + Lower GHG,0.34829721362229105,0.47729618163054693,0.412796697626419
6449833,3,46.19364557217836,47.32732659607973,55.861134317504415,135,122,129.4,82.07267340392028,188 South 2nd Street,Multifamily Housing,BROOKLYN,31500,314.46999999999997,9.98,Lower Gap + Lower GHG,0.347781217750258,0.20330237358101136,0.2755417956656347
2797222,3,46.15532269008255,45.836117898429634,66.54344064444638,128.9,102.7,114.2,68.36388210157037,ConEd Davis HQ,Office,STATEN IS,69575,647.26,9.3,Lower Gap + High GHG,0.34726522187822495,0.5634674922600619,0.4553663570691434
14822895,3,46.121731338058645,45.050530666997574,121.80616145472642,84.3,90.1,77.5,36.11111528458111,Flagship Management - 2301 Borden ave,Non-Refrigerated Warehouse,QUEENS,27405,244.28,8.91,Lower Gap + Lower GHG,0.34674922600619196,0.08823529411764706,0.21749226006191952
21099498,3,46.04000337833191,48.83869854622009,56.04399897840528,139.7,131.2,112.9,80.15430042574144,Bay Terrace Section #9 (209-15 + 209-25 18 Avenue),Multifamily Housing,QUEENS,115000,831,7.23,Lower Gap + High GHG,0.3462332301341589,0.6449948400412797,0.4956140350877193
6814599,3,46.005586578600436,48.5179973578056,58.63501158854302,133.7,126.5,113,78.02118848643508,Melrose Estates Campus,Multifamily Housing,NA,104247,889.52,8.53,Lower Gap + High GHG,0.3457172342621259,0.6625386996904025,0.5041279669762642
6298649,3,45.841479796114335,54.29061338812022,58.69452143264198,151.9,130,101.6,91.888786324332,Glen Oaks Village Section B,Multifamily Housing,QUEENS,116082,754.39,6.5,Lower Gap + High GHG,0.34520123839009287,0.6207430340557275,0.4829721362229102
9608331,3,45.81591607150585,42.378656668657726,76.56266679053262,115.3,102.2,99.3,59.19047970783869,Trillion:1862 East 2nd Street aka 506 Kings Hwy,Multifamily Housing,BROOKLYN,37620,293.46999999999997,7.8,Lower Gap + Lower GHG,0.3446852425180599,0.16357069143446853,0.2541279669762642
3513177,3,45.813061962345316,48.27845927036765,60.57678252182105,127.8,122.1,114.4,75.39923944493722,"GVS Properties IV, LLC/90EllwoodSt",Multifamily Housing,MANHATTAN,51345,360.09,7.01,Lower Gap + Lower GHG,0.3441692466460268,0.2755417956656347,0.30985552115583076
4404049,3,45.80897968428539,44.49913767665805,58.2991155767116,125.6,128.3,119.6,78.05707441004502,Walter Black: 41-42 Parsons,Multifamily Housing,QUEENS,59000,548.47,9.3,Lower Gap + Lower GHG,0.34365325077399383,0.4917440660474716,0.4176986584107327
4950753,3,45.806283175756086,47.873679379280816,64.12004652776952,109.7,118.8,123.4,71.40296514274553,ROSENBERG: 3201-13 Park Ave,Multifamily Housing,BRONX,100125,811.39,8.1,Lower Gap + High GHG,0.3431372549019608,0.6393188854489165,0.4912280701754386
21291423,3,45.77991875349666,53.24579087726924,58.94041376258543,132.4,131.4,106.6,77.55944946572905,SIMA ASSOCIATES LLC,Multifamily Housing,BRONX,67224,559.8399999999999,8.33,Lower Gap + High GHG,0.34262125902992774,0.5015479876160991,0.42208462332301344
25839017,3,45.778426758723214,43.550762627885035,51.1920597411592,144.7,128.6,132.4,91.97045863499407,Four Points by Sheraton Manhattan Midtown West,Hotel,MANHATTAN,48264,575.8399999999999,11.93,Lower Gap + High GHG,0.34210526315789475,0.5128998968008256,0.42750257997936014
6382841,3,45.706834706861365,34.829443611585205,51.822394768193895,159.2,118.5,123,88.1705563884148,4396 Furman Avenue,Multifamily Housing,BRONX,36000,291.22999999999996,8.09,Lower Gap + Lower GHG,0.3415892672858617,0.15995872033023736,0.25077399380804954
9588707,3,45.705022269295455,47.559319400621334,54.355412652036414,125.8,131.1,133.3,82.3788171194396,Washington Heights Rehab (Group 1&2) - 503 W 177th Street,Multifamily Housing,MANHATTAN,28870,249.57,8.639999999999999,Lower Gap + Lower GHG,0.3410732714138287,0.09907120743034056,0.22007223942208465
21355448,3,45.66299235062865,45.05910594672804,39.81270030852356,162,159.1,160.8,111.50542081690288,NYPD_4520_90th Precinct and Engine Company 216,Police Station,BROOKLYN,39345,525.38,13.35,Lower Gap + Lower GHG,0.34055727554179566,0.47007223942208465,0.4053147574819401
21354854,3,45.513253762967565,50.66072903738433,29.722213579153145,201.6,170,225.2,154.33798599259347,Benchmarking Group - 6,Police Station,MANHATTAN,37286,679.12,18.21,Lower Gap + High GHG,0.34004127966976266,0.5815273477812177,0.4607843137254902
3167565,3,45.485561466581395,44.60485979145331,69.40717542149959,110.7,103.7,118.6,65.49601191033165,URA Group - 569 Broadway,Office,MANHATTAN,160000,1655.84,10.35,Lower Gap + High GHG,0.3395252837977296,0.7946336429308566,0.567079463364293
2734682,3,45.420603542475234,47.79691656291163,62.50288909053395,122.3,119.8,112.3,72.68905332678334,Chatam: 1001-5 St Nicholas Ave,Multifamily Housing,MANHATTAN,76221,592.48,7.77,Lower Gap + High GHG,0.33900928792569657,0.5247678018575851,0.43188854489164086
14775211,3,45.40695842636337,61.25204365757373,91.83847933280246,59.1,114,111.2,49.947956342426274,210-214 Hegeman Avenue,Multifamily Housing,BROOKLYN,41392,306.05,7.39,Lower Gap + Lower GHG,0.3384932920536636,0.18730650154798761,0.2628998968008256
21355348,3,45.40432960977688,49.94076261009096,72.37607493010735,114.7,98.4,111.6,60.63906272456821,HRA_4159_Bushwick Multi Service Center,Office,BROOKLYN,52000,360.6,6.930000000000001,Lower Gap + Lower GHG,0.3379772961816305,0.2760577915376677,0.3070175438596491
8549259,3,45.384988148110395,45.588883862606025,43.899481370503175,160.2,140.1,146,100.41111613739398,NYU Langone Ambulatory Care Bay Ridge,Other / Rare,BROOKLYN,58381,780.06,13.36,Lower Gap + High GHG,0.33746130030959753,0.6274509803921569,0.4824561403508772
19508993,3,45.3540043758807,45.089613009633894,54.508269973699164,129.4,126.9,129.4,82.95058574949515,CFF Consulting - 461 W 159 St,Multifamily Housing,MANHATTAN,42438,335.47999999999996,7.91,Lower Gap + Lower GHG,0.3369453044375645,0.24200206398348814,0.2894736842105263
5853143,3,45.32963772759074,45.589362755523155,60.97445472106557,121.1,115.4,122.5,73.97822446737133,134 East 93rd St,Multifamily Housing,MANHATTAN,51399,466.11,9.07,Lower Gap + Lower GHG,0.3364293085655315,0.40970072239422084,0.37306501547987614
6691735,3,45.26849301071238,40.4811665806959,55.73161841234589,123.9,135.5,120.6,80.1188334193041,Pinnacle - 1296 Pacific Street,Multifamily Housing,BROOKLYN,45264,329.77,7.29,Lower Gap + Lower GHG,0.33591331269349844,0.23323013415892674,0.2845717234262126
3429853,3,45.25228996758049,44.61878054010245,60.422578828495965,125.2,118.7,116.4,73.93819284467443,BRG - 96-10 37th Avenue,Multifamily Housing,QUEENS,79555,625.9399999999999,7.87,Lower Gap + High GHG,0.33539731682146545,0.5469556243550051,0.4411764705882353
6932901,3,45.24718594450373,44.49004841334969,69.44577370424523,121.9,108.1,101.4,66.39735245650434,1125 Fulton Street - Parent Property,Office,BROOKLYN,27756,287.71999999999997,10.37,Lower Gap + Lower GHG,0.3348813209494324,0.15376676986584106,0.24432404540763675
6225074,3,45.21954982547849,49.30954883813506,53.0088440599754,159.5,132.8,100.5,87.46289607839233,CROTONA PARK NORTH APARTMENTS (PIP),Multifamily Housing,BRONX,29260,178.81,6.109999999999999,Lower Gap + Lower GHG,0.33436532507739936,0.028379772961816305,0.18137254901960784
2787422,3,45.196987125175106,48.87448414252029,56.57401406644594,130.6,115,129.5,78.88945893552713,2901 Ocean Parkway,Multifamily Housing,BROOKLYN,54315,445.41,8.2,Lower Gap + Lower GHG,0.33384932920536636,0.38854489164086686,0.36119711042311664
1633211,3,45.17045834884234,45.499870491475434,73.0090396454439,111.9,110.3,99.6,60.83925897524389,"R450, R451, R453 (OECID: 0500078; BBL: 5000220001)",K-12 School,STATEN IS,284857,2327.19,8.17,Lower Gap + High GHG,0.3333333333333333,0.8498452012383901,0.5915892672858617
4398351,3,45.166313781984734,40.76124181532302,56.43868165637902,112.8,120.2,143.3,79.56787966642906,ONE LINCOLN PLAZA,Multifamily Housing,MANHATTAN,1075045,10783.07,10.03,Lower Gap + High GHG,0.3328173374613003,0.9674922600619195,0.6501547987616099
3535611,3,45.137424970789596,50.379148155362586,53.28554609598055,101.6,142.8,143.8,92.8351760460052,1775 Grand Concourse,Mixed Use Property,BRONX,295957,4140.23,13.99,Lower Gap + High GHG,0.3323013415892673,0.9086687306501547,0.620485036119711
6282565,3,45.087643446080214,59.07901789758192,61.415025956926755,137.4,131.5,86.5,73.32542399755638,Cornerstone: 52 Thomas St,Multifamily Housing,MANHATTAN,50762,352.24,6.94,Lower Gap + Lower GHG,0.3317853457172343,0.26522187822497423,0.29850361197110425
6700209,3,45.06644293702903,27.840974049658897,54.19451993556048,182.3,87.5,111.8,83.9590259503411,544-50 Academy Street,Multifamily Housing,MANHATTAN,46584,328,7.04,Lower Gap + Lower GHG,0.33126934984520123,0.2306501547987616,0.28095975232198145
2831116,3,45.0262126910395,41.165130400920546,57.32560487058468,149.2,118.6,102.9,79.19805806418039,MELTZER TOWER,Multifamily Housing,MANHATTAN,144876,954.23,6.59,Lower Gap + High GHG,0.33075335397316824,0.6800825593395253,0.5054179566563468
6616719,3,45.01595734013534,44.952907911116725,74.90224754462596,102.1,106.6,106.7,61.74709208888328,616 BEDFORD AVENUE CONDOMINIUM,Multifamily Housing,BROOKLYN,31171,250.56,8.04,Lower Gap + Lower GHG,0.3302373581011352,0.10113519091847266,0.21568627450980393
26645454,3,44.99274321090874,49.93999698549773,56.11739408681856,115.6,131.6,129.1,79.16000301450227,2913 Foster Avenue,Multifamily Housing,BROOKLYN,50000,390.59,7.81,Lower Gap + Lower GHG,0.32972136222910214,0.3173374613003096,0.32352941176470584
11881451,3,44.90586439383406,42.20167601059511,62.37349069502909,113.2,114.9,123.2,70.34126608204299,Alianza Triangle Building,Office,MANHATTAN,45857,452.97,9.88,Lower Gap + Lower GHG,0.32920536635706915,0.3978328173374613,0.3635190918472652
21353948,3,44.896006403889345,58.25384782362465,33.25034298233664,202.9,192.4,145.3,136.12190817157398,DPR_3797_Forest Park Admin Building - The Overlook,Office,QUEENS,4700,61.14,13.01,Lower Gap + Lower GHG,0.3286893704850361,0.0030959752321981426,0.1658926728586171
7033534,3,44.86848873306692,42.81737357249813,61.880468854628205,117,121.1,114.4,72.81758679318487,"Southeast Holdings, LLC",Refrigerated Warehouse,QUEENS,33400,439.89,13.17,Lower Gap + Lower GHG,0.3281733746130031,0.3813209494324045,0.35474716202270384
15101737,3,44.85907342697774,45.728638701401614,108.72140084243843,89.2,87.2,81.9,40.68321641624231,132 54th Street,Distribution Center,BROOKLYN,39050,199.34,5.1,Lower Gap + Lower GHG,0.32765737874097006,0.04231166150670795,0.184984520123839
6299774,3,44.84538507041002,46.954577776569266,48.81791085553536,156.5,137.8,115,90.92060282933252,Charm: 405 East 204th,Multifamily Housing,BRONX,26750,197.43,7.38,Lower Gap + Lower GHG,0.32714138286893707,0.0392156862745098,0.18317853457172345
9279211,3,44.800465972729455,52.306996058990606,67.37394872715166,124.1,117.9,90,61.664308923574886,4315 12th Avenue,K-12 School,BROOKLYN,34790,206.7,5.94,Lower Gap + Lower GHG,0.326625386996904,0.049019607843137254,0.18782249742002063
19509191,3,44.77123198015145,42.50959363416547,53.24217415243139,123.3,126.1,137.5,83.55733791973132,CFF Consulting - 2363 ACP Boulevard,Multifamily Housing,MANHATTAN,38011,326.39,8.59,Lower Gap + Lower GHG,0.32610939112487103,0.22755417956656346,0.27683178534571723
19917283,3,44.680112517518744,45.90059161590733,53.975767351312435,123.7,127,131.9,83.27088767674637,224 W 49th St,Hotel,MANHATTAN,96000,1014.59,10.57,Lower Gap + High GHG,0.325593395252838,0.6924664602683178,0.5090299277605779
21355365,3,44.67913850390274,42.070528644084746,42.187187827756745,137.5,145.8,168.6,106.68654872328005,H+H_4306_Segundo Ruiz Belvis Diagnostic and Treatment Center,Medical Office,BRONX,62684,826.64,13.19,Lower Gap + High GHG,0.32507739938080493,0.6424148606811145,0.48374613003095973
6664548,3,44.63898219847742,20.702233831498845,61.97552422488589,90.8,92.6,168,71.74385939049685,Allied - 1423 2nd Avenue - Child,Multifamily Housing,MANHATTAN,149793,2202.57,14.7,Lower Gap + High GHG,0.32456140350877194,0.8405572755417957,0.5825593395252838
5705176,3,44.63868901460577,48.094953091203664,59.796134799733494,113.4,122.8,122.2,74.10504690879634,Golden Gate Condominiums,Multifamily Housing,QUEENS,89721,802.73,8.950000000000001,Lower Gap + High GHG,0.3240454076367389,0.6357069143446853,0.47987616099071206
15620048,3,44.615017691800716,45.48366344956618,80.328129923359,99.2,85.1,115.9,56.96846252378156,217 Ocean Avenue,Multifamily Housing,BROOKLYN,53419,364.44,6.819999999999999,Lower Gap + Lower GHG,0.3235294117647059,0.28173374613003094,0.3026315789473684
4040951,3,44.52933638665714,44.536198881804054,62.653907034168384,122.4,109,115.2,70.66380111819595,Manhattan Chelsea Market,Office,MANHATTAN,1116700,12247.52,10.97,Lower Gap + High GHG,0.32301341589267285,0.9736842105263158,0.6483488132094943
2495822,3,44.51866608423238,33.391518786486856,66.93377874193045,145.7,97.8,87.2,64.72742018408739,lyceum kennedy,K-12 School,MANHATTAN,25212,210.75,8.360000000000001,Lower Gap + Lower GHG,0.32249742002063986,0.05417956656346749,0.18833849329205368
6687837,3,44.5097739345782,44.96025166214376,56.292201856786875,131.2,121.4,118,78.16629141179287,598 West 177th Street,Multifamily Housing,MANHATTAN,45690,362.95,7.94,Lower Gap + Lower GHG,0.3219814241486068,0.27812177502579977,0.3000515995872033
4039200,3,44.502401549440016,43.34600178732394,54.98511935463536,136,122.4,118.5,83.42664572386319,Century - 1966 Newbold Avenue,Multifamily Housing,BRONX,148131,1380,9.32,Lower Gap + High GHG,0.32146542827657376,0.7647058823529411,0.5430856553147574
7379623,3,44.49684836259246,46.97935256165299,49.927836733584776,139.4,135.4,125.8,87.7527020141287,Wai Realty Corp - 143-01 38th ave,Multifamily Housing,QUEENS,31680,223.56,7.06,Lower Gap + Lower GHG,0.32094943240454077,0.06656346749226007,0.1937564499484004
6303637,3,44.46718753276724,42.65089045243192,64.68903714900749,119.5,110.7,109.3,68.55478242161526,132-54 Pople Ave.,Multifamily Housing,QUEENS,43957,302.87,6.89,Lower Gap + Lower GHG,0.3204334365325077,0.18214654282765738,0.25128998968008254
6317503,3,44.45163822084887,44.981050494260245,51.67544032335355,131.8,127.8,131.8,85.79582550218335,Helen Leung,Multifamily Housing,BROOKLYN,38500,344.44,8.950000000000001,Lower Gap + Lower GHG,0.31991744066047473,0.2543859649122807,0.2871517027863777
4408592,3,44.44136850750379,48.348449461763195,49.083729175599714,121.1,148.7,134.6,86.2515505382368,1530 Broadway,Retail Store,MANHATTAN,182064,2799.08,15.37,Lower Gap + High GHG,0.3194014447884417,0.8725490196078431,0.5959752321981424
2830940,3,44.387814173139475,42.04108069781796,47.93483045555149,123.1,150,136.9,94.85891930218204,ATLANTIC TERMINAL SITE 4B,Multifamily Housing,BROOKLYN,271380,2367.18,8.719999999999999,Lower Gap + High GHG,0.3188854489164087,0.8508771929824561,0.5848813209494323
21354862,3,44.358416023452996,46.05941648136171,65.62196315196044,129.9,92.7,112.4,66.3405835186383,DCAS_1051_Staten Island Borough Hall,Office,STATEN IS,81538,628.8599999999999,7.71,Lower Gap + High GHG,0.31836945304437564,0.5490196078431373,0.4336945304437565
6041140,3,44.34896609669089,23.1763896244573,56.14458218602384,100.7,170.3,103.4,80.2236103755427,Lower East Side I Associates-355,Multifamily Housing,MANHATTAN,38520,251.46,6.53,Lower Gap + Lower GHG,0.31785345717234265,0.10319917440660474,0.2105263157894737
6699511,3,44.335380269788025,44.49747938690837,56.977450786311785,125.2,119.6,121.6,77.10252061309163,16 Ten Eyck Street,Multifamily Housing,BROOKLYN,40102,319,7.95,Lower Gap + Lower GHG,0.3173374613003096,0.21259029927760578,0.2649638802889577
21355273,3,44.315559619800474,42.34592322679036,43.05915099406589,147.7,145.2,151.7,97.67292421718724,DPR_3575_Gertrude Ederle Recreation Center,Fitness Center/Health Club/Gym,MANHATTAN,33720,363.9,10.79,Lower Gap + Lower GHG,0.31682146542827655,0.2807017543859649,0.29876160990712075
7095172,3,44.24562216978385,41.41778882830759,65.64187145948978,98.8,111.2,126.3,65.4374235135974,Somerstein: 1245 Broadway,Retail Store,BROOKLYN,36412,434.13,11.92,Lower Gap + Lower GHG,0.31630546955624356,0.3715170278637771,0.34391124871001033
5834230,3,44.20828313130451,17.93851712305309,54.93804789243167,100.6,190.8,84,79.97067321845967,TRM: 4138 Barnes Ave,Multifamily Housing,BRONX,57172,300.45,5.26,Lower Gap + Lower GHG,0.3157894736842105,0.17750257997936017,0.24664602683178533
11101139,3,44.204920439321796,37.94509271242188,39.387852779195036,156.3,152.8,179.4,105.06400314139736,Samar: 220-33 Northern Blvd,Hotel,QUEENS,33236,394.67,11.87,Lower Gap + Lower GHG,0.3152734778121775,0.3235294117647059,0.3194014447884417
5848620,3,44.14620950489189,11.908562430419195,57.67279855585063,88.2,87.1,185.5,76.70612897127643,Allied - 235 East 40th Street - CHILD,Multifamily Housing,MANHATTAN,178039,2483.11,13.95,Lower Gap + High GHG,0.31475748194014447,0.8591331269349846,0.5869453044375645
16897844,3,44.07738519536859,47.39786748395346,86.73894641926653,81,108.7,95.5,48.10213251604654,UPS North Atlantic District: 545 Brush Avenue,Distribution Center,BRONX,83032,721.6800000000001,8.69,Lower Gap + High GHG,0.3142414860681115,0.6026831785345718,0.4584623323013416
6640435,3,44.07214655804381,43.93665835642581,59.301423324704075,127.2,116.8,111,74.30399127723697,385 Fort Washington Avenue,Multifamily Housing,MANHATTAN,56892,370.28,6.51,Lower Gap + Lower GHG,0.3137254901960784,0.2889576883384933,0.3013415892672858
6682135,3,44.05431990117005,52.99755120907581,49.72283565575279,146,146.3,106,87.81839982841059,104 West 17th Street (585 6 AVENUE),Multifamily Housing,MANHATTAN,34500,323.63,9.38,Lower Gap + Lower GHG,0.31320949432404543,0.22239422084623323,0.2678018575851393
6262482,3,44.05392815339588,43.53124639472239,52.60609933666554,126.3,125.2,132.3,83.45315435012789,207 East 37th Street - 1020335,Multifamily Housing,MANHATTAN,36020,342.12,9.5,Lower Gap + Lower GHG,0.3126934984520124,0.25128998968008254,0.28199174406604743
6375989,3,44.05109256199629,44.832724999996614,53.72651455498921,125.5,126.9,126,81.16727500000339,CHAB Four Realty,Multifamily Housing,BRONX,40986,324.66,7.92,Lower Gap + Lower GHG,0.31217750257997934,0.22497420020639836,0.26857585139318885
6812502,3,44.03163328643944,41.76597775799041,60.09585782206126,110.3,127,115.2,73.43402224200959,225 W 23rd Street - LL84 ONLY,Multifamily Housing,MANHATTAN,66524,485.34,7.3,Lower Gap + Lower GHG,0.31166150670794635,0.4308565531475748,0.3712590299277606
6803640,3,44.01936644252312,43.09763818878237,60.068822874993536,124.7,116.4,110.6,72.3905578125188,55 E 110th St,Multifamily Housing,MANHATTAN,37570,307.57,8.19,Lower Gap + Lower GHG,0.3111455108359133,0.18937048503611972,0.2502579979360165
3109780,3,43.98136583323347,43.77373446758381,57.92213011475254,124.3,115,120.3,76.52626553241619,Highbridge 1510 Jesup Ave.,Multifamily Housing,BRONX,61901,483.45,7.81,Lower Gap + Lower GHG,0.3106295149638803,0.42930856553147573,0.369969040247678
6896036,3,43.975873485607735,43.63535247914613,71.16737568733103,109.3,105.9,102.3,62.48447178765901,Leiter: 35 Mcdonald Ave.,Multifamily Housing,BROOKLYN,41703,293.88,7.05,Lower Gap + Lower GHG,0.31011351909184726,0.16408668730650156,0.2371001031991744
6826901,3,43.968698175549754,35.855492532308375,43.785912730228745,135.4,167.7,130,94.14450746769162,Daly IV - 924,Multifamily Housing,BRONX,30617,253.56,8.28,Lower Gap + Lower GHG,0.30959752321981426,0.10629514963880289,0.20794633642930857
4407515,3,43.937194922894136,44.37426540400784,55.140390243336284,131.8,121.9,116.9,78.8505455212813,SW - 83-09 35th Avenue,Multifamily Housing,QUEENS,56442,412.5,7.31,Lower Gap + Lower GHG,0.3090815273477812,0.34674922600619196,0.32791537667698656
7069130,3,43.93439967633818,40.82221869494752,60.285708269176276,114.9,110.4,125.2,72.5788151158372,BCR: 3660 Broadway,Multifamily Housing,MANHATTAN,76090,617.13,8.11,Lower Gap + High GHG,0.30856553147574817,0.542827657378741,0.42569659442724456
21355446,3,43.925863883658195,50.96109938398314,33.62383848052052,186.8,198.5,125.2,111.38837857935,NYPD_4518_84th Precinct,Police Station,BROOKLYN,50000,514.88,10.3,Lower Gap + Lower GHG,0.3080495356037152,0.46181630546955627,0.38493292053663575
1634556,3,43.92569682587821,45.704140394936296,76.21397480343325,113.1,89.6,101.5,55.795859605063704,Q876 (OECID: 0401217; BBL: 4035600004),K-12 School,QUEENS,16160,125.95,7.79,Lower Gap + Lower GHG,0.3075335397316821,0.010835913312693499,0.15918472652218782
1836626,3,43.92438949478127,36.22902022568164,63.17568924187352,148.8,103.1,84.1,65.35892450945626,R831 (OECID: 0500041; BBL: 5000180006),K-12 School,STATEN IS,37260,223.42,6,Lower Gap + Lower GHG,0.30701754385964913,0.06553147574819401,0.18627450980392157
3113572,3,43.91139306449751,52.10494860279387,59.41226227434594,99.5,125.2,129.2,74.31799083479451,The Dorothy Ross Friedman,Multifamily Housing,MANHATTAN,107997,948.22,8.78,Lower Gap + High GHG,0.3065015479876161,0.6785345717234262,0.49251805985552116
6169976,3,43.8824422259197,42.562829705900555,75.32859163061043,101.6,97.2,107.5,58.95088875494952,Winter Management - 18 EAST 16 STREET,Office,MANHATTAN,44506,509.87,11.46,Lower Gap + Lower GHG,0.3059855521155831,0.45717234262125905,0.3815789473684211
6301098,3,43.835777821348664,44.63319832330623,50.57306911716305,133.5,129.2,129,87.02958274020958,1599 Prospect,Multifamily Housing,BROOKLYN,30948,242.15,7.819999999999999,Lower Gap + Lower GHG,0.30546955624355004,0.08513931888544891,0.19530443756449947
16090118,3,43.8352690515778,41.26135027452774,57.13983295573491,118.9,125.8,117,76.01333620996166,550-556 West 180th Street - Parent Property,Multifamily Housing,MANHATTAN,53020,389.06,7.34,Lower Gap + Lower GHG,0.30495356037151705,0.3152734778121775,0.31011351909184726
2721424,3,43.81542626437676,49.234883913383825,54.808008078741224,104.4,127,139.1,82.50223193562312,Mitchell Gardens 3 (141-16 25th Road) (Campus),Multifamily Housing,QUEENS,493668,5417.9,10.97,Lower Gap + High GHG,0.304437564499484,0.9236326109391125,0.6140350877192983
17248633,3,43.75760928985149,46.22578151775673,52.13112781040105,121.7,129.5,134.2,81.46169980148662,407 Lincoln/840 Washington,Multifamily Housing,BROOKLYN,11871,126.74,10.68,Lower Gap + Lower GHG,0.30392156862745096,0.011867905056759546,0.15789473684210525
3525350,3,43.75700589720907,48.444657645150414,57.81496808601766,130.6,122,105.7,75.79407486697704,253-271 Sherman Avenue,Multifamily Housing,MANHATTAN,55340,382.79,6.92,Lower Gap + Lower GHG,0.30340557275541796,0.3059855521155831,0.30469556243550056
6304250,3,43.745267774581514,43.17033074424662,74.22719529144551,105,99.9,103.2,60.02966925575338,The Easton,Multifamily Housing,MANHATTAN,384300,3177.71,8.27,Lower Gap + High GHG,0.3028895768833849,0.8864809081527347,0.5946852425180598
6821790,3,43.74521985785151,52.64501296732901,61.52915498655325,135.2,122.9,85.1,69.46847385169642,1 York Street,Multifamily Housing,MANHATTAN,116854,888.59,7.6,Lower Gap + High GHG,0.3023735810113519,0.6620227038183695,0.4821981424148607
26533138,3,43.70028338872232,16.289427817653305,56.40519216175416,95,90.8,176.6,77.70842106942422,AKAM - 3135 Johnson Avenue - CHILD,Multifamily Housing,BRONX,70860,790.7,11.16,Lower Gap + High GHG,0.3018575851393189,0.631578947368421,0.4667182662538699
8102052,3,43.67461675452173,44.91063735727093,67.05394357979625,115,102.7,108.6,63.689362642729066,HCZ - 35 E 125th St.,K-12 School,NA,92969,882.05,9.49,Lower Gap + High GHG,0.3013415892672859,0.6609907120743034,0.4811661506707946
4438714,3,43.668190296391685,43.700191731654314,20.82368305141903,261,242.5,261.6,202.37452768519688,CO/VZT/547 CLINTON AVE/BROOKLYN/NY,Data Center,BROOKLYN,71159,2047.88,28.78,Lower Gap + High GHG,0.30082559339525283,0.8297213622291022,0.5652734778121775
6702244,3,43.646354444965546,42.34497190002263,49.45466295260894,124.8,129.4,142,87.97143925365349,2 Arden St.,Multifamily Housing,MANHATTAN,25832,299.44,11.59,Lower Gap + Lower GHG,0.30030959752321984,0.17492260061919504,0.23761609907120745
26618023,3,43.625021369894206,42.06723386423464,57.60714052113764,103.6,117.9,139.4,74.23905001698407,40 10th Avenue,Office,MANHATTAN,145162,1984.75,13.67,Lower Gap + High GHG,0.2997936016511868,0.8235294117647058,0.5616615067079463
5850394,3,43.5630335632213,41.550578336060354,69.62322639365563,116.8,97.2,104.2,62.64942166393965,URA Group - 234 W 58 Street,Office,MANHATTAN,206334,2025.37,9.82,Lower Gap + High GHG,0.29927760577915374,0.8276573787409701,0.563467492260062
4922166,3,43.55516603342094,45.345291636307195,57.792905275990044,106.8,119.2,131.7,75.39712726601934,731 West 183rd St,Multifamily Housing,MANHATTAN,53855,551.51,10.239999999999998,Lower Gap + Lower GHG,0.29876160990712075,0.49587203302373584,0.3973168214654283
2919807,3,43.55098052610206,38.62763506452232,56.03972955076364,132.3,113.7,117.8,79.88329719118579,18-22 21st Avenue (Parent Property),Multifamily Housing,QUEENS,124710,856.72,6.87,Lower Gap + High GHG,0.2982456140350877,0.6522187822497421,0.4752321981424149
6231299,3,43.50625540809093,41.61010334326524,52.7971363539418,146.1,106.4,123.4,81.78989665673477,140 VERMILYEA AVENUE - 21724,Multifamily Housing,MANHATTAN,42648,437.68,10.26,Lower Gap + Lower GHG,0.2977296181630547,0.37925696594427244,0.3384932920536636
11990922,3,43.48639181971837,39.39386896780445,55.37440170011154,134.9,113,117.6,78.20613103219554,55 East 21st Street,Multifamily Housing,BROOKLYN,60114,418.3,6.96,Lower Gap + Lower GHG,0.29721362229102166,0.35500515995872034,0.32610939112487103
2831206,3,43.47565675629495,40.623532372389164,63.532947777859945,105.1,121.8,109.7,69.07646762761084,STUYVESANT GARDENS II,Multifamily Housing,BROOKLYN,121000,845.3,6.99,Lower Gap + High GHG,0.29669762641898867,0.6496388028895769,0.47316821465428277
7094684,3,43.46128450577231,38.2768274829375,66.52519979189195,131.8,91.6,100.4,62.12317251706251,Convent of the Sacred Heart,K-12 School,MANHATTAN,79151,618.8399999999999,7.819999999999999,Lower Gap + High GHG,0.2961816305469556,0.54437564499484,0.4202786377708978
6801958,3,43.41715285475843,22.458607624359033,75.07975768793519,82.9,75.1,150.9,56.75757947429705,Abro - 1125 Banner Avenue - CHILD,Multifamily Housing,BROOKLYN,29000,315.55,10.88,Lower Gap + Lower GHG,0.29566563467492263,0.20639834881320948,0.25103199174406604
6700205,3,43.38499362563181,41.097884900893206,52.77442658638122,147.1,106.1,120.9,79.8021150991068,3604 Olinville Ave.,Multifamily Housing,BRONX,52843,379.41,7.18,Lower Gap + Lower GHG,0.2951496388028896,0.3023735810113519,0.29876160990712075
4897515,3,43.312161500111905,44.32393537904241,53.80767744145895,127.9,123.1,120.8,80.89484611903235,A&E - EAE Atlantic - 143 Haven Avenue,Multifamily Housing,MANHATTAN,48199,368.51,7.65,Lower Gap + Lower GHG,0.29463364293085653,0.2853457172342621,0.2899896800825593
7069131,3,43.30513245885084,43.599567881203484,56.41123942693781,121,118.6,120.9,77.30043211879652,BCR: 545 Edgecombe Ave.,Multifamily Housing,MANHATTAN,45409,335.47999999999996,7.39,Lower Gap + Lower GHG,0.29411764705882354,0.24200206398348814,0.26805985552115585
15083213,3,43.29601814787087,49.290272275325194,50.8840795576652,142.8,132.5,109,83.67789116519343,U.H.O.: 1700 Longfellow Ave,Multifamily Housing,BRONX,46010,404.68,8.8,Lower Gap + Lower GHG,0.2936016511867905,0.3364293085655315,0.31501547987616096
2809945,3,43.286803630818305,38.2824029757726,57.68558249817336,115.5,147.5,102.2,86.08750207224597,McBain,Residence Hall/Dormitory,MANHATTAN,92130,696.11,7.56,Lower Gap + High GHG,0.2930856553147575,0.5897832817337462,0.44143446852425183
6691755,3,43.26859684572746,35.92188014524859,55.140127133274994,109.5,141.7,116.1,80.1781198547514,Pinnacle - 885 - 889 10th Avenue,Multifamily Housing,MANHATTAN,37000,315.8,8.54,Lower Gap + Lower GHG,0.29256965944272445,0.20691434468524253,0.2497420020639835
6802723,3,43.26189727769559,44.7512780557433,54.63249335898783,130.2,122.7,114.2,78.50488812531532,1030 Boynton Avenue,Multifamily Housing,BRONX,66456,463.6,6.98,Lower Gap + Lower GHG,0.29205366357069146,0.4066047471620227,0.3493292053663571
2798095,3,43.243080934975545,42.273137016505316,74.14207969677142,100.5,102.1,102.3,60.08302549662846,260 East 161st St.,Office,BRONX,266042,2580.26,9.7,Lower Gap + High GHG,0.2915376676986584,0.8653250773993808,0.5784313725490196
3121311,3,43.236094088932084,41.783378828953076,51.83677024321276,127.3,128.9,126.6,76.89027333255265,Columbia_97-15 Horace Harding Expressway,Multifamily Housing,NA,241570,1917.4,7.94,Lower Gap + High GHG,0.29102167182662536,0.8188854489164087,0.554953560371517
26105630,3,43.196695069413714,41.255610261574745,52.80052915344809,132.8,120.7,121.3,82.07403964132261,245 West 25th Street,Multifamily Housing,MANHATTAN,39968,328.44,8.219999999999999,Lower Gap + Lower GHG,0.29050567595459237,0.23219814241486067,0.2613519091847265
2831236,3,43.168236751944335,18.31141223958143,47.01784201732658,197.8,91.9,97.4,79.08858776041858,"VLADECK (SITES 12,13,17) - 1002600075",Multifamily Housing,MANHATTAN,1190112,8200.449999999999,6.89,Lower Gap + High GHG,0.2899896800825593,0.9499484004127967,0.6199690402476781
6311955,3,43.15581941375492,32.0261811882531,70.0067579372487,92.4,90.9,130.1,62.56689345070464,1 7 Avenue,Multifamily Housing,MANHATTAN,507665,5592.929999999999,11.02,Lower Gap + High GHG,0.2894736842105263,0.9282765737874097,0.608875128998968
7056082,3,43.116955664476556,40.51094978367257,48.96270077866617,159.9,126.2,105.3,86.38389623463708,442 Decatur Street,Multifamily Housing,BROOKLYN,29103,187.94,6.46,Lower Gap + Lower GHG,0.2889576883384933,0.032507739938080496,0.16073271413828688
14764488,3,43.09016258527363,41.355164158050385,44.67486999048815,147.4,136.3,134.6,95.69298297176361,227 W 145 St,Multifamily Housing,MANHATTAN,15942,138.89,8.709999999999999,Lower Gap + Lower GHG,0.2884416924664603,0.014447884416924664,0.15144478844169248
16713711,3,43.06361186336126,42.9755602940663,63.85230363741773,110.5,92.4,128.2,67.7206961209508,83 Canal Street,Office,MANHATTAN,40860,434.4,10.63,Lower Gap + Lower GHG,0.28792569659442724,0.37254901960784315,0.3302373581011352
2642944,3,43.02635550447427,43.56049925326586,54.0010081722538,124.6,119.9,123.6,79.28691843219279,770 Ocean Avenue,Multifamily Housing,BROOKLYN,51396,378.48,7.359999999999999,Lower Gap + Lower GHG,0.28740970072239425,0.30030959752321984,0.29385964912280704
6691752,3,43.00889497692116,46.086092368700264,49.48505911152286,136.1,130.8,122.9,86.60386951843284,Pinnacle - 2340 Valentine Avenue,Multifamily Housing,BRONX,38500,293,7.609999999999999,Lower Gap + Lower GHG,0.2868937048503612,0.16305469556243551,0.22497420020639836
6178182,3,42.981834355992405,33.371820835674,48.83927122276492,124.5,159.8,113.3,91.88330410727808,508-512 West 162nd Street,Multifamily Housing,MANHATTAN,28170,252.03,8.950000000000001,Lower Gap + Lower GHG,0.28637770897832815,0.10526315789473684,0.1958204334365325
2831243,3,42.9817259643097,37.39862643857687,52.53136445370187,121.2,116.3,137.5,80.7656607482197,1162-1176 WASHINGTON AVENUE,Multifamily Housing,BRONX,67000,612.93,9.15,Lower Gap + High GHG,0.28586171310629516,0.542311661506708,0.41408668730650156
1634236,3,42.97096914714499,36.02017707002239,63.6975524135658,130.4,98.9,99.9,63.879822929977614,K183 (OECID: 0300185; BBL: 3035970011),K-12 School,BROOKLYN,93600,586.9499999999999,6.2700000000000005,Lower Gap + High GHG,0.2853457172342621,0.5206398348813209,0.4029927760577915
12484699,3,42.95874390168909,42.44451821757751,45.2194439599927,150.5,137,126.3,95.05141450878583,Drefin Invetments,Other / Rare,MANHATTAN,46939,542.5,11.56,Lower Gap + Lower GHG,0.2848297213622291,0.4840041279669763,0.3844169246646027
21353680,3,42.9279914021073,39.25927903041506,46.96965136115862,144.2,129.6,129,89.74072096958494,FDNY_3612_Engine Co. 80 and Ladder Co. 23,Fire Station,MANHATTAN,10667,100.34,9.41,Lower Gap + Lower GHG,0.28431372549019607,0.008771929824561403,0.14654282765737875
2830964,3,42.8918247293681,33.4614971801136,47.288892075444565,104.1,125.6,174.1,89.83875299070068,Wavecrest CAMPUS - Boston Secor - 3475 Bivona Street,Multifamily Housing,BRONX,478259,5321.96,11.13,Lower Gap + High GHG,0.2837977296181631,0.9231166150670794,0.6034571723426212
6288145,3,42.88645757799092,43.73727454752007,48.511891047327396,152.4,131,111,89.70747100400636,Manton Holding - 116-29 Queens Boulevard,Mixed Use Property,QUEENS,39608,409.1,10.33,Lower Gap + Lower GHG,0.28328173374613,0.3441692466460268,0.3137254901960784
5802690,3,42.86812083792973,45.22505284952001,25.422003220026117,216.5,202.9,215.5,166.0375752465094,Memorial Sloan-Kettering Cancer Center: David H. Koch Center for Cancer Care,Other / Rare,MANHATTAN,658736,10576.48,16.06,Lower Gap + High GHG,0.28276573787409703,0.9664602683178535,0.6246130030959752
2665472,3,42.86653960302181,39.6116877125298,57.61063665640987,115.3,123,114.2,74.5883122874702,Stellar - 118-28 Vermilyea Avenue,Multifamily Housing,MANHATTAN,61338,480.17,7.83,Lower Gap + Lower GHG,0.282249742002064,0.4236326109391125,0.3529411764705882
8718524,3,42.862588137001765,43.06011974735826,55.324176592035,119.4,120.3,121.4,78.33988025264175,Thurcon Properties - 33 Gold st,Multifamily Housing,MANHATTAN,159000,1350.36,8.49,Lower Gap + High GHG,0.28173374613003094,0.7590299277605779,0.5203818369453044
12069093,3,42.83780894782314,39.93598326720263,55.110100362064095,119,107.4,134.9,77.89403295573949,55 Morton Street,Multifamily Housing,MANHATTAN,40180,322.78999999999996,8.03,Lower Gap + Lower GHG,0.28121775025799794,0.22033023735810114,0.25077399380804954
4414886,3,42.831311987229505,56.338819318823695,53.749388330955064,94,136.2,139.5,79.04022894474332,Essen: 35-28 153rd St,Multifamily Housing,QUEENS,52000,555.69,10.69,Lower Gap + Lower GHG,0.2807017543859649,0.49896800825593396,0.38983488132094946
4414966,3,42.820787093818026,45.48475535023696,80.1457778662889,97.9,98.8,92.6,55.726541748405616,Utica Place Residential LLC (2122),Multifamily Housing,BROOKLYN,84170,604.04,7.18,Lower Gap + High GHG,0.2801857585139319,0.5356037151702786,0.40789473684210525
4036539,3,42.80794189358974,54.5055491385114,55.78178195754894,133,130.2,96.3,78.00199274000867,Glenwood - The Cambridge,Multifamily Housing,MANHATTAN,216440,1407.31,6.5,Lower Gap + High GHG,0.27966976264189886,0.7688338493292054,0.5242518059855521
3296567,3,42.79199935833259,47.36178909095746,38.62252589292699,159.3,159,141.9,108.84617606595344,university club of New York,Hotel,MANHATTAN,200000,2458.4,12.29,Lower Gap + High GHG,0.27915376676986586,0.8570691434468525,0.5681114551083591
7118584,3,42.78133749345816,43.44727023640324,46.68968200084382,139.1,129.9,134.1,90.65272976359675,2337 Grand Concourse,Multifamily Housing,BRONX,34060,295.40999999999997,8.67,Lower Gap + Lower GHG,0.2786377708978328,0.16769865841073273,0.22316821465428277
4398459,3,42.7646620252169,30.772553063862574,53.705568333566056,102.8,155.2,110.9,80.12744693613743,2755 Reservoir Avenue,Multifamily Housing,BRONX,70200,611.3499999999999,8.709999999999999,Lower Gap + High GHG,0.27812177502579977,0.5412796697626419,0.40970072239422084
7139609,3,42.74342479735449,46.40581399015949,21.149265085675324,259.4,236.2,242.9,191.17674495089932,333 Dumont Avenue - 35820,Supermarket/Grocery Store,BROOKLYN,50408,1126,22.34,Lower Gap + High GHG,0.2776057791537668,0.717750257997936,0.49767801857585137
21355465,3,42.74117974357801,49.15937376744837,38.09004216493882,138.5,161.9,166.5,110.47732684821264,NYPD_4559_112th Precinct,Police Station,QUEENS,36111,492.22,13.63,Lower Gap + Lower GHG,0.2770897832817337,0.44014447884416924,0.35861713106295146
4403656,3,42.73227855308599,43.93222938582643,58.39302999458051,124.3,115,108.2,72.46510566642192,MP Management - 155 Linden Blvd,Multifamily Housing,BROOKLYN,121750,806.4499999999999,6.619999999999999,Lower Gap + High GHG,0.27657378740970073,0.6372549019607843,0.4569143446852425
6701696,3,42.718631468439504,38.15733409522956,68.99835822162898,123.6,103.2,85.4,53.4474426988439,43 - Sacred Heart - Parent Property,K-12 School,NA,52165,256.01,4.91,Lower Gap + Lower GHG,0.2760577915376677,0.10887512899896801,0.19246646026831785
2787550,3,42.71310603964872,41.8201699978799,41.96867367378701,145.4,147.6,140.6,101.15779261309036,"Hillside Avenue Development, LLC",Other - Lodging/Residential,QUEENS,58625,513.7900000000001,8.76,Lower Gap + Lower GHG,0.2755417956656347,0.46078431372549017,0.36816305469556243
6405412,3,42.68863666996315,46.28978298429183,51.554849750578676,116.5,129.1,132.3,80.98857822153596,Impact: 87-01 Midland,Multifamily Housing,QUEENS,36594,288.16,7.87,Lower Gap + Lower GHG,0.27502579979360164,0.15583075335397317,0.2154282765737874
6696661,3,42.681132658852924,38.69155539699129,52.864766328695914,136.7,117.7,115.2,80.10694329448224,2784 Morris Avenue,Multifamily Housing,BRONX,48802,437,8.950000000000001,Lower Gap + Lower GHG,0.27450980392156865,0.37874097007223945,0.326625386996904
8557852,3,42.66326469700527,36.319418333936454,64.82339720389538,99.2,127.7,101.9,65.58058166606355,7420 4th Avenue,K-12 School,BROOKLYN,24833,150.3,6.05,Lower Gap + Lower GHG,0.2739938080495356,0.018575851393188854,0.14628482972136223
1634275,3,42.6601921852018,37.86427814197134,67.04888658111217,121,101.1,95.9,58.035721858028666,K987 (OECID: 0301762; BBL: 3014820001),K-12 School,BROOKLYN,48400,394.79,8.16,Lower Gap + Lower GHG,0.27347781217750256,0.32456140350877194,0.29901960784313725
15393521,3,42.62237474117318,42.2503946840052,51.77827542182826,131.2,123.5,119.9,81.42111894431123,"2525 Church Ave, 11226",Multifamily Housing,BROOKLYN,46554,337.72999999999996,7.25,Lower Gap + Lower GHG,0.27296181630546956,0.24561403508771928,0.2592879256965944
2770620,3,42.595275944123124,37.51791908617443,24.250186585850194,208,193.1,247.8,180.9657433411542,Forest Mall LLC - 1351 Forest Ave,Supermarket/Grocery Store,STATEN IS,108283,2507.79,23.16,Lower Gap + High GHG,0.2724458204334365,0.8596491228070176,0.5660474716202271
10860032,3,42.55692228522961,42.09435518676102,65.88701030806286,105.2,109.6,106.8,64.70564481323898,Copy of 740 Broadway,Office,MANHATTAN,137261,1682.46,12.26,Lower Gap + High GHG,0.2719298245614035,0.7966976264189887,0.5343137254901961
3114508,3,42.51037736823706,38.75492809784467,55.27040158998954,129,113.2,115.8,77.04507190215533,Westport,Multifamily Housing,MANHATTAN,365453,2974.4700000000003,8.139999999999999,Lower Gap + High GHG,0.2714138286893705,0.8782249742002064,0.5748194014447885
15583526,3,42.42567356619132,2.495634392476873,83.9698380743492,173.1,53.9,56.1,53.967240794911866,Wegowise23-Wavecrest - 1932 Bryant Avenue,Multifamily Housing,BRONX,314305,1633.12,5.2,Lower Gap + High GHG,0.2708978328173375,0.7899896800825593,0.5304437564499485
2381188,3,42.41248280879827,50.08649798456591,65.54752359175302,116,121.7,83.3,63.88572621472609,50 West 57th Street,Office,MANHATTAN,75245,552.26,7.34,Lower Gap + Lower GHG,0.27038183694530443,0.4969040247678019,0.38364293085655315
21355691,3,42.41147994189726,37.6447324782572,28.57735695855508,197.7,181.6,195,157.3552675217428,FDNY_4136_Engine Co. 280 and Ladder 132,Fire Station,BROOKLYN,5775,91.78,15.89,Lower Gap + Lower GHG,0.26986584107327144,0.007739938080495356,0.1388028895768834
20643122,3,42.40571594369437,41.611363387043994,41.20530067288392,148.3,142.3,145.6,105.61031611316255,Crosby Street Hotel - 2021+,Hotel,MANHATTAN,82500,1057.89,12.82,Lower Gap + High GHG,0.2693498452012384,0.7033023735810113,0.48632610939112486
5236739,3,42.376585191069296,44.087876266388136,71.65872358792488,104.1,100.2,101.6,64.32404240132922,37 West 65th Street,Office,MANHATTAN,64294,490.66,7.63,Lower Gap + Lower GHG,0.26883384932920534,0.4370485036119711,0.3529411764705882
6231310,3,42.35630690544543,32.97853339580013,46.26728658664468,161.8,118.4,118.9,91.84228960760299,2751 UNIVERSITY AVENUE - 37160,Multifamily Housing,BRONX,32670,302.77,9.27,Lower Gap + Lower GHG,0.26831785345717235,0.18163054695562436,0.22497420020639836
16871877,3,42.3484993224124,42.10363551316283,54.10760270414293,122.8,113.8,125.2,77.87428842858024,"2125 Holland Ave, Bronx",Multifamily Housing,BRONX,65418,644.4,9.85,Lower Gap + High GHG,0.2678018575851393,0.5624355005159959,0.4151186790505676
10823188,3,42.33827281271551,42.96561690336975,60.03853179839891,114.8,112.1,111.8,71.14643798397186,250 West 146th Street,Multifamily Housing,MANHATTAN,79932,572.6,7.159999999999999,Lower Gap + High GHG,0.2672858617131063,0.5108359133126935,0.3890608875128999
2770561,3,42.3336082368134,43.51287179478709,56.410078595469926,114.3,117.2,121.1,74.58287378058007,1321 ST NICHOLAS AVENUE,Multifamily Housing,MANHATTAN,52788,435.48,8.25,Lower Gap + Lower GHG,0.26676986584107326,0.3761609907120743,0.32146542827657376
26678545,3,42.307046092815526,39.49477487331177,57.76276528019526,105.6,111.5,130,73.21228298027319,4640-46 Broadway,Multifamily Housing,MANHATTAN,77865,600.88,7.72,Lower Gap + High GHG,0.26625386996904027,0.5335397316821465,0.3998968008255934
2831123,3,42.306723310123196,51.67858555525689,32.915874318149314,153.2,180.7,185,133.3214144447431,MONROE,Multifamily Housing,BRONX,1170600,13397.73,11.45,Lower Gap + High GHG,0.2657378740970072,0.978328173374613,0.62203302373581
6070069,3,42.300502662462954,49.377592520877556,44.262728471464506,147.9,142.6,126.4,101.63674955369693,7001 Amboy Road,Strip Mall,STATEN IS,52652,551.88,10.48,Lower Gap + Lower GHG,0.26522187822497423,0.49638802889576883,0.38080495356037153
6799860,3,42.238229917463876,42.57215364923347,47.28043082618355,144.2,128.2,122.7,91.54042418460057,Buchbinder: 34 E 58th St.,Multifamily Housing,MANHATTAN,31396,275.01,8.76,Lower Gap + Lower GHG,0.2647058823529412,0.13312693498452013,0.19891640866873067
4414147,3,42.233510869269445,41.731155895784724,52.81888903666501,124.1,126.8,116.3,80.44538002020298,141-40 84th Drive,Multifamily Housing,QUEENS,51058,370.9,7.26,Lower Gap + Lower GHG,0.26418988648090813,0.2899896800825593,0.2770897832817337
20269671,3,42.19202039144936,35.53776086087309,47.402766857220136,146.8,120.8,125.6,90.0622391391269,The Whitby Hotel - 2021 +,Hotel,NA,112000,1293.51,11.55,Lower Gap + High GHG,0.26367389060887514,0.7502579979360166,0.5069659442724459
6690537,3,42.16904708578605,42.86050100736979,53.22471311480706,126.9,115.9,121.2,78.33949899263021,Stellar - 571 West 139th Street,Multifamily Housing,MANHATTAN,47166,363.23,7.7,Lower Gap + Lower GHG,0.2631578947368421,0.27915376676986586,0.271155830753354
21355291,3,42.1604840952167,36.2419717822287,43.374127861094266,137,133.6,149.6,93.99756836889736,DPR_3829_Sorrentino Recreation Center,Fitness Center/Health Club/Gym,QUEENS,12240,122.05,9.97,Lower Gap + Lower GHG,0.2626418988648091,0.010319917440660475,0.13648090815273478
24896811,3,42.06670952448523,46.372999832611825,56.751379918633866,122,103.5,122.5,74.04090747144777,241-245 West 51st Street,Multifamily Housing,MANHATTAN,48368,491.86,10.17,Lower Gap + Lower GHG,0.26212590299277605,0.4391124871001032,0.3506191950464396
7069267,3,42.05847029690204,37.22270874424693,49.15502051754876,146.4,121.6,114.2,85.0982275140376,4601 11th Avenue,Multifamily Housing,BROOKLYN,32656,251.03,7.69,Lower Gap + Lower GHG,0.26160990712074306,0.10165118679050568,0.18163054695562436
6723550,3,42.05679807576839,37.32922592843012,49.58314843274216,175,118.9,82.4,82.28869634757653,2232 Adam C Powell Boulevard,Multifamily Housing,MANHATTAN,31689,211.87,6.6899999999999995,Lower Gap + Lower GHG,0.26109391124871,0.054695562435500514,0.15789473684210525
6282739,3,42.01553471816933,37.70795418095645,48.334072660354614,126.8,119,141.4,86.0480015334576,Leor: 5101 13th Avenue,Multifamily Housing,BROOKLYN,34240,275.98999999999995,8.06,Lower Gap + Lower GHG,0.26057791537667696,0.1346749226006192,0.19762641898864808
6272804,3,42.013110721145104,45.44862712710888,62.516880997110555,111.3,100.6,115.7,68.73913417500172,52 East 4th Street Condominium (52 East 4th Street),Multifamily Housing,MANHATTAN,34567,388.1,11.23,Lower Gap + Lower GHG,0.26006191950464397,0.3137254901960784,0.2868937048503612
6784267,3,42.00605580416416,37.37371010055158,45.23003543171259,130,128.6,146,93.19905506203422,The Kitano New York Hotel,Hotel,MANHATTAN,105231,1245.6799999999998,11.84,Lower Gap + High GHG,0.2595459236326109,0.7430340557275542,0.5012899896800825
6675583,3,41.988864918756335,41.651350677845755,47.777373630285716,132.5,131.4,126.6,89.30197001483631,Highbridge Community HDFC - 1485 Nelson ave,Multifamily Housing,BRONX,31455,245.3,7.8,Lower Gap + Lower GHG,0.2590299277605779,0.0892672858617131,0.17414860681114552
9598373,3,41.97972623090785,42.71826297370613,50.01764411106059,130.3,119.8,127.7,82.52967869335518,42-54 Judge Street,Multifamily Housing,QUEENS,32550,249.34,7.659999999999999,Lower Gap + Lower GHG,0.2585139318885449,0.09803921568627451,0.1782765737874097
6225056,3,41.979596691591965,38.82437803148913,60.54625015564711,122.4,104.3,107.1,68.27562196851086,202 WEST 40th   STREET - 38690,Office,MANHATTAN,41833,313.74,7.5,Lower Gap + Lower GHG,0.2579979360165119,0.20123839009287925,0.22961816305469557
3116591,3,41.97105992255522,36.141084979418764,63.02699463149593,123.6,98.9,102.9,66.75891502058124,1 E. 57th St LLC,Office,MANHATTAN,91060,1054.88,11.58,Lower Gap + High GHG,0.25748194014447884,0.7012383900928792,0.47936016511867907
6390859,3,41.959732536426735,42.932325426991724,50.528321126879725,127.1,117.8,129.8,84.37259607659047,39-06 114th Street,Multifamily Housing,QUEENS,40936,340.5,8.32,Lower Gap + Lower GHG,0.25696594427244585,0.24871001031991744,0.2528379772961816
21355622,3,41.94629146319301,38.940413288764034,27.925576616020333,210.3,192.4,216.9,142.74141839052382,"DSNY_3950_Queens West 2,3,4 District Garages; Central Repair Shop",Vehicle Repair Services,QUEENS,759046,10205.68,13.45,Lower Gap + High GHG,0.2564499484004128,0.9628482972136223,0.6096491228070176
16090112,3,41.941456493898364,44.636438474410014,50.50797493240766,133.5,116.8,124.6,79.96356152558998,Betances VI 465 St Anns & 550 E147th St,Multifamily Housing,NA,54525,458.17,8.4,Lower Gap + Lower GHG,0.25593395252837975,0.4024767801857585,0.3292053663570691
15335835,3,41.84935396161378,32.98364738871187,63.027587832754186,97.7,100.1,129.2,64.7505057225033,BCS: 37-02 Queens Blvd,Office,QUEENS,63194,678.5,10.739999999999998,Lower Gap + High GHG,0.25541795665634676,0.5810113519091847,0.4182146542827657
10317807,3,41.84118220997865,39.2558288105384,72.55737231088423,107.5,94.8,96.1,56.8441711894616,892 Bergen Street,Multifamily Housing,BROOKLYN,36200,238.05,6.58,Lower Gap + Lower GHG,0.2549019607843137,0.08101135190918472,0.16795665634674922
8016082,3,41.84114704243657,42.79182300012813,61.625253426790856,120.2,100.1,110.1,67.30817699987186,1832 REALTY LLC (TJX),Retail Store,BROOKLYN,26743,242.73,9.08,Lower Gap + Lower GHG,0.2543859649122807,0.08668730650154799,0.17053663570691435
21205266,3,41.795197871673004,32.982334066961414,46.112244960289345,123.7,159.6,114.6,91.47131177940383,16 East 46th Street,Hotel,MANHATTAN,35458,327.42999999999995,9.23,Lower Gap + Lower GHG,0.25386996904024767,0.22961816305469557,0.24174406604747162
21355333,3,41.79469285823698,43.67224373326624,46.43541256160346,140.2,119.9,134.6,90.92775626673375,FDNY_4094_Engine Co. 211 and Ladder Co. 119,Fire Station,BROOKLYN,28285,245.68,8.69,Lower Gap + Lower GHG,0.2533539731682147,0.09081527347781218,0.17208462332301344
20066610,3,41.78161934177217,47.69915740495307,57.184420578365895,127.8,122.5,91.2,66.02783415931097,Metropolitan Realty : 1690 UNION,Multifamily Housing,BROOKLYN,29634,166.1,5.6,Lower Gap + Lower GHG,0.2528379772961816,0.024251805985552117,0.13854489164086686
6702311,3,41.78034939318602,36.413546573705915,60.450690922070876,122.4,104.3,105.7,69.33790922616116,318-324 Devoe Street,Multifamily Housing,BROOKLYN,29142,199.52,6.85,Lower Gap + Lower GHG,0.25232198142414863,0.04282765737874097,0.1475748194014448
2830999,3,41.75954052422971,46.00856903335479,51.0319475218256,134.8,126.7,108.7,80.7086507049431,COLLEGE AVENUE-EAST 165TH STREET,Multifamily Housing,BRONX,67600,480.58,7.109999999999999,Lower Gap + Lower GHG,0.2518059855521156,0.4241486068111455,0.3379772961816305
2831115,3,41.70830449548729,41.190452163344986,35.59583338219294,158.9,156.2,161.5,117.5172362040059,MELROSE,Multifamily Housing,BRONX,983100,10398.4,10.58,Lower Gap + High GHG,0.25128998968008254,0.9643962848297214,0.607843137254902
2787415,3,41.68691105038101,12.414266458920025,49.77897654244373,86.3,83.2,188.1,86.8458655354751,Park Terrace Realty - 221 Seaman Ave,Multifamily Housing,MANHATTAN,28777,436.61,15.17,Lower Gap + Lower GHG,0.25077399380804954,0.37770897832817335,0.3142414860681114
19906649,3,41.66548253648766,41.327829836303735,49.57773099956207,127.1,130,120.3,84.05182276238371,225 Bowery Street,Hotel,MANHATTAN,63599,721,11.34,Lower Gap + High GHG,0.2502579979360165,0.6021671826625387,0.4262125902992776
2745664,3,41.648914304283416,35.87059746015473,54.29429149643123,142.7,111.3,100.3,76.3580687499481,Warren House Condominium,Multifamily Housing,MANHATTAN,340338,2388.49,7.02,Lower Gap + High GHG,0.24974200206398348,0.8519091847265222,0.5508255933952528
7061311,3,41.63791199973701,41.517385557346756,50.93452078577209,125.5,120.5,124.4,81.83248284109402,4161 BROADWAY,Multifamily Housing,MANHATTAN,44104,391.56,8.88,Lower Gap + Lower GHG,0.24922600619195046,0.31785345717234265,0.2835397316821465
6290877,3,41.573138364621606,38.68527068592695,47.39756988769904,125.4,125.8,137.1,86.86380642655483,685 E 225 Street,Multifamily Housing,BRONX,38308,321.11,8.38,Lower Gap + Lower GHG,0.24871001031991744,0.21517027863777088,0.23194014447884415
6582099,3,41.55552513517907,41.964185602827726,55.274224354911084,117.8,118.1,114.3,73.71228494999083,Grand Street Realty LLC - 318 Grand st,Multifamily Housing,BROOKLYN,45000,400.1,8.89,Lower Gap + Lower GHG,0.24819401444788441,0.3302373581011352,0.2892156862745098
6682474,3,41.53238729826431,40.57355663686812,48.207308667227544,128.6,103.6,150.5,85.47830452614302,1116 Carroll Street,Multifamily Housing,BROOKLYN,32350,284.95,8.81,Lower Gap + Lower GHG,0.2476780185758514,0.14912280701754385,0.19840041279669762
6700541,3,41.51583093629354,45.89781166376312,54.23301427482544,126.2,120.5,107.4,76.07388289358977,570 WEST 189 STREET,Multifamily Housing,MANHATTAN,45000,330.69,7.35,Lower Gap + Lower GHG,0.24716202270381837,0.23529411764705882,0.2412280701754386
6382769,3,41.50656999054872,37.69379615055854,52.08675319912713,118.5,129.1,117.2,79.50620384944146,685 Academy Street,Multifamily Housing,MANHATTAN,37690,346.81,9.2,Lower Gap + Lower GHG,0.24664602683178535,0.2590299277605779,0.2528379772961816
19825106,3,41.501829641315936,36.709578635962785,69.87124592782666,125,95.9,84.5,63.34925572891647,Lower School,K-12 School,MANHATTAN,40165,325.2,8.1,Lower Gap + Lower GHG,0.24613003095975233,0.22549019607843138,0.23581011351909187
1633776,3,41.454558917231765,35.76495653666563,61.62293179368723,125.1,100.3,99.3,63.53504346333437,K135 (OECID: 0300142; BBL: 3046730001),K-12 School,BROOKLYN,69600,450.9,6.48,Lower Gap + Lower GHG,0.24561403508771928,0.3957688338493292,0.3206914344685242
6449073,3,41.39273292726216,41.533074705819956,45.12560474885041,140.4,130.7,128.1,91.45283004347665,485 East 188th Street,Multifamily Housing,BRONX,28180,251.43,8.92,Lower Gap + Lower GHG,0.24509803921568626,0.10268317853457172,0.173890608875129
6298655,3,41.37743521968691,39.06681388260613,51.095247931459305,132.6,114.9,124.9,93.77936441620143,Glen Oaks Village Section E,Multifamily Housing,QUEENS,135176,1055.64,7.81,Lower Gap + High GHG,0.24458204334365324,0.7017543859649122,0.4731682146542827
20806352,3,41.376855366142195,45.029154796821416,48.93339553176539,130.1,129.4,118.3,84.54732634120852,"512 E 145th St, 443 Saint Anns Ave.",Multifamily Housing,BRONX,305556,2565.66,8.4,Lower Gap + High GHG,0.24406604747162022,0.8632610939112487,0.5536635706914345
2830967,3,41.37620661852588,39.30294322900727,52.26473644161296,127.4,115.2,119,79.69705677099273,BRACETTI PLAZA,Multifamily Housing,MANHATTAN,128654,1015.65,7.89,Lower Gap + High GHG,0.2435500515995872,0.6929824561403509,0.46826625386996906
6811411,3,41.374393021465906,37.58136881631262,172.09118459492865,86.6,51.4,58.5,20.918631183687385,48-05 and 48-21 Metropolitan Avenue (Parent Property),Self-Storage Facility,NA,269506,1215.65,4.51,Lower Gap + High GHG,0.24303405572755418,0.7332301341589267,0.48813209494324045
19423054,3,41.332265784454584,35.80910995759142,54.098471771618364,113.3,139.3,101.5,77.05120366169537,The Biltmore (bi191),Multifamily Housing,MANHATTAN,477811,3424.75,7.17,Lower Gap + High GHG,0.24251805985552116,0.891640866873065,0.567079463364293
6797959,3,41.32980780678563,39.980580355052894,31.76794439048912,166.3,173.6,176.1,125.94991865621166,611 West 112 St Realty Corp - 211 w 101 st,Hotel,MANHATTAN,29640,326.06,11,Lower Gap + Lower GHG,0.24200206398348814,0.22652218782249742,0.23426212590299278
26649196,3,41.28440126412549,42.047316488654296,67.76045197313469,103.1,99.4,104.1,61.88766504484025,135-11 40th Road,Multifamily Housing,QUEENS,62424,470.65,7.54,Lower Gap + Lower GHG,0.24148606811145512,0.4148606811145511,0.3281733746130031
3112780,3,41.250077724859324,29.195898321521355,53.898844381971884,162,104.7,85.9,76.44407327363298,TMG - Marc - 900 Eighth Ave,Multifamily Housing,MANHATTAN,360557,2263.55,6.28,Lower Gap + High GHG,0.24097007223942207,0.8446852425180599,0.542827657378741
6810201,3,41.20843200227055,38.402853693757464,47.57014855603716,136.1,124.3,122.7,84.96858177933815,33-08 84th Street,Multifamily Housing,QUEENS,37612,305.03,8.11,Lower Gap + Lower GHG,0.24045407636738905,0.18472652218782248,0.21259029927760575
26710199,3,41.191569970549445,41.24306880283936,54.38208768108359,123.6,113.9,114.1,79.33932534635532,6713 19 AVENUE,Multifamily Housing,BROOKLYN,34000,227.94,6.7,Lower Gap + Lower GHG,0.23993808049535603,0.07017543859649122,0.15505675954592363
19509014,3,41.19122916858557,43.75027275641462,48.52763686642021,132.2,116.5,129,85.24972724358538,CFF Consulting - 559 W 156 st,Multifamily Housing,MANHATTAN,47130,475.62,10.09,Lower Gap + Lower GHG,0.239422084623323,0.4200206398348813,0.32972136222910214
12903236,3,41.17327426821034,40.19184223812435,48.771029902381876,127.8,112.1,136.7,83.60528657012767,129-135 Ridge Street,Multifamily Housing,MANHATTAN,27299,319.1,11.69,Lower Gap + Lower GHG,0.23890608875129,0.2131062951496388,0.2260061919504644
6691604,3,41.15970208369642,38.48102208161734,47.22536194275614,127.1,122.3,135.5,87.2676482878037,Wavecrest - 2407 Morris Avenue,Multifamily Housing,BRONX,37430,312.31,8.34,Lower Gap + Lower GHG,0.23839009287925697,0.19814241486068113,0.21826625386996906
11861866,3,41.151840833099364,39.41183270110696,57.8226388267109,153.2,77.1,110.6,71.18816729889303,25 East 78th Street,Office,MANHATTAN,35800,444.63,12.42,Lower Gap + Lower GHG,0.23787409700722395,0.38699690402476783,0.3124355005159959
3529336,3,41.0832083522367,37.124221508332965,56.8001133370785,123.6,106.5,109.7,72.57577849166704,Wavecrest PARENT - 369 West 116 Street / 20 Morningside Avenue,Multifamily Housing,MANHATTAN,103528,723.01,6.98,Lower Gap + High GHG,0.23735810113519093,0.6031991744066048,0.42027863777089786
6070237,3,41.08248057975243,39.57849682431069,52.023559792376524,116.5,127.9,118.2,78.62150317568931,10 Hudson Yards,Office,MANHATTAN,1757325,15233.63,8.67,Lower Gap + High GHG,0.23684210526315788,0.9809081527347782,0.608875128998968
4959515,3,41.082310765318084,38.3313031719922,70.60685349710398,99.5,93.8,106,55.23969512375171,9 Bond Street,Office,BROOKLYN,157600,1471.56,9.34,Lower Gap + High GHG,0.23632610939112486,0.7760577915376677,0.5061919504643964
17461664,3,41.07835678776015,41.34858118403838,52.42033189008954,120.4,118.7,119.3,77.93082026013245,1097 Gates Avenue,Multifamily Housing,BROOKLYN,56940,443.34,7.79,Lower Gap + Lower GHG,0.23581011351909184,0.3844169246646027,0.31011351909184726
11926240,3,41.04038474945579,37.685463060079854,52.98659491553668,147.9,90.5,115.9,78.21453693992015,Bethune Gardens - NYCHA RAD,Multifamily Housing,MANHATTAN,150236,1081.77,7.2,Lower Gap + High GHG,0.23529411764705882,0.7110423116615067,0.4731682146542827
1634733,3,41.03019183183424,41.47083314525963,60.47482641891114,115.2,105.5,106.5,65.02916685474037,Q050 (OECID: 0400045; BBL: 4100240012),K-12 School,QUEENS,120984,1053.96,8.709999999999999,Lower Gap + High GHG,0.2347781217750258,0.7007223942208463,0.467750257997936
6667539,3,41.02763111466568,40.4023742438644,51.35583134414019,115.3,127.4,120.8,80.3976257561356,AKAM - 220 East 60th Street,Multifamily Housing,MANHATTAN,104106,951.68,9.14,Lower Gap + High GHG,0.23426212590299278,0.6795665634674922,0.4569143446852425
5043132,3,41.01741226844471,53.62630982854654,51.148503134173616,95.5,133.8,135.4,79.864347723164,1290 LAFAYETTE AVE,Multifamily Housing,BRONX,57960,631.55,10.9,Lower Gap + High GHG,0.23374613003095976,0.5515995872033024,0.3926728586171311
11271706,3,41.01218960596271,45.710680845635906,46.48197481379814,159.2,124.3,117.3,71.58931915436409,7050,Office,QUEENS,50504,597.1,11.82,Lower Gap + High GHG,0.23323013415892674,0.5288957688338494,0.381062951496388
6664222,3,41.001554744883485,17.25484278239719,64.06862799367835,76.6,71.7,159.7,65.43584175373387,867 Crotona Park,Multifamily Housing,BRONX,34242,357.04,10.43,Lower Gap + Lower GHG,0.23271413828689372,0.2714138286893705,0.2520639834881321
6282446,3,40.994016198554455,42.38832970033994,52.402181337373456,117.8,119.1,121.1,77.9694997207651,Alef Realty: 577 Isham Street,Multifamily Housing,MANHATTAN,44006,358.34000000000003,8.139999999999999,Lower Gap + Lower GHG,0.23219814241486067,0.27347781217750256,0.2528379772961816
26570626,3,40.993384562389075,32.644942735342966,60.34126052647734,130.1,95.1,102.1,69.45505726465703,464 West 44th Street,Multifamily Housing,MANHATTAN,67815,527.15,7.77,Lower Gap + Lower GHG,0.23168214654282765,0.4716202270381837,0.35165118679050567
6590374,3,40.98854147949268,44.55669468819502,48.459423049104394,131.7,127.2,118.2,85.85231842269133,Lasker Management LLC - 170 Linden st,Multifamily Housing,BROOKLYN,27252,195.67,7.18,Lower Gap + Lower GHG,0.23116615067079463,0.037667698658410735,0.13441692466460267
1633261,3,40.986599951848,33.95471696238903,59.59541859896345,134.5,92.8,98.4,64.44528303761098,"X118, X932 (OECID: 0200016; BBL: 2030690001)",K-12 School,BRONX,114080,745.43,6.53,Lower Gap + High GHG,0.2306501547987616,0.6135190918472653,0.42208462332301344
21355104,3,40.92945279214782,39.95179560999248,83.47614911563194,89.5,84.2,96.3,48.54293037512029,ACS_106_Strong Place for Hope DCC,Pre-school/Daycare,BROOKLYN,29064,273.84000000000003,9.42,Lower Gap + Lower GHG,0.2301341589267286,0.13209494324045407,0.1811145510835913
6792554,3,40.91706042424385,38.02586178535965,47.62202267012747,136.1,120.9,123,84.97413821464035,Brooklyn Pinnacle Prop,Multifamily Housing,BROOKLYN,30695,245.84,8.01,Lower Gap + Lower GHG,0.22961816305469557,0.09184726522187822,0.16073271413828688
6382117,3,40.88016068825113,41.30168584268054,52.33103118858749,141.4,117.6,97.4,78.06386590295612,317 Bleecker Street,Multifamily Housing,MANHATTAN,43128,336.72999999999996,7.81,Lower Gap + Lower GHG,0.22910216718266255,0.24406604747162022,0.23658410732714139
14844889,3,40.87394915471283,40.83018577812631,74.80943805268156,106.7,92.7,91.8,63.89889500751559,723 7th Avenue,Office,MANHATTAN,47125,386.53,8.2,Lower Gap + Lower GHG,0.22858617131062953,0.31217750257997934,0.27038183694530443
3114481,3,40.83701822430287,8.434172609643582,41.70016657013499,209.5,107.8,97.9,95.44376255681009,Union Square South,Mixed Use Property,MANHATTAN,438548,4111.25,9.37,Lower Gap + High GHG,0.22807017543859648,0.9071207430340558,0.5675954592363261
6569456,3,40.83337024848587,9.893473235843558,49.12202753613846,94.9,193,86.6,84.05302907411124,"30-86 32ND STREET, LLC",Multifamily Housing,QUEENS,36330,245.32,6.75,Lower Gap + Lower GHG,0.22755417956656346,0.08978328173374613,0.1586687306501548
6264467,3,40.80618244647528,48.262304699412525,47.82769480160903,115.9,132.6,132.5,84.23769530058748,108 Park Terrace East,Multifamily Housing,MANHATTAN,29676,313.92999999999995,10.58,Lower Gap + Lower GHG,0.22703818369453044,0.20175438596491227,0.21439628482972134
6690538,3,40.78599514926227,44.080484258044464,51.29069164564519,145.2,89.4,123,78.91951574195554,Stellar - 547 West 142nd Street,Multifamily Housing,MANHATTAN,44298,401.34,9.06,Lower Gap + Lower GHG,0.22652218782249742,0.3323013415892673,0.27941176470588236
10823290,3,40.78149114967611,41.05167223252812,59.1695240749507,109.4,109.3,110.5,69.44832776747188,1473-1475 Popham Avenue,Multifamily Housing,BRONX,63420,449.31,7.08,Lower Gap + Lower GHG,0.2260061919504644,0.3931888544891641,0.30959752321981426
21355634,3,40.773526631699916,38.54752064063213,48.003378566423855,118.1,122.6,137,84.49712263465017,NYPL_4598_Central Library - Stephen A. Schwartzman Building,Library,MANHATTAN,646680,7777.1,12.03,Lower Gap + High GHG,0.22549019607843138,0.9478844169246646,0.586687306501548
2666538,3,40.76735921214602,40.16146217501509,51.97482011365962,120,115.4,122.2,78.42001988722872,SW - 139-55 35th,Multifamily Housing,QUEENS,63660,482.33,7.58,Lower Gap + Lower GHG,0.22497420020639836,0.42672858617131065,0.3258513931888545
6692051,3,40.76122891026514,31.62207593874311,62.697850586377555,123.4,92.4,104.6,72.97792406125689,23-11 21st Avenue,Multifamily Housing,QUEENS,44090,317.15000000000003,7.1899999999999995,Lower Gap + Lower GHG,0.22445820433436534,0.20794633642930857,0.21620227038183695
21065852,3,40.749026316779386,39.50736770906926,53.24411745361277,117.6,119.6,115,75.49263229093074,Pinnacle - CAMPUS - 1060 Union St ; 1042 Union St ; 1048 Union St,Multifamily Housing,BROOKLYN,66358,468.72,7.06,Lower Gap + Lower GHG,0.22394220846233232,0.4107327141382869,0.3173374613003096
1633636,3,40.70342988232401,9.328939269498491,64.60923893440476,79.7,71.1,167.9,62.364595193090466,Q178 (OECID: 0400160; BBL: 4072770001),K-12 School,QUEENS,69680,692.66,9.94,Lower Gap + High GHG,0.22342621259029927,0.5882352941176471,0.4058307533539732
8140323,3,40.65979197756555,40.866837487624636,56.20911365633881,119.1,106.5,113.2,72.33316251237537,HCZ - 245 W 129th St.,K-12 School,MANHATTAN,135645,1397.1799999999998,10.3,Lower Gap + High GHG,0.22291021671826625,0.7662538699690402,0.49458204334365324
21355557,3,40.64317756659274,41.52103648188394,56.72820933712679,112.9,103.1,120.4,73.06482069709679,NYPL_9022_Kingsbridge Library,Library,BRONX,12812,134,10.46,Lower Gap + Lower GHG,0.22239422084623323,0.012899896800825593,0.11764705882352941
6292110,3,40.6348876938449,21.77532412047404,65.85450441094005,89.5,80,142.1,60.28095192854523,117 Clinton Street,K-12 School,BROOKLYN,30560,422.05,13.81,Lower Gap + Lower GHG,0.2218782249742002,0.35810113519091846,0.2899896800825593
6802720,3,40.628563944362256,41.35127805574329,51.34700777333036,123.8,119.3,116.1,78.50488812531532,1020 Boynton Avenue,Multifamily Housing,BRONX,66456,474.47,7.14,Lower Gap + Lower GHG,0.22136222910216719,0.41898864809081526,0.3201754385964912
7389409,3,40.6267888259103,43.27695748059579,67.78228314906133,109.3,98.9,94.4,62.19083332365819,New: 9502 Avenue D,Manufacturing/Industrial Plant,BROOKLYN,38000,249.29,6.56,Lower Gap + Lower GHG,0.22084623323013416,0.09752321981424149,0.15918472652218782
2669855,3,40.6039524287926,45.20474351581538,57.95249829255644,118.5,113.7,99.7,69.65984727410789,15 Union Square West,Multifamily Housing,MANHATTAN,116562,1007.25,8.639999999999999,Lower Gap + High GHG,0.22033023735810114,0.6904024767801857,0.4553663570691434
15612890,3,40.583891600352764,42.13999320938353,48.771535465039484,120.2,123.9,127.6,83.33280139980987,Vincent: 8678 Bay Pkwy,Multifamily Housing,BROOKLYN,33127,247.71,7.48,Lower Gap + Lower GHG,0.21981424148606812,0.09597523219814241,0.15789473684210525
3114639,3,40.570239325746755,43.31381660906925,48.52111200446635,118.9,131.7,127.7,76.53589572380649,Bronx Terminal Market - 651 River Ave - Retail C/D,Parking,BRONX,32451,451.74,13.92,Lower Gap + Lower GHG,0.21929824561403508,0.39680082559339525,0.3080495356037152
7085689,3,40.56793380820606,41.94414635983999,43.61262860573954,130.1,136,134.8,92.85585364016002,Davidson Realty 2471 LLC,Multifamily Housing,BRONX,27310,290.92999999999995,10.65,Lower Gap + Lower GHG,0.21878224974200206,0.15789473684210525,0.18833849329205365
2831147,3,40.54521873406175,45.98465800986793,39.51018063268517,156,146,131.4,109.4600542300438,POLO GROUNDS TOWERS,Multifamily Housing,MANHATTAN,1754703,14936.19,8.51,Lower Gap + High GHG,0.21826625386996903,0.9803921568627451,0.599329205366357
16754537,3,40.49319872720708,40.311163670680145,53.838821859169585,119.9,114.9,112.2,74.1989947739979,J&B: 560 W 175th St,Multifamily Housing,MANHATTAN,60241,414.35,6.88,Lower Gap + Lower GHG,0.21775025799793601,0.3493292053663571,0.2835397316821465
18305198,3,40.447371854714476,44.54037296108427,49.73473956028937,109.7,126,128.8,84.25962703891574,Peter J Sharp,Multifamily Housing,MANHATTAN,34050,304.12,8.93,Lower Gap + Lower GHG,0.217234262125903,0.18317853457172342,0.2002063983488132
4039526,3,40.4300490702324,38.93913290615333,52.112104877760814,132.9,106.7,113.5,74.56086709384667,Ceylon_98-15 Horace Harding Expressway,Multifamily Housing,NA,238931,1724.87,7.22,Lower Gap + High GHG,0.21671826625386997,0.8003095975232198,0.5085139318885449
2653135,3,40.418408440550664,37.96681705267544,56.75354482452424,118.1,107.6,109,71.03318294732456,140 East 46th Street,Multifamily Housing,MANHATTAN,131175,1221.15,9.31,Lower Gap + High GHG,0.21620227038183695,0.7342621259029928,0.47523219814241485
10402919,3,40.388187391772085,38.164912949340845,54.41488140498812,124.2,106.8,112.4,74.23508705065916,72-82 Wadsworth Terrace,Multifamily Housing,MANHATTAN,73106,497.23,6.8,Lower Gap + Lower GHG,0.21568627450980393,0.44478844169246645,0.3302373581011352
2792984,3,40.36276442888214,39.38912496245346,90.35906144996589,122.2,84,92.5,89.21777466640981,Canal Rider Realty LLC,Mixed Use Property,BRONX,104000,971.44,9.34,Lower Gap + High GHG,0.21517027863777088,0.6842105263157895,0.44969040247678016
15596482,3,40.362603667981396,36.92024795358539,51.396740464920875,127.8,114.5,115.1,78.1797520464146,"PARK TOWERS OWNERS, INC.",Multifamily Housing,BROOKLYN,111861,834.52,7.46,Lower Gap + High GHG,0.21465428276573786,0.6465428276573787,0.43059855521155826
6793026,3,40.355723218934706,39.19293768351916,50.75221112669848,135.5,117.1,106.5,79.3122093675166,M&I Management - 305 E 34 ST,Multifamily Housing,BROOKLYN,45890,297.78,6.49,Lower Gap + Lower GHG,0.21413828689370484,0.17234262125902994,0.1932404540763674
6812055,3,40.33698097023893,40.87725554672854,65.38071205871462,102.8,100,103.4,60.903166204666476,355 WEST 52 STREET,Medical Office,MANHATTAN,45665,470.23,10.3,Lower Gap + Lower GHG,0.21362229102167182,0.41382868937048506,0.3137254901960784
6599838,3,40.31587771440527,38.659354228144565,45.40634101248783,123.7,137.1,127.3,88.64064577185543,1350 EAST 18TH LLC,Multifamily Housing,BROOKLYN,32950,246.41,7.48,Lower Gap + Lower GHG,0.2131062951496388,0.09236326109391124,0.15273477812177502
3094964,3,40.30510689007734,38.90627528620999,50.87963730052131,117.1,117,124.7,78.86290540986246,JK: 1151 New York Ave,Multifamily Housing,BROOKLYN,55469,412.82,7.44,Lower Gap + Lower GHG,0.21259029927760578,0.347781217750258,0.2801857585139319
6422315,3,40.30273225881111,43.12855835324302,54.430951699509784,109.5,115.6,118.9,73.42527353742956,45 OCEAN LLC,Multifamily Housing,BROOKLYN,86550,606.01,7,Lower Gap + High GHG,0.21207430340557276,0.5381836945304438,0.3751289989680083
4946245,3,40.29716766036824,29.160735592726027,55.18358505496904,103.1,100.4,136.1,73.39876620160646,Maxwell: 137 East 55 St,Multifamily Housing,MANHATTAN,82287,951.37,11.56,Lower Gap + High GHG,0.21155830753353974,0.6790505675954592,0.4453044375644995
6935980,3,40.287420748814796,42.72338776816632,52.05720432973826,123.6,109.5,119.6,76.87661223183368,X423 (OECID: 0201527; BBL: 2038640012),K-12 School,BRONX,121200,1308.13,10.79,Lower Gap + High GHG,0.21104231166150672,0.7549019607843137,0.48297213622291024
13552209,3,40.28032752445731,40.39392507461757,53.69879130654039,119,115,111.8,74.56617945125282,621 Water St: 621 Water St.,Multifamily Housing,MANHATTAN,60000,482.19,8.04,Lower Gap + Lower GHG,0.21052631578947367,0.4262125902992776,0.31836945304437564
20828250,3,40.265997147623004,39.69934972132859,39.96676957075,144,141.6,138.9,103.43060804199486,Maimonides - 6300 8th Ave,Other / Rare,BROOKLYN,71701,1047.07,14.6,Lower Gap + High GHG,0.21001031991744065,0.6976264189886481,0.4538183694530444
6690383,3,40.26317098787279,38.17400093079296,45.200671426968924,142.3,124.9,120.1,88.45787220862584,Graus Management - 145 Chester ave,Multifamily Housing,BROOKLYN,25600,183.45,7.17,Lower Gap + Lower GHG,0.20949432404540763,0.0304437564499484,0.11996904024767802
13484786,3,40.25639739628006,37.55292369482821,49.581362211140046,141.4,115.9,106.6,82.01272026578917,50 West 106th Street,Multifamily Housing,MANHATTAN,46416,384.86,8.29,Lower Gap + Lower GHG,0.2089783281733746,0.3090815273477812,0.2590299277605779
6261087,3,40.25570004120893,37.37155327204604,71.69925151461463,109.6,92.9,86.1,54.98269583495909,542 Fulton Street,Office,BROOKLYN,24766,218.58,8.83,Lower Gap + Lower GHG,0.2084623323013416,0.05933952528379773,0.13390092879256965
20942722,3,40.24999707821327,40.111236800951744,51.71369297356597,119.8,119,115.6,77.59106935885802,60-52 Madison Street,Multifamily Housing,QUEENS,50460,356.3,7.06,Lower Gap + Lower GHG,0.20794633642930857,0.2708978328173375,0.23942208462332304
4509445,3,40.24087286427915,37.41613972947633,18.755089093223674,294,249.2,220.3,215.11558546675954,CO/VZT/137-34 NORTHERN BLVD/FLUSHING/NY,Data Center,QUEENS,86086,2125.76,24.69,Lower Gap + High GHG,0.20743034055727555,0.8359133126934984,0.521671826625387
12882297,3,40.213233236019384,37.51162742424559,49.97468037888359,139.3,104.1,116.9,79.38837257575442,530 West 136th Street,Multifamily Housing,MANHATTAN,41520,388.02,9.35,Lower Gap + Lower GHG,0.20691434468524253,0.31320949432404543,0.26006191950464397
6538694,3,40.2036001542377,44.30805956781707,48.725698973011,132.2,125.7,109.9,81.80447281435917,426,Multifamily Housing,BROOKLYN,36099,245.83,6.81,Lower Gap + Lower GHG,0.20639834881320948,0.0913312693498452,0.14886480908152733
2665524,3,40.19669249213941,33.333756932809266,54.40504554078682,142.7,105.3,92.9,73.30147513593104,Stellar - 223 2nd Avenue,Multifamily Housing,MANHATTAN,64218,509.08,7.930000000000001,Lower Gap + Lower GHG,0.20588235294117646,0.456656346749226,0.33126934984520123
2746846,3,40.19505674096789,20.758618750618027,51.697367901518824,99.2,85.2,166.8,78.07048698270762,GLENWOOD GREENWOOD OWNERS - 13921,Multifamily Housing,QUEENS,61320,642.61,10.48,Lower Gap + High GHG,0.20536635706914344,0.5593395252837977,0.38235294117647056
2665120,3,40.1798924890685,39.64728122439226,53.62254318699385,121.7,112.5,111,74.984609280419,Abro - 736 West 181st Street,Multifamily Housing,MANHATTAN,50000,383.24,7.659999999999999,Lower Gap + Lower GHG,0.20485036119711042,0.30701754385964913,0.2559339525283798
25578971,3,40.16861697875676,47.437541827331415,74.5970244039702,104.3,97.6,103.8,84.49159491001575,NYC - WTCA,Distribution Center,MANHATTAN,167000,1233.09,7.38,Lower Gap + High GHG,0.2043343653250774,0.7368421052631579,0.47058823529411764
25178311,3,40.137114995599795,41.49780631900471,61.230198693993735,99,108.8,109.7,63.66716993129874,250 East 79th Street,Worship Facility,MANHATTAN,32000,297.31,9.29,Lower Gap + Lower GHG,0.20381836945304438,0.17027863777089783,0.18704850361197112
3128943,3,40.136356968948625,42.051747442925844,54.64590523211904,123,107.4,110.9,68.84825255707416,Q244 (OECID: 0401638; BBL: 4051370043),K-12 School,QUEENS,42000,445.3,10.6,Lower Gap + Lower GHG,0.20330237358101136,0.3875128998968008,0.2954076367389061
6699410,3,40.077481965601045,37.672303701326044,49.2060228171214,134.4,110.5,119.1,81.42769629867395,2505 Bedford Avenue,Multifamily Housing,BROOKLYN,37930,271.69,7.159999999999999,Lower Gap + Lower GHG,0.20278637770897834,0.12796697626418987,0.1653766769865841
7441525,3,40.07243007184852,41.095673006450355,54.70152417509896,125.1,101.2,113.4,72.30432699354965,950 Third Avenue New York (944 3 AVENUE),Office,MANHATTAN,320585,2982.24,9.3,Lower Gap + High GHG,0.20227038183694532,0.8787409700722394,0.5405056759545923
2665696,3,40.04040736406703,41.22800270216885,54.052234132447005,110,117.4,115.4,74.17199729783115,Stonehenge - 108 West 15th Street,Multifamily Housing,MANHATTAN,56408,523.71,9.28,Lower Gap + Lower GHG,0.20175438596491227,0.46852425180598556,0.3351393188854489
6881850,3,40.03938771810439,37.59777756185886,57.54772235085765,109.4,107.8,112.5,66.93182419184032,Samaritan: 88-83 Van Wyck Exp.,Retail Store,QUEENS,40660,357.98999999999995,8.8,Lower Gap + Lower GHG,0.20123839009287925,0.2724458204334365,0.23684210526315788
6282769,3,40.014669266942704,18.912238139185902,46.80953383095171,101.4,176.8,100.4,81.4877618608141,MCP: 33-06 33-10 Crescent St,Multifamily Housing,QUEENS,50610,307.3,6.07,Lower Gap + Lower GHG,0.20072239422084623,0.18833849329205365,0.19453044375644996
2665415,3,40.009264269999264,38.67002157829515,53.722969273619476,119.4,110.7,113.2,74.52997842170485,Stellar - 87 Hamilton Place,Multifamily Housing,MANHATTAN,72662,503.34,6.930000000000001,Lower Gap + Lower GHG,0.2002063983488132,0.4504643962848297,0.3253353973168215
6041148,3,39.99025597206903,41.73365663378013,53.53986667934746,121.9,115.3,106.7,74.41746055108321,Lower East Side I Associates-610,Multifamily Housing,MANHATTAN,30750,208.95,6.8,Lower Gap + Lower GHG,0.1996904024767802,0.05108359133126935,0.12538699690402477
1633526,3,39.97832860589192,41.404925112005955,58.21555089028004,121.4,97.3,106.6,65.19507488799404,X425 (OECID: 0200217; BBL: 2046330040),K-12 School,BRONX,390250,3440.44,8.82,Lower Gap + High GHG,0.19917440660474717,0.8931888544891641,0.5461816305469556
6542587,3,39.95754480504501,35.14359173682297,47.58949538708792,136.2,117.5,117.3,82.82752408720839,ECHUD REALTY LLC / 1750,Multifamily Housing,BRONX,46500,327.78,7.05,Lower Gap + Lower GHG,0.19865841073271415,0.2301341589267286,0.21439628482972137
3284404,3,39.91634710464631,36.189778080369905,56.567791683805396,122.2,106.2,102.4,68.89440427287781,101 Avenue of the Americas (95 6 AVENUE),Office,MANHATTAN,416948,4324.67,10.37,Lower Gap + High GHG,0.19814241486068113,0.9112487100103199,0.5546955624355006
20408216,3,39.89880844699491,33.35311248041057,48.28513294460692,140.4,110.2,115.3,81.94688751958942,3624 BROADWAY,Multifamily Housing,MANHATTAN,45930,378.8,8.25,Lower Gap + Lower GHG,0.19762641898864808,0.30082559339525283,0.24922600619195046
2817613,3,39.87442690248685,43.884145791404464,50.49132973718534,125.5,107.6,122.9,79.01585420859554,2705 Bainbridge,Multifamily Housing,BRONX,61115,581.39,9.51,Lower Gap + High GHG,0.19711042311661506,0.5170278637770898,0.3570691434468524
20066575,3,39.83782949579526,27.194929829177482,52.50308374295103,83,164,104.4,77.20507017082252,OneVesta Property : 959 EAST,Multifamily Housing,BROOKLYN,56271,361.07,6.42,Lower Gap + Lower GHG,0.19659442724458204,0.2770897832817337,0.23684210526315788
3095825,3,39.82556749905553,35.73366448139366,51.51765328632659,114.9,129,108.3,77.64691542032155,ROLE: 1860 Grand Concourse,Multifamily Housing,BRONX,63319,543.1700000000001,8.58,Lower Gap + Lower GHG,0.19607843137254902,0.4845201238390093,0.34029927760577916
2668929,3,39.72763284073415,29.465792509783697,55.72735210073202,101.2,99.7,132.3,71.21884949868814,SW - 4761 Broadway,Multifamily Housing,MANHATTAN,136060,1161.11,8.53,Lower Gap + High GHG,0.195562435500516,0.7260061919504643,0.46078431372549017
21325233,3,39.69985241794328,45.130614276245524,44.603558948088875,119.6,131.8,135.6,90.10209468504293,Chestnut - 2295 Grand Concourse,Multifamily Housing,BRONX,29805,241.81,8.11,Lower Gap + Lower GHG,0.19504643962848298,0.0846233230134159,0.13983488132094943
6783439,3,39.68868433233957,41.17192813141217,42.90225227487696,130.5,133.9,132.5,90.78980150871385,2676 Morris,Multifamily Housing,BRONX,27400,273,9.96,Lower Gap + Lower GHG,0.19453044375644996,0.13106295149638802,0.162796697626419
15667907,3,39.68819595601443,41.976903744621325,48.852530981668814,125.4,111.8,125.6,79.86010664561208,31 ORANGE STREET,Multifamily Housing,BROOKLYN,47136,465.91,9.88,Lower Gap + Lower GHG,0.19401444788441694,0.4086687306501548,0.3013415892672859
15357264,3,39.6529842209195,40.253715640573674,47.26934788777659,133,119.8,121.2,92.35414171155782,3603 Broadway (Parent Property),Multifamily Housing,MANHATTAN,34755,300.45,8.639999999999999,Lower Gap + Lower GHG,0.19349845201238391,0.17750257997936017,0.18550051599587203
7064123,3,39.63418700080161,44.81423530745066,53.133668558049756,125.8,118.3,98.3,74.20039055405972,590 West 172nd Street AKA 1228 Saint Nicholas Avenue,Multifamily Housing,MANHATTAN,57690,394.68,6.84,Lower Gap + Lower GHG,0.19298245614035087,0.3240454076367389,0.2585139318885449
26575465,3,39.63205396095188,36.11125917937308,49.717873397191724,121,124.5,113.6,77.72053507164897,448-456 Alabama Avenue (Parent Property),Multifamily Housing,BROOKLYN,55328,385.55,6.970000000000001,Lower Gap + Lower GHG,0.19246646026831785,0.3111455108359133,0.2518059855521156
2661148,3,39.622616826083764,36.41997008391341,50.03180541227518,118.4,110.5,128,78.01601667884091,Pinnacle - 2800 Heath Ave,Multifamily Housing,BRONX,57349,483.29,8.43,Lower Gap + Lower GHG,0.19195046439628483,0.42879256965944273,0.3103715170278638
6709211,3,39.584665428966325,41.18364802735937,54.70818803948741,115.8,111.7,108.4,72.01586191238461,101 West 85th Street,Multifamily Housing,MANHATTAN,73764,595.88,8.08,Lower Gap + High GHG,0.1914344685242518,0.5268317853457173,0.35913312693498456
2669740,3,39.54992497057433,33.19427373068447,52.345358016319025,109.5,107.3,128.4,75.84778471511117,112 West 56th St,Multifamily Housing,MANHATTAN,106484,987.42,9.27,Lower Gap + High GHG,0.19091847265221878,0.6873065015479877,0.4391124871001032
25745747,3,39.541845399320074,37.18970922914116,49.893084982134056,130.8,115.4,110.8,81.2722558766788,2505 Barker Avenue,Multifamily Housing,BRONX,66832,498.33,7.46,Lower Gap + Lower GHG,0.19040247678018576,0.4453044375644995,0.31785345717234265
2670819,3,39.53626733346834,41.57674465496392,51.297056686037514,120.7,110.1,118.9,77.32325534503609,Brodsky - 420 W 42nd Street,Multifamily Housing,MANHATTAN,289281,2296.61,7.94,Lower Gap + High GHG,0.18988648090815274,0.848297213622291,0.519091847265222
6815729,3,39.50880948849483,32.71204480361699,90.18850769200277,101.2,71,77.7,44.98795519638301,303 WEST 42 STREET,Office,MANHATTAN,62051,427.95,6.9,Lower Gap + Lower GHG,0.18937048503611972,0.36584107327141385,0.2776057791537668
4373716,3,39.504942670513586,39.84635365954597,51.656862295570924,117.3,112.9,117.7,76.82532062718118,Zamore Daughters - 8747 Bay Parkway,Multifamily Housing,BROOKLYN,73400,515.3199999999999,7.02,Lower Gap + Lower GHG,0.18885448916408668,0.46233230134158926,0.325593395252838
6572042,3,39.48623415591327,31.630149836500223,45.63874775279589,151,108.5,116.7,85.06985016349978,8684 20th Avenue,Multifamily Housing,BROOKLYN,28800,203.1,7.05,Lower Gap + Lower GHG,0.18833849329205365,0.04643962848297214,0.1173890608875129
3223085,3,39.47395326676205,38.81397192365387,49.31132156470568,124.6,115.5,118.3,79.48602807634613,152-156 East 171st Street,Multifamily Housing,BRONX,65065,641.8,9.86,Lower Gap + High GHG,0.18782249742002063,0.5577915376676986,0.37280701754385964
21355669,3,39.43142682301421,42.425481373139064,41.70600521015955,140.3,123.3,137.6,95.17451862686093,DHS_916_Classified DHS Location,Other - Lodging/Residential,NA,55976,515.89,9.22,Lower Gap + Lower GHG,0.18730650154798761,0.4628482972136223,0.32507739938080493
15582207,3,39.42392028292581,39.1180911854576,46.206023518794765,129.1,120.8,124.2,85.0819088145424,Powertec Realty - 111-17 Northern Blvd,Multifamily Housing,QUEENS,32184,238.76,7.42,Lower Gap + Lower GHG,0.1867905056759546,0.08204334365325078,0.1344169246646027
17461719,3,39.39048634513875,49.99272467520959,52.004086609057325,96.6,124.4,126.8,75.93138428977562,1950 Andrews Avenue,Multifamily Housing,BRONX,272000,2167.86,7.970000000000001,Lower Gap + High GHG,0.18627450980392157,0.8379772961816305,0.512125902992776
25968253,3,39.33136164847479,39.74834872100952,46.136001436129696,124.2,124.9,125.1,85.35165127899047,170-25 HIGHLAND AVENUE,Multifamily Housing,QUEENS,33000,242.2,7.34,Lower Gap + Lower GHG,0.18575851393188855,0.08565531475748193,0.13570691434468524
26010927,3,39.28325399160966,37.38422308152019,53.04584489885857,113,109.8,117.3,73.7774891981582,DEPM 1954 - 246 East 46th Street,Multifamily Housing,MANHATTAN,72887,698.3599999999999,9.58,Lower Gap + High GHG,0.18524251805985553,0.5923632610939112,0.38880288957688336
7386341,3,39.22653963334398,42.098383950368145,54.28081222951417,112.4,112,112.7,69.5140074311284,St.Vincent's Hospital Westchester,Residence Hall/Dormitory,QUEENS,36700,301.03,8.2,Lower Gap + Lower GHG,0.18472652218782248,0.17956656346749225,0.18214654282765735
21353771,3,39.22501311196422,36.861335433709755,52.07993212295753,130.1,101.7,112.1,75.23866456629024,H+H_4309_Cumberland Diagnostic and Treatment Center,Medical Office,BROOKLYN,117900,701.74,5.95,Lower Gap + High GHG,0.18421052631578946,0.5939112487100103,0.3890608875128999
6436031,3,39.21380287716517,33.13920039115662,44.6702027236375,122.5,152.1,108.4,89.44973134401013,1721 Hobart Avenue,Multifamily Housing,BRONX,25412,165.81,6.52,Lower Gap + Lower GHG,0.18369453044375644,0.023735810113519093,0.10371517027863777
6690841,3,39.20653684737584,36.02431329100149,42.23594413286383,151.9,127.8,115.4,91.76439966474446,223 East 179 Street,Multifamily Housing,BRONX,28050,251.56,8.97,Lower Gap + Lower GHG,0.18317853457172342,0.10371517027863777,0.1434468524251806
2815583,3,39.19683929905933,37.34038231150096,84.48549326848206,87.4,86,87.4,50.059617688499046,Steel Equities - 59 Paidge Avenue,Distribution Center,BROOKLYN,235700,1413.27,6,Lower Gap + High GHG,0.1826625386996904,0.7698658410732714,0.4762641898864809
3541808,3,39.14300549814751,40.93107915456709,54.25760617328944,114.6,117.1,102.2,71.64082088264782,690 Fort Washington Avenue,Multifamily Housing,MANHATTAN,90445,749.8199999999999,8.29,Lower Gap + High GHG,0.18214654282765738,0.6176470588235294,0.3998968008255934
5049609,3,39.137862494627164,39.88131253970346,50.90198423501131,124.7,116.3,107.2,77.40251277923018,305 East 86th Street,Multifamily Housing,MANHATTAN,648703,4650.28,7.17,Lower Gap + High GHG,0.18163054695562436,0.9164086687306502,0.5490196078431373
6675579,3,39.12282560837571,38.68117405278372,45.69191903808337,126.7,126.7,120.9,83.55298884189854,Highbridge Community HDFC - 1410 Nelson ave,Multifamily Housing,BRONX,42878,326.53,7.619999999999999,Lower Gap + Lower GHG,0.18111455108359134,0.22807017543859648,0.20459236326109392
7417025,3,39.111993333363934,35.844823701545465,35.649177458050076,157.9,147.9,141,108.65628202189144,St.Vincent's Hospital Westchester - Prospect Pl,Residential Care Facility,BROOKLYN,37454,408.35,10.9,Lower Gap + Lower GHG,0.18059855521155832,0.34365325077399383,0.26212590299277605
6787429,3,39.105183474817174,18.27800236871738,50.81982134279347,95,94.1,158.2,77.20580359126116,Carlyle: 328 East 46th,Multifamily Housing,MANHATTAN,163363,1768.45,10.83,Lower Gap + High GHG,0.18008255933952527,0.8034055727554179,0.49174406604747156
9153281,3,39.09780518871416,38.09381972005282,47.55665402362652,115.8,119,130.1,81.39329043964199,Greene Tree Management - 106 Bayard st,Multifamily Housing,MANHATTAN,30582,257.44,8.42,Lower Gap + Lower GHG,0.17956656346749225,0.11042311661506708,0.14499484004127966
3114461,3,39.09634642235554,45.98767625443931,53.93902898164363,118.9,123.4,93,73.29865202591861,The Caledonia,Multifamily Housing,MANHATTAN,500361,3615.49,7.23,Lower Gap + High GHG,0.17905056759545923,0.8957688338493293,0.5374097007223942
6284623,3,39.06907950285437,36.71794813313426,46.85108112553982,136.6,119.2,111.2,83.13191303552773,866 Coney Island Avenue,Multifamily Housing,BROOKLYN,38500,263.78,6.85,Lower Gap + Lower GHG,0.1785345717234262,0.11867905056759546,0.14860681114551083
6793555,3,39.0434246253103,34.980080714845755,50.270066939524696,113.9,108.9,127.4,77.40866279603455,M&I Management- 50 LINCOLN RD,Multifamily Housing,BROOKLYN,63924,535.06,8.370000000000001,Lower Gap + Lower GHG,0.1780185758513932,0.478844169246646,0.3284313725490196
6819525,3,39.032184781033024,38.808720832115654,48.84677607203237,121.3,111.3,124.1,79.60380094350774,The Andrews,Multifamily Housing,MANHATTAN,34727,324.04,9.33,Lower Gap + Lower GHG,0.17750257997936017,0.22342621259029927,0.2004643962848297
6702239,3,39.02983078534539,40.98736685526292,49.294779835083105,121.9,118.2,114.9,80.42179532443707,140 Bradhurst Avenue,Multifamily Housing,MANHATTAN,39498,284,7.1899999999999995,Lower Gap + Lower GHG,0.17698658410732715,0.1475748194014448,0.16228070175438597
4036597,3,39.02865409077264,47.638013062397604,51.599703217086585,127,122.1,95.5,76.65838572168505,Glenwood - The Bamford,Multifamily Housing,MANHATTAN,227130,1484.55,6.54,Lower Gap + High GHG,0.17647058823529413,0.7786377708978328,0.4775541795665635
2811671,3,39.01041388436768,32.16912122977055,30.184851320824823,160.5,182.7,164.4,135.51245525055268,3200 Baychester Ave.,Senior Living Community,BRONX,107658,1197.75,11.13,Lower Gap + High GHG,0.17595459236326108,0.7306501547987616,0.45330237358101133
15569042,3,38.97442706306476,39.538382209192974,66.29072892466472,95.9,99.7,98,60.89411875463738,DEPM 1186 - 138 East 50th Street,Multifamily Housing,MANHATTAN,251593,1963.61,7.8,Lower Gap + High GHG,0.17543859649122806,0.8219814241486069,0.49871001031991746
2831027,3,38.961616006274916,40.44935909679057,37.3554107039905,148.9,139.1,142,101.08560271609622,EAST RIVER,Multifamily Housing,MANHATTAN,952350,8758.240000000002,9.2,Lower Gap + High GHG,0.17492260061919504,0.9535603715170279,0.5642414860681114
4898811,3,38.95897935613053,37.812729198387814,61.434808579203406,99.1,104,105.5,67.68727080161219,R066 (OECID: 0500587; BBL: 5010650007),K-12 School,STATEN IS,45240,417.14,9.22,Lower Gap + Lower GHG,0.17440660474716202,0.3539731682146543,0.26418988648090813
1633984,3,38.95768718703047,43.98926941859219,57.244103887566915,121.2,109.4,88.8,63.53533126143254,K184 (OECID: 0300186; BBL: 3036060001),K-12 School,BROOKLYN,94800,545.9499999999999,5.76,Lower Gap + Lower GHG,0.173890608875129,0.4886480908152735,0.33126934984520123
6387190,3,38.95182448279912,41.295817300461025,48.98619001781897,110.9,120.3,124.6,79.16155873841393,60 Hamilton Avenue,Multifamily Housing,STATEN IS,75414,572.48,7.59,Lower Gap + High GHG,0.17337461300309598,0.5103199174406605,0.34184726522187825
6313227,3,38.94385921117785,36.10907085236886,48.85543584856886,128.9,113.9,112.5,78.22231409245953,720 E 31 Street - 44297,Multifamily Housing,BROOKLYN,47461,323.56,6.819999999999999,Lower Gap + Lower GHG,0.17285861713106296,0.2218782249742002,0.19736842105263158
3128933,3,38.902636792127126,44.221049837744744,59.38720152583677,97.2,110.1,108.8,64.57895016225525,Q094 (OECID: 0400086; BBL: 4081350029),K-12 School,QUEENS,45600,322.35,7.07,Lower Gap + Lower GHG,0.17234262125902994,0.21826625386996903,0.1953044375644995
15620089,3,38.885536268165254,41.13020932630879,47.836790940814545,124.7,113.7,121.9,80.76979067369122,Southern: 766 Fox Street,Multifamily Housing,BRONX,44000,370.46,8.42,Lower Gap + Lower GHG,0.17182662538699692,0.2894736842105263,0.2306501547987616
4043235,3,38.87520738600292,39.32146525656432,50.52985490801637,120,114.9,112.5,76.96092090452888,2780 University Avenue,Multifamily Housing,BRONX,98313,684.01,6.96,Lower Gap + High GHG,0.17131062951496387,0.5846233230134159,0.3779669762641899
11534434,3,38.87261884172608,38.251993986804365,42.95098111242262,130.4,125.8,132,89.80226212097098,1181 East Tremont Avenue,Multifamily Housing,BRONX,37707,388.89,10.31,Lower Gap + Lower GHG,0.17079463364293085,0.31475748194014447,0.24277605779153766
2598081,3,38.848322351210165,39.33175338615138,71.81892449051352,93.7,82.4,102.7,53.9779268359113,510 Fifth Avenue,Office,MANHATTAN,63456,710.23,11.19,Lower Gap + High GHG,0.17027863777089783,0.5975232198142415,0.38390092879256965
10063322,3,38.821439676191794,35.636449716631276,46.27296174814687,117.1,118.1,133.4,83.6427947274497,Andrews: 33 Rector St,Multifamily Housing,MANHATTAN,35519,376.98,10.61,Lower Gap + Lower GHG,0.1697626418988648,0.2982456140350877,0.23400412796697626
10821375,3,38.818041757446274,26.983288611314478,34.3695482671397,148.9,135.6,179.9,108.88293668930419,15-26 New Haven Avenue,Senior Living Community,QUEENS,31915,379.17,11.88,Lower Gap + Lower GHG,0.1692466460268318,0.3013415892672859,0.23529411764705882
2702454,3,38.813152315835254,31.082892212078093,37.82591383325955,134.7,171.7,121.7,106.6965108502319,Conrad New York,Hotel,MANHATTAN,628200,5740.37,9.14,Lower Gap + High GHG,0.16873065015479877,0.9313725490196079,0.5500515995872033
3128889,3,38.75456144020234,23.457389952264165,55.4728992593274,140.6,90.8,92,68.54261004773583,M876 (OECID: 0101609; BBL: 1021230045),K-12 School,MANHATTAN,74690,669.6800000000001,8.97,Lower Gap + High GHG,0.16821465428276575,0.5773993808049536,0.37280701754385964
6246644,3,38.75341021580414,36.710855203417,198.38773483910413,62.2,54.5,59,22.289144796583,SHS Erasmus LLC,Self-Storage Facility,BROOKLYN,40078,188.09,4.6899999999999995,Lower Gap + Lower GHG,0.16769865841073273,0.033539731682146544,0.10061919504643964
24982238,3,38.75139255485275,35.498064401941775,48.74444261936296,133.1,106.5,114.6,79.10193559805822,Camber - 2105 Daly Avenue,Multifamily Housing,BRONX,73824,591.1800000000001,8.01,Lower Gap + High GHG,0.16718266253869968,0.5237358101135191,0.3454592363261094
6381803,3,38.73979396980247,34.630181196531396,42.00403859734218,141.8,127,123.6,90.33737392787138,1600 University Avenue,Multifamily Housing,BRONX,29315,215.73,7.359999999999999,Lower Gap + Lower GHG,0.16666666666666666,0.05727554179566564,0.11197110423116614
6672874,3,38.73849365754824,38.678117323952364,45.76991469941595,126.9,121.8,121.4,84.55590172659372,Coney 3017 Ocean Parkway,Multifamily Housing,BROOKLYN,34720,247.13,7.119999999999999,Lower Gap + Lower GHG,0.16615067079463364,0.09494324045407637,0.130546955624355
6678799,3,38.72736231815956,37.51724822996444,40.758308662438004,133,130.4,137.8,95.12494511696731,1240 Stratford,Multifamily Housing,BRONX,31400,263.28999999999996,8.38,Lower Gap + Lower GHG,0.16563467492260062,0.11713106295149639,0.1413828689370485
19461626,3,38.72506513402437,47.95242810042792,51.991420342719735,142.8,120.8,75.8,74.68226042505164,RICE BOWL : 46-50 Mulberry,Multifamily Housing,MANHATTAN,50737,291.11,5.74,Lower Gap + Lower GHG,0.1651186790505676,0.15944272445820434,0.16228070175438597
23340932,3,38.66690426696261,24.072685344233406,53.142366560316,135.8,108.4,107.5,83.4273146557666,241 Bedford Avenue,Mixed Use Property,BROOKLYN,72571,869.08,11.98,Lower Gap + High GHG,0.16460268317853458,0.6558307533539731,0.41021671826625383
11711778,3,38.617251828124836,36.13658802361387,46.64791112409049,129.2,117.3,117.3,81.61495429478579,998 Longwood Avenue,Multifamily Housing,BRONX,42000,430.86,10.26,Lower Gap + Lower GHG,0.16408668730650156,0.3673890608875129,0.2657378740970072
2858535,3,38.61088794439679,45.5950392244045,43.59587740390528,138.9,129.2,122.5,101.07757913050304,32-36 47th Avenue,Manufacturing/Industrial Plant,QUEENS,184400,1984.44,10.76,Lower Gap + High GHG,0.16357069143446853,0.8230134158926729,0.4932920536635707
6292562,3,38.58729455049375,41.76043277941609,48.50432055336297,123.3,112.5,119,77.23956722058391,"55 Water, LLC",Office,BROOKLYN,443761,4687.929999999999,10.56,Lower Gap + High GHG,0.16305469556243551,0.9174406604747162,0.5402476780185759
6793003,3,38.57647082331062,34.559281053936544,44.54609044495842,123,133.5,119.7,86.89338911704066,M&amp;I Management - 840 MONTGOMERY ST,Multifamily Housing,BROOKLYN,34021,264.12,7.76,Lower Gap + Lower GHG,0.16253869969040247,0.1197110423116615,0.141124871001032
4156454,3,38.55754087116294,40.995325261271915,52.86244343220372,114.4,115.8,104.4,73.20111768554868,NY815_Avalon Bowery Place I (ny24),Multifamily Housing,MANHATTAN,212816,1778.87,8.360000000000001,Lower Gap + High GHG,0.16202270381836945,0.804437564499484,0.48323013415892674
15584014,3,38.55515367167211,37.03686582474786,52.285045611120474,119.8,106.5,110.2,73.16313417525214,Wavecrest CHILD of CAMPUS - 528 West 145th Street,Multifamily Housing,MANHATTAN,64560,466.84,7.23,Lower Gap + Lower GHG,0.16150670794633643,0.4102167182662539,0.28586171310629516
5043155,3,38.54182786774892,35.613986300718665,59.755465704940086,102.7,110.9,95.5,61.35873672434993,99 Hudson Street,Office,MANHATTAN,142848,1227.1699999999998,8.59,Lower Gap + High GHG,0.1609907120743034,0.7363261093911249,0.4486584107327141
2798103,3,38.5399225638769,35.554099346811185,45.24064081436057,127.9,121.6,123.2,89.18346886013417,43-05 47th Street (Parent Property),Multifamily Housing,QUEENS,53840,399.04,7.41,Lower Gap + Lower GHG,0.16047471620227038,0.3286893704850361,0.24458204334365324
6688889,3,38.511185676751005,31.924850990414996,44.37473004706516,146.2,110.4,117.5,85.575149009585,Crotona Park Redevelopment LLC (1415 Bristow St),Multifamily Housing,BRONX,46248,352.76,7.63,Lower Gap + Lower GHG,0.15995872033023736,0.26676986584107326,0.2133642930856553
6382120,3,38.48828711071022,34.990444434348575,47.58066198562214,130.7,111.6,115.1,80.10955556565142,84-47 118th Street,Multifamily Housing,QUEENS,40700,285.96999999999997,7.03,Lower Gap + Lower GHG,0.15944272445820434,0.15015479876160992,0.15479876160990713
10823301,3,38.487172506618364,36.84127372908219,46.75068892064602,118.4,117.2,127.7,81.46247718264743,135 West 175th Street,Multifamily Housing,BRONX,43267,345.55,7.99,Lower Gap + Lower GHG,0.15892672858617132,0.25696594427244585,0.2079463364293086
3094923,3,38.47491302767352,24.939797277117137,49.582859981813996,98.7,101.3,148.4,77.6706467184788,JK: 580 East 21st Street,Multifamily Housing,BROOKLYN,65805,736.3399999999999,11.19,Lower Gap + High GHG,0.15841073271413827,0.608875128998968,0.38364293085655315
6654540,3,38.46687662174056,40.098972105100515,50.595601408300574,117.3,111.5,114.9,74.80102789489949,8832 50th Ave (88-29 51st Ave),Multifamily Housing,QUEENS,25800,188.08,7.29,Lower Gap + Lower GHG,0.15789473684210525,0.033023735810113516,0.09545923632610939
15746281,3,38.435305804669476,38.26099234734039,46.42211260674994,118.7,119.5,126,82.27859653556983,KM - 367 S 2nd St,Multifamily Housing,BROOKLYN,28000,238.98,8.54,Lower Gap + Lower GHG,0.15737874097007223,0.0825593395252838,0.11996904024767802
2666061,3,38.43499183064183,33.75542947689871,31.833263701929706,154.2,150.1,173.2,120.82363053200453,"Hillside Manor Rehabilitation and Extended Care enter, LLC",Residential Care Facility,QUEENS,124108,1555.74,12.54,Lower Gap + High GHG,0.1568627450980392,0.7848297213622291,0.47084623323013414
7084810,3,38.40778667948077,18.44117190114312,42.41679586570796,160.8,147.3,151.9,133.45882809885688,Queens Nassau Nursing Home,Senior Living Community,QUEENS,42750,605.52,14.16,Lower Gap + High GHG,0.1563467492260062,0.5376676986584107,0.34700722394220845
21312915,3,38.39071784880533,39.325323408438535,44.804714662325594,122.8,131.6,117.7,85.6811841464902,One Vanderbilt Avenue,Office,MANHATTAN,1828353,16184.23,8.850000000000001,Lower Gap + High GHG,0.15583075335397317,0.9814241486068112,0.5686274509803921
12873486,3,38.37964364764401,36.62509876147344,48.71966652905101,111,115.1,126,77.89642565033505,1517 Park Pl,Multifamily Housing,BROOKLYN,36500,274.38,7.52,Lower Gap + Lower GHG,0.15531475748194015,0.13261093911248711,0.14396284829721362
6275707,3,38.35725371758341,36.359906516452654,41.14867499564182,137.4,129.4,127.7,91.6870240118587,2728 Webb Avenue,Multifamily Housing,BRONX,27725,276.13,9.96,Lower Gap + Lower GHG,0.15479876160990713,0.13519091847265222,0.14499484004127966
7538695,3,38.297188759789265,38.15098789462351,45.6530464245851,122.2,120.3,124.1,84.76796998488939,91 Davis Avenue and 102 Bard Avenue,Multifamily Housing,STATEN IS,52820,407.11,7.71,Lower Gap + Lower GHG,0.15428276573787408,0.34055727554179566,0.24742002063983487
3319523,3,38.29605774271679,39.69725462571179,74.40658807489075,94.1,84,91.3,51.602745374288205,NYC00301 - JFK Log Center A,Non-Refrigerated Warehouse,NA,99521,629.08,6.319999999999999,Lower Gap + High GHG,0.15376676986584106,0.5495356037151703,0.35165118679050567
25409582,3,38.2857307376429,36.51442442363003,43.83014375105139,126.1,127.5,123.7,87.18557557636997,210 EAST 51st,Multifamily Housing,NA,30844,235.85,7.65,Lower Gap + Lower GHG,0.15325077399380804,0.07739938080495357,0.1153250773993808
16626083,3,38.26747621535623,39.02862062746587,49.601220383337726,116.8,112.1,117.3,78.27137937253413,1022 Rev James A Polite Ave.: 1022 Rev James A Polite Ave.,Multifamily Housing,BRONX,29175,256.52,8.79,Lower Gap + Lower GHG,0.15273477812177502,0.10939112487100103,0.13106295149638802
6691739,3,38.192756926955404,37.453513243679154,48.53242794508161,121.1,114.3,115.2,78.58816621285227,Pinnacle - 155 Audubon Avenue,Multifamily Housing,MANHATTAN,42798,311.07,7.27,Lower Gap + Lower GHG,0.152218782249742,0.19504643962848298,0.17363261093911248
6464471,3,38.16791692497097,50.969750879465934,46.40786136167764,134.2,136.9,90.7,82.77855036678879,523 West 187th Street,Multifamily Housing,MANHATTAN,34938,259.26,7.42,Lower Gap + Lower GHG,0.15170278637770898,0.11145510835913312,0.13157894736842105
15624798,3,38.149620720279096,30.222478347051748,49.78207575003162,109.2,133.4,102.1,75.10147282239599,TMG - 1270 Lexington Ave,Multifamily Housing,MANHATTAN,29414,215.57,7.33,Lower Gap + Lower GHG,0.15118679050567596,0.05624355005159959,0.10371517027863777
3085377,3,38.14334350268578,36.77680606806511,47.54263179155405,126,129.2,111,74.22319393193489,10 East 53rd Street,Office,MANHATTAN,374197,3630.61,9.7,Lower Gap + High GHG,0.15067079463364294,0.8962848297213623,0.5234778121775026
26074779,3,38.14220412585356,33.145224989880504,45.94753179019232,137.7,108.4,116.9,83.7547750101195,18 East 198th Street,Multifamily Housing,BRONX,26100,181.41,6.95,Lower Gap + Lower GHG,0.15015479876160992,0.029411764705882353,0.08978328173374614
6275333,3,38.13705053501652,31.196029692497092,41.24830747320841,146.4,122.1,122.6,91.4039703075029,1823 White Plains Road,Multifamily Housing,BRONX,29612,222.26,7.51,Lower Gap + Lower GHG,0.14963880288957687,0.06449948400412797,0.10706914344685242
2830998,3,38.13613179618295,53.51398074149776,39.28061996110135,103.8,151.8,149.8,95.9672719913684,CLINTON,Multifamily Housing,MANHATTAN,734400,7078.6500000000005,9.64,Lower Gap + High GHG,0.14912280701754385,0.9442724458204335,0.5466976264189887
4907554,3,38.128602680043365,36.84655948973919,61.48892370360183,113.9,98.2,88,61.72108501257024,189 Bridge Street,Multifamily Housing,BROOKLYN,75410,506.54,6.72,Lower Gap + Lower GHG,0.14860681114551083,0.4540763673890609,0.3013415892672858
6449832,3,38.07930786114074,35.70767111161969,44.22897439838381,121.7,130.6,120.7,84.99232888838031,210 Roebling Street,Multifamily Housing,BROOKLYN,27444,207.33,7.55,Lower Gap + Lower GHG,0.1480908152734778,0.0500515995872033,0.09907120743034056
9685938,3,38.05044825003057,35.49270785100873,39.94518724741607,118,129.4,151.2,96.93702849064759,"AC Times Square, NY",Hotel,MANHATTAN,120566,1478.32,12.26,Lower Gap + High GHG,0.1475748194014448,0.7770897832817337,0.46233230134158926
2742891,3,38.02057244765005,37.94488064427556,54.5573464960584,108.3,109.7,105.1,68.37069748781539,ConEd Irving Place,Office,MANHATTAN,1255204,12176.93,9.7,Lower Gap + High GHG,0.14705882352941177,0.9731682146542827,0.5601135190918473
21355326,3,38.01832517809559,33.71017420395157,44.70519733792368,137.1,114.5,120.2,92.7080849247222,FDNY_4067_Engine Co. 73 and Ladder Co. 42,Fire Station,BRONX,15170,142.39,9.39,Lower Gap + Lower GHG,0.14654282765737875,0.015479876160990712,0.08101135190918474
6699427,3,38.00555603185483,37.6270977587954,39.901209222053176,137.8,129.2,132.6,94.9729022412046,2060 Grand Concourse,Multifamily Housing,BRONX,34516,286.3,8.29,Lower Gap + Lower GHG,0.14602683178534573,0.15170278637770898,0.14886480908152736
8141567,3,37.98814147829309,38.24198062823991,78.92128723311659,86.7,90.9,80.6,45.8960545455933,212-00 23 AVENUE,K-12 School,QUEENS,46917,252.08,5.37,Lower Gap + Lower GHG,0.14551083591331268,0.10577915376676987,0.12564499484004127
6750877,3,37.98166742631697,36.98634871468832,48.606207578793224,122.1,110.6,115.4,78.41365128531169,World Urban: 156 West 141st Street,Multifamily Housing,MANHATTAN,45689,331.64000000000004,7.26,Lower Gap + Lower GHG,0.14499484004127966,0.23684210526315788,0.19091847265221878
16069658,3,37.97172224651916,38.92823289495533,44.99824620573644,116.5,122.1,129,84.16232539237977,786 East 182nd Street,Multifamily Housing,BRONX,41550,336.14000000000004,8.09,Lower Gap + Lower GHG,0.14447884416924664,0.2435500515995872,0.1940144478844169
6664413,3,37.96988833546354,38.0218561583671,44.181477241330114,127.5,122.5,121.7,85.4234561831573,279 East 92nd Street,Multifamily Housing,BROOKLYN,32780,242.54,7.4,Lower Gap + Lower GHG,0.14396284829721362,0.08617131062951497,0.1150670794633643
6590355,3,37.90136646104252,37.09216313262637,44.67354826651463,121.1,125.8,121.9,84.80783686737364,Lasker Management LLC - 174 Linden st,Multifamily Housing,BROOKLYN,27252,196.51,7.21,Lower Gap + Lower GHG,0.1434468524251806,0.038183694530443756,0.09081527347781218
10853761,3,37.885782571234735,42.55108189347979,41.211870448819,138,134.1,116.7,90.3049403618642,Laya Wein: 1195 Sherman Ave,Multifamily Housing,BRONX,29960,210.29,7.02,Lower Gap + Lower GHG,0.14293085655314758,0.053147574819401446,0.09803921568627451
6664122,3,37.871058789317026,40.67876786099767,54.68909858731995,116.5,109.5,94.5,66.90585511393739,MacArthur - 260 West 44th Street,Office,MANHATTAN,45248,368.64,8.15,Lower Gap + Lower GHG,0.14241486068111456,0.28586171310629516,0.21413828689370484
6405410,3,37.783558689357,33.57509312236907,46.086294999639165,115.2,114.2,130.5,81.3890304191128,Impact: 77-30 Main St,Multifamily Housing,QUEENS,36732,285,7.76,Lower Gap + Lower GHG,0.14189886480908154,0.14963880288957687,0.1457688338493292
5964719,3,37.768192401025864,38.211923858410444,38.511314127685985,134.8,133.3,139.4,100.3229404659615,TWS Hotel: 103 waverly place,Hotel,MANHATTAN,61237,628.6,10.27,Lower Gap + High GHG,0.14138286893704852,0.5485036119711042,0.34494324045407637
6298653,3,37.75261023422983,35.98361797168121,46.354453410571345,132.1,112,122,97.58549512276362,Glen Oaks Village Section M,Multifamily Housing,QUEENS,138756,1060.95,7.65,Lower Gap + High GHG,0.14086687306501547,0.7058823529411765,0.423374613003096
2233950,3,37.73873269134996,38.558603617347444,54.89900519339065,105.2,107.2,107.3,67.47439276527616,02-1-New York Head Office,Office,MANHATTAN,870210,8387.38,9.64,Lower Gap + High GHG,0.14035087719298245,0.9525283797729618,0.5464396284829721
19516609,3,37.727947231091555,15.836320575546381,47.07904732860898,169.2,92.4,91.7,83.01718996291505,3139 BROADWAY,Multifamily Housing,MANHATTAN,25412,169.42000000000002,6.67,Lower Gap + Lower GHG,0.13983488132094943,0.02476780185758514,0.08230134158926729
9599596,3,37.725079839319,37.06860406144901,43.95306298194857,125.4,124.2,121.3,85.26398928801167,1601 W 2nd Street,Multifamily Housing,BROOKLYN,28000,199.08,7.109999999999999,Lower Gap + Lower GHG,0.1393188854489164,0.0412796697626419,0.09029927760577916
6679546,3,37.701937194439125,38.23769337726533,31.909705426257208,163.4,163.3,139.9,110.21223746231163,73-00 Queens Boulevard,Hotel,QUEENS,32306,399.32,12.36,Lower Gap + Lower GHG,0.1388028895768834,0.32920536635706915,0.23400412796697628
2267983,3,37.69361047192043,22.678450264535968,15.56634941933861,325.7,269.7,247.1,241.47661370125206,MSHS. MSBI Brooklyn,Hospital (General Medical & Surgical),NA,126602,2686.3700000000003,21.22,Lower Gap + High GHG,0.13828689370485037,0.868937048503612,0.5036119711042312
2932978,3,37.68485768720782,38.17387701872936,48.096016860417116,120.4,112.1,115.5,77.32612298127064,"1818 L Associates,LLC",Multifamily Housing,BROOKLYN,57600,385.13,6.6899999999999995,Lower Gap + Lower GHG,0.13777089783281735,0.30959752321981426,0.22368421052631582
6778570,3,37.67866585296664,36.77516675076816,62.05127150393124,98.1,102.1,95,60.23574976574632,ACHS Management: 89-30 Sutphin,Office,QUEENS,52761,503.65,9.55,Lower Gap + Lower GHG,0.13725490196078433,0.45149638802889575,0.29437564499484004
10822850,3,37.660707995402795,40.55789571483264,47.10345121616508,119.8,103.3,128.5,82.51515285687327,Leona Blanche House,Multifamily Housing,BRONX,34554,322.39,9.33,Lower Gap + Lower GHG,0.13673890608875128,0.21878224974200206,0.17776057791537667
2952005,3,37.63341228587867,36.100136946720696,43.16692798790736,131.7,119.7,122.9,88.00505932997802,Alley Pond Owners - 226-01 Union Turnpike,Multifamily Housing,QUEENS,135900,1060.25,7.8,Lower Gap + High GHG,0.13622291021671826,0.7038183694530443,0.4200206398348813
2794667,3,37.63256292470716,38.083909066806,53.19139721414721,108.7,107.7,108.9,70.28889603759015,JC Dwight - 1 University Place,Multifamily Housing,MANHATTAN,218985,1565.42,7.1499999999999995,Lower Gap + High GHG,0.13570691434468524,0.7853457172342622,0.4605263157894737
18190687,3,37.59680196566495,40.85616062411792,54.29768529588086,110,110.1,100.8,70.54745896434933,The Rockaway Hotel,Hotel,QUEENS,77428,728.09,9.4,Lower Gap + High GHG,0.13519091847265222,0.6068111455108359,0.37100103199174406
4724609,3,37.59094318011242,38.55754367332128,95.29387228832391,72.6,78.2,80.6,38.559633882469114,101-01 Avenue D,Distribution Center,BROOKLYN,177711,1245.39,7.01,Lower Gap + High GHG,0.1346749226006192,0.7425180598555211,0.43859649122807015
2790739,3,37.51815440458527,31.589193338360303,51.83301902955877,127.8,97.1,103.8,72.2108066616397,116 Central Park Condominium,Multifamily Housing,MANHATTAN,91153,635.98,6.98,Lower Gap + High GHG,0.13415892672858618,0.5562435500515995,0.34520123839009287
21325226,3,37.509439939750415,22.767576540299146,46.17930701120484,104.8,91.3,157.5,81.75563349948742,Chestnut - 1515 Grand Concourse,Multifamily Housing,BRONX,73692,675.23,9.16,Lower Gap + High GHG,0.13364293085655315,0.5804953560371517,0.3570691434468525
1634187,3,37.48345357625992,48.184681306366556,54.74967498705685,132.7,112.9,68,64.38346645636257,K097 (OECID: 0300108; BBL: 3066670024),K-12 School,BROOKLYN,132211,751.3,5.68,Lower Gap + High GHG,0.13312693498452013,0.6186790505675954,0.37590299277605776
15636057,3,37.47063262295531,42.38085277110622,41.09203744535189,141.4,116.7,128.4,86.01914722889379,El Nuevo San Juan - 1065 Southern,Medical Office,BRONX,32520,393.07,12.09,Lower Gap + Lower GHG,0.13261093911248711,0.32094943240454077,0.22678018575851394
6690424,3,37.46511071574954,41.27545662220267,47.10335401801878,128.9,119.1,102.2,78.0607552893415,MP Management - 480 e 21 st,Multifamily Housing,BROOKLYN,49733,305.03,6.13,Lower Gap + Lower GHG,0.13209494324045407,0.18472652218782248,0.15841073271413827
6301286,3,37.44514250717908,35.36197436637947,44.4062043715267,135.2,117.2,112.3,84.29131066764926,365 Pulaski,Multifamily Housing,BROOKLYN,34000,202.75,5.96,Lower Gap + Lower GHG,0.13157894736842105,0.04592363261093911,0.08875128998968007
18951690,3,37.440664563677174,36.553412197941086,95.59759311547964,77.7,75.6,76.8,37.581165315265906,115-40 DUNKIRK STREET,Non-Refrigerated Warehouse,QUEENS,57201,268.24,4.6899999999999995,Lower Gap + Lower GHG,0.13106295149638802,0.1238390092879257,0.12745098039215685
6671715,3,37.39168057722909,1.4412608689581106,45.681256172918076,191.8,78.9,80.9,79.4587391310419,Bainbridge Rlty: 270 Nagle Ave,Multifamily Housing,MANHATTAN,45496,295.25,6.49,Lower Gap + Lower GHG,0.130546955624355,0.16718266253869968,0.14886480908152733
1633444,3,37.36160452396701,28.15238005731336,57.12434667303495,128.3,89.8,87.1,63.11696660417194,R020 (OECID: 0500043; BBL: 5010200001),K-12 School,STATEN IS,40573,297.35,7.33,Lower Gap + Lower GHG,0.13003095975232198,0.17079463364293085,0.15041279669762642
10894247,3,37.34506338642033,22.22209806926344,54.85047005233465,73.4,90.7,153.6,67.92855654367335,Progressive - 1426 Loring Avenue,Multifamily Housing,BROOKLYN,47564,762.52,16.03,Lower Gap + High GHG,0.12951496388028896,0.6228070175438597,0.3761609907120743
10850766,3,37.34321220925616,28.410137098432386,46.99899826739571,136.1,106.5,106.6,78.18986290156761,Camber - 1892 Arthur Ave.,Multifamily Housing,BRONX,52882,357.08,6.75,Lower Gap + Lower GHG,0.12899896800825594,0.2719298245614035,0.20046439628482973
2796862,3,37.342989790940955,37.48281757892496,60.08285497472945,108.3,98.4,92.4,64.17404695046388,352 7th Avenue,Office,MANHATTAN,139000,1063.49,7.65,Lower Gap + High GHG,0.12848297213622292,0.7063983488132095,0.41744066047471623
2656600,3,37.3231471320166,38.424140059227796,47.904276754175015,118.3,117,110.9,78.8647309875455,Samson - 700 Victory Blvd,Multifamily Housing,STATEN IS,215825,1931.03,8.950000000000001,Lower Gap + High GHG,0.12796697626418987,0.8194014447884417,0.47368421052631576
6292590,3,37.31820612064157,40.73553826750549,19.40415946464872,210.8,238.4,246.5,187.5952847219678,Stop &amp; Shop 566- 7020 Rockaway Beach Boulevard,Supermarket/Grocery Store,QUEENS,58294,1258.94,21.6,Lower Gap + High GHG,0.12745098039215685,0.7461300309597523,0.43679050567595457
6579212,3,37.317753799546765,32.553436260590644,46.68787311192897,128.7,111.3,111.1,78.54656373940935,Brooklyn Property Managers - 609 45th st,Multifamily Housing,BROOKLYN,40397,294.88,7.3,Lower Gap + Lower GHG,0.12693498452012383,0.16615067079463364,0.14654282765737875
6260953,3,37.2578623285615,37.69104065389081,44.56862662723876,117.4,123.5,121.9,84.2089593461092,404 East 75th Street,Multifamily Housing,MANHATTAN,25890,198.43,7.659999999999999,Lower Gap + Lower GHG,0.1264189886480908,0.03973168214654283,0.08307533539731682
20408210,3,37.246678908828926,39.61698866678621,46.56157053642762,131.7,117.6,101.8,79.4464956706389,281 St. Nicholas Partners LLC,Multifamily Housing,MANHATTAN,50706,380.41,7.5,Lower Gap + Lower GHG,0.1259029927760578,0.30392156862745096,0.2149122807017544
6382661,3,37.240052157318836,38.120734618893934,44.83771885602835,122.6,122,116.3,82.51685290393792,230 Seaman Avenue,Multifamily Housing,MANHATTAN,35620,326.7,9.17,Lower Gap + Lower GHG,0.12538699690402477,0.22858617131062953,0.17698658410732715
2802277,3,37.21977301007168,42.64998011073749,48.46698486841549,88.8,134.6,120.1,77.4500198892625,OneVesta: 134-54 Maple Avenue,Multifamily Housing,QUEENS,155290,1603.58,10.33,Lower Gap + High GHG,0.12487100103199174,0.7884416924664602,0.456656346749226
6282685,3,37.199250068235166,39.71977929908995,42.77849720212809,103.9,125,145.2,87.47540473708604,Jalen: 159 Gelston Ave,Multifamily Housing,BROOKLYN,32143,272.42999999999995,8.48,Lower Gap + Lower GHG,0.12435500515995872,0.12951496388028896,0.12693498452012383
20754085,3,37.15661669451655,50.26488102868501,50.493111616714025,87.3,122.7,125.1,74.07092127876547,GP Properties : 105 WEST 55 STREET,Multifamily Housing,MANHATTAN,54000,548.58,10.16,Lower Gap + Lower GHG,0.1238390092879257,0.49226006191950467,0.3080495356037152
7078757,3,37.11481538782272,40.96661866437085,60.148353387748934,108.5,104.2,82,56.38061543370362,420 42nd Street,Multifamily Housing,BROOKLYN,28262,151.87,5.37,Lower Gap + Lower GHG,0.12332301341589268,0.0196078431372549,0.07146542827657379
6574657,3,37.11142702824448,42.24669556012779,45.95807837307238,124.6,123.1,105.9,80.52683583941743,752-760 60th Street,Multifamily Housing,BROOKLYN,34600,194.69,5.63,Lower Gap + Lower GHG,0.12280701754385964,0.03663570691434469,0.07972136222910217
2675890,3,37.10843928825762,32.55932327461866,50.51552617413417,107.7,100.2,124,72.95333175882885,Chrismar Equities Corp.,Multifamily Housing,QUEENS,72625,541.97,7.46,Lower Gap + Lower GHG,0.12229102167182662,0.48297213622291024,0.3026315789473684
4409183,3,37.08525429845883,40.280698983304816,49.94683414126717,105.6,114.8,114.2,73.91930101669519,245 Hawthorne Street,Multifamily Housing,BROOKLYN,82542,559.6,6.78,Lower Gap + High GHG,0.1217750257997936,0.5010319917440661,0.31140350877192985
4036617,3,37.07804801799987,53.818992637677795,46.91214731723074,134.1,132.2,81.7,78.61911438949906,Glenwood - The Andover,Multifamily Housing,MANHATTAN,388870,2208.71,5.68,Lower Gap + High GHG,0.12125902992776058,0.8415892672858617,0.48142414860681115
12065604,3,37.02368969803575,35.68881049958803,40.25150063467537,123.8,127,136.5,91.66302859653511,1165 Fulton Avenue,Multifamily Housing,BRONX,36579,384.02,10.5,Lower Gap + Lower GHG,0.12074303405572756,0.30856553147574817,0.21465428276573786
10550377,3,37.008986315175136,27.443623960755673,58.65578357246008,124.4,81.5,96.1,68.65637603924432,Rocklyn: 333 Hart St,Worship Facility,BROOKLYN,30793,190.36,6.18,Lower Gap + Lower GHG,0.12022703818369453,0.034055727554179564,0.07714138286893704
2817485,3,36.98475386827358,34.89196093696704,49.362596740814816,113,120.1,103.3,74.1652744675978,100 Thayer,Multifamily Housing,MANHATTAN,57631,491.64,8.53,Lower Gap + Lower GHG,0.1197110423116615,0.43859649122807015,0.2791537667698658
6427001,3,36.96358699137411,40.57534355272868,42.37959206963208,141,126,104.3,85.74214801953717,281-291 CROWN LLC/281,Multifamily Housing,BROOKLYN,29392,191.28,6.51,Lower Gap + Lower GHG,0.11919504643962849,0.03508771929824561,0.07714138286893704
6382702,3,36.94175115472116,40.57084554183305,45.1045586810028,125.1,108.8,122.1,81.52915445816694,515 West 187th Street,Multifamily Housing,MANHATTAN,35244,338.01,9.59,Lower Gap + Lower GHG,0.11867905056759546,0.24664602683178535,0.1826625386996904
3512717,3,36.92303173808103,42.434771649380096,50.88736408099816,116.8,115.6,96.1,72.33230105132473,"GVS Properties, LLC/600W161St",Multifamily Housing,MANHATTAN,105000,647.4399999999999,6.17,Lower Gap + High GHG,0.11816305469556243,0.564499484004128,0.3413312693498452
25972144,3,36.91573888511842,37.88157140443195,42.63079659860355,134,122.7,113.2,85.43353427190283,361 Maple St.,Multifamily Housing,BROOKLYN,27280,185.6,6.8,Lower Gap + Lower GHG,0.11764705882352941,0.03199174406604747,0.07481940144478844
6691569,3,36.88994967627384,37.868704681454744,44.54156936332655,123.1,112.6,123.4,81.75056723857986,Camber - 107 West 109th Street,Multifamily Housing,MANHATTAN,31026,247.07,7.96,Lower Gap + Lower GHG,0.11713106295149639,0.09442724458204334,0.10577915376676986
5871315,3,36.886956126605675,20.775157420104733,40.36243105907363,121.3,124.3,157.5,86.07654103143588,Norwegian Christian Home - 1250 67th Street and 1270 67th Street,Senior Living Community,BROOKLYN,128900,1554.78,12.06,Lower Gap + High GHG,0.11661506707946337,0.7843137254901961,0.4504643962848297
6673889,3,36.854704935744614,45.197257820019175,43.79723323560417,137.1,125.5,101.3,85.50544849901186,55 East Houston Street,Multifamily Housing,MANHATTAN,25480,202.39,7.94,Lower Gap + Lower GHG,0.11609907120743033,0.04489164086687306,0.0804953560371517
18187523,3,36.823429477419346,42.74314247544555,51.64207038104124,93.5,111.6,119.1,74.06939958871104,HD Mangement : 35-25 30 Ave,Office,QUEENS,39417,372.06,9.44,Lower Gap + Lower GHG,0.11558307533539731,0.29256965944272445,0.20407636738906088
2796968,3,36.807319158436435,38.020968686138076,47.91728869881848,117.8,113.7,109.6,78.0547578637295,301 East Tenants Corp (301 East 75th Street),Multifamily Housing,MANHATTAN,128250,1175.45,9.17,Lower Gap + High GHG,0.1150670794633643,0.7280701754385965,0.4215686274509804
12491006,3,36.801227285008,33.2532878201424,78.1748165756329,92.7,78.5,80.5,47.2467121798576,PRD Realty - 470 Dean Street,Multifamily Housing,BROOKLYN,69650,478.4,6.87,Lower Gap + Lower GHG,0.11455108359133127,0.4231166150670795,0.2688338493292054
4952009,3,36.7959068995536,40.97543512161553,46.136891322410875,142.4,82.8,122.1,81.12456487838446,Churchill House,Multifamily Housing,MANHATTAN,100421,822.64,8.19,Lower Gap + High GHG,0.11403508771929824,0.6418988648090815,0.3779669762641899
7069144,3,36.79171130422347,29.689233374575423,46.59385590613157,111.4,106.1,130.6,77.97510810602999,Tov: 233 Jamaica Ave.,Multifamily Housing,BROOKLYN,47936,401.61,8.38,Lower Gap + Lower GHG,0.11351909184726522,0.3328173374613003,0.22316821465428277
25178310,3,36.783599268117555,30.46807148823318,56.57387237670178,97.3,116,93.6,63.131928511766816,80 Willoughby Street,K-12 School,BROOKLYN,66856,392.39,5.87,Lower Gap + Lower GHG,0.1130030959752322,0.31991744066047473,0.21646026831785348
25745743,3,36.78116519358189,31.98538957635283,48.91608284304064,109.8,104.3,122.6,73.87350863045694,2260 Barker Avenue,Multifamily Housing,BRONX,47282,403.77,8.54,Lower Gap + Lower GHG,0.11248710010319918,0.33539731682146545,0.22394220846233232
8000379,3,36.78039920968312,48.21446242135581,66.43990046660352,62,104.6,105.7,57.48553757864419,2035 Newbold Ave,Multifamily Housing,BRONX,112109,909.63,8.11,Lower Gap + High GHG,0.11197110423116616,0.6671826625386997,0.38957688338493296
4408010,3,36.737648307912544,35.56641118761118,47.62852022339715,114.6,108.8,118.3,76.5163718384272,Lovett - 88-11 34 Avenue,Multifamily Housing,QUEENS,74500,530.75,7.119999999999999,Lower Gap + Lower GHG,0.11145510835913312,0.4742002063983488,0.29282765737874095
21355433,3,36.73184400932008,28.698923730905193,27.869887104469168,150.8,160.7,199.2,130.62799554639614,NYPD_4505_69th Precinct,Police Station,BROOKLYN,15792,264.17,16.73,Lower Gap + Lower GHG,0.1109391124871001,0.12022703818369453,0.11558307533539731
6262424,3,36.727168922966726,33.93474429953713,44.16563472195406,130,112.4,117,83.06525570046287,New White Capital LLC,Multifamily Housing,QUEENS,38826,354.58,9.13,Lower Gap + Lower GHG,0.11042311661506708,0.26883384932920534,0.18962848297213622
2805624,3,36.70445012120889,23.833685451786835,52.259514962409405,94.6,136,91.4,71.42273191736584,2065 Morris Avenue,Multifamily Housing,BRONX,65028,399.94,6.1499999999999995,Lower Gap + Lower GHG,0.10990712074303406,0.32972136222910214,0.2198142414860681
6301479,3,36.69240238501366,31.162245473054227,38.268330980492706,127.7,128.2,144,93.32858649162306,Werber: 28-56 Steinway St,Fitness Center/Health Club/Gym,QUEENS,39947,589.4,14.75,Lower Gap + High GHG,0.10939112487100103,0.52218782249742,0.3157894736842105
6301483,3,36.691562020037225,38.65024685809121,44.74100778585607,116.6,117.9,122.2,82.77770107128794,Werber: 41-05 74th St,Multifamily Housing,QUEENS,32177,234.81,7.3,Lower Gap + Lower GHG,0.10887512899896801,0.07636738906088751,0.09262125902992777
2831104,3,36.677788051414915,35.40124454992535,37.996660786456374,139.3,131.5,128.7,96.28782475530068,MANHATTANVILLE,Multifamily Housing,MANHATTAN,1443550,11763.96,8.15,Lower Gap + High GHG,0.10835913312693499,0.9716202270381837,0.5399896800825593
14720574,3,36.67204131662552,16.2650390412228,72.37472389602677,136.8,58.6,67.1,50.834960958777195,11629 Seaview Ave,Multifamily Housing,BROOKLYN,61274,298.34000000000003,4.87,Lower Gap + Lower GHG,0.10784313725490197,0.17285861713106296,0.14035087719298245
16089257,3,36.6615768817214,30.972171018090762,43.11897133742802,136.4,114.8,113,83.96629816421374,"Betances18 - II 443 East 137th, III 408 East 137th, 411 East 136th",Multifamily Housing,BRONX,114807,880.73,7.67,Lower Gap + High GHG,0.10732714138286893,0.6604747162022704,0.38390092879256965
6375988,3,36.65786834689948,40.80457157406558,46.400058911428786,121.1,104.8,120.8,78.42122528704121,71 Eld Realty Corp,Multifamily Housing,BRONX,67500,523.3399999999999,7.75,Lower Gap + Lower GHG,0.10681114551083591,0.4674922600619195,0.2871517027863777
6552534,3,36.65668869156549,37.414434309841425,46.85096908515267,106.4,115.1,122.8,79.48139501469086,Casa Renacer,Multifamily Housing,MANHATTAN,31123,268.5,8.629999999999999,Lower Gap + Lower GHG,0.10629514963880289,0.12435500515995872,0.1153250773993808
2679651,3,36.623860325391426,36.33388939461885,51.42464033999559,129,107.8,86.7,71.05390754900681,RY - 107-24 71st Road,Multifamily Housing,QUEENS,147404,934.17,6.34,Lower Gap + High GHG,0.10577915376676987,0.6754385964912281,0.39060887512899894
5816270,3,36.58333451972738,30.00506937778809,48.722390734767735,126.4,104.3,104.4,76.00603921997332,63 Wall Street,Multifamily Housing,MANHATTAN,400531,2987.9,7.46,Lower Gap + High GHG,0.10526315789473684,0.8802889576883385,0.49277605779153766
6727007,3,36.564881872551915,31.39930783023685,43.8786061456654,142.9,108,107.1,75.70069216976314,Al Hirschfeld Theatre,Performing Arts,MANHATTAN,39762,420.55,10.58,Lower Gap + Lower GHG,0.10474716202270382,0.35552115583075333,0.23013415892672856
7069175,3,36.559581640021094,35.3866159194538,59.414557173319764,97.7,93.3,103.3,61.26356891357551,Flushing: 140-75 Ash Ave.,Multifamily Housing,QUEENS,53300,361.04,6.7700000000000005,Lower Gap + Lower GHG,0.1042311661506708,0.27657378740970073,0.19040247678018576
21266150,3,36.55355309079555,36.855583206448344,41.791281731056074,121.4,122.4,128.4,88.26901361913492,PE-GI GJO REALTY LLC,Multifamily Housing,BRONX,32976,335.22999999999996,10.17,Lower Gap + Lower GHG,0.10371517027863777,0.24148606811145512,0.17260061919504643
4495650,3,36.51876191065512,8.461616267424418,52.092436680805186,80,163.8,79.1,70.63838373257558,Bethel: 80 ELIZABETH STREET,Multifamily Housing,MANHATTAN,119653,802.8599999999999,6.71,Lower Gap + High GHG,0.10319917440660474,0.6362229102167183,0.3697110423116615
4398329,3,36.514070725822556,14.945377293305583,46.19679702743759,95.4,87.2,164.3,78.91192706704051,"2510-2520 Frisby Avenue, Bronx",Multifamily Housing,BRONX,72750,679.23,9.34,Lower Gap + High GHG,0.10268317853457172,0.5825593395252838,0.3426212590299278
6702242,3,36.4937594158041,43.45652260767342,42.15055004304793,144.8,128.1,95.3,85.81121903715925,1630 Macombs Rd.,Multifamily Housing,BRONX,41410,251.67,6.08,Lower Gap + Lower GHG,0.1021671826625387,0.1042311661506708,0.10319917440660475
3110618,3,36.47003981858763,39.26132892534744,47.51937816410931,116.4,104.7,118.2,77.41128836013894,DEPM 1644 - 188 East 64th St,Multifamily Housing,MANHATTAN,255961,2515.36,9.83,Lower Gap + High GHG,0.10165118679050568,0.8601651186790505,0.4809081527347781
6793629,3,36.46665927280519,36.852586189307075,38.99127320364575,118.6,136.9,137.3,88.58949556370148,Bay Park 2,Multifamily Housing,BROOKLYN,334000,2992.8500000000004,8.96,Lower Gap + High GHG,0.10113519091847266,0.8813209494324046,0.4912280701754386
11712044,3,36.45151840011348,37.7584552661721,64.61941301412796,93,94.9,91,57.85602729574069,97 Crooke Ave,Multifamily Housing,BROOKLYN,33281,217.62,6.54,Lower Gap + Lower GHG,0.10061919504643962,0.058823529411764705,0.07972136222910217
6699313,3,36.4400268552019,37.84109803570769,48.66511364980492,85.3,116.3,136.6,72.59990868242593,William Gottlieb Management,Retail Store,MANHATTAN,58659,864.8299999999999,14.739999999999998,Lower Gap + High GHG,0.1001031991744066,0.6542827657378741,0.37719298245614036
2772975,3,36.43724073071621,36.75047847463529,48.33376994697537,114.1,102,119.3,74.63618301403068,528 WEST 207 STREET,Multifamily Housing,MANHATTAN,72643,654.65,9.01,Lower Gap + High GHG,0.09958720330237358,0.5681114551083591,0.33384932920536636
15638117,3,36.42664437866652,41.172721062870096,44.2810654652707,129.7,104.7,121.2,80.0272789371299,R100 (OECID: 0500615; BBL: 5023800600),Pre-school/Daycare,STATEN IS,14000,151.95000000000002,10.85,Lower Gap + Lower GHG,0.09907120743034056,0.020123839009287926,0.05959752321981424
5820492,3,36.40986886049114,40.76310980471573,57.64864864724592,86.3,108.7,104.1,63.33689019528426,65 Broadway LLC,Office,MANHATTAN,335184,3365.4500000000003,10.04,Lower Gap + High GHG,0.09855521155830753,0.890608875128999,0.49458204334365324
2665280,3,36.40150081523133,39.03319873063853,56.22578803347106,109,83.7,110.9,62.0748391539375,33 Central Park West,K-12 School,MANHATTAN,76900,632.3,8.219999999999999,Lower Gap + High GHG,0.09803921568627451,0.5526315789473685,0.3253353973168215
11534274,3,36.400410875915576,35.14712338100283,41.152530213139265,126.5,128.5,120,87.82902196925305,4329 Broadway,Multifamily Housing,MANHATTAN,35270,334.57,9.49,Lower Gap + Lower GHG,0.09752321981424149,0.24097007223942207,0.1692466460268318
25746286,3,36.39384738744191,35.12481593848591,46.05295245188666,116.3,119.2,111,78.286045777264,Chestnut - 1529 Dahill Road,Multifamily Housing,BROOKLYN,40000,263.36,6.58,Lower Gap + Lower GHG,0.09700722394220847,0.11816305469556243,0.10758513931888544
15620044,3,36.348896975067134,35.87700341780916,44.118513511945984,119.4,119.3,117.6,81.72299658219083,"Grote Street Apartments, LP",Multifamily Housing,BRONX,207850,1822.91,8.77,Lower Gap + High GHG,0.09649122807017543,0.8080495356037152,0.4522703818369453
1634427,3,36.343125945862006,37.56180576570875,55.2588765967849,117.7,87.3,99.8,62.23819423429125,X037 (OECID: 0201194; BBL: 2057160725),K-12 School,BRONX,70800,664.15,9.38,Lower Gap + High GHG,0.09597523219814241,0.5727554179566563,0.33436532507739936
2798136,3,36.28191910077222,36.52627479532087,50.561599092917156,110,107.2,107,71.58134823707177,130 West 12th Street Condominium,Multifamily Housing,MANHATTAN,105415,751.48,7.13,Lower Gap + High GHG,0.09545923632610939,0.6191950464396285,0.357327141382869
4952519,3,36.25898282068554,26.2389627926851,46.16400109841174,102.1,97.6,140.8,81.81476091662702,Century - 343 East 74th Street,Multifamily Housing,MANHATTAN,158230,1836.27,11.61,Lower Gap + High GHG,0.09494324045407637,0.8090815273477813,0.4520123839009288
6814888,3,36.251080317026926,31.828090565403514,68.63103178360628,84.2,101.4,81.2,52.09601565294811,Essex - (125 Delancey) Site 2 (es041),Multifamily Housing,MANHATTAN,440000,3288.16,7.470000000000001,Lower Gap + High GHG,0.09442724458204334,0.8895768833849329,0.4920020639834881
21308161,3,36.249335194803535,40.62780756655391,42.94646035429718,127.9,108.9,124.9,84.2721924334461,500 West 42nd Street,Multifamily Housing,MANHATTAN,46791,405.65,8.67,Lower Gap + Lower GHG,0.09391124871001032,0.3379772961816305,0.21594427244582043
6699541,3,36.24452300272605,35.49113139490335,47.61846331265308,115.9,109.2,111.9,76.40886860509666,508 West 166th Street,Multifamily Housing,MANHATTAN,49115,341.59,6.95,Lower Gap + Lower GHG,0.0933952528379773,0.2502579979360165,0.1718266253869969
2694283,3,36.23852920833736,30.441593670995346,48.06980108932078,130,95.6,109.7,79.25840632900466,Orsid - 186 West 80th St (Parent),Multifamily Housing,MANHATTAN,85706,668.98,7.81,Lower Gap + High GHG,0.09287925696594428,0.5758513931888545,0.33436532507739936
6639336,3,36.23034610072958,36.85915558208117,39.85227461257486,129.1,128.2,124.1,90.0245822285842,21 West 183rd Street,Multifamily Housing,BRONX,31500,251.78,7.99,Lower Gap + Lower GHG,0.09236326109391124,0.10474716202270382,0.09855521155830753
6686984,3,36.22490891235092,41.76893708391708,43.68149809268677,125.9,126.6,107,86.17799152371919,Chestnut - 2240 University Avenue,Multifamily Housing,BRONX,30000,199.1,6.64,Lower Gap + Lower GHG,0.09184726522187822,0.04179566563467492,0.06682146542827658
10850962,3,36.21852364897262,37.11773109734351,43.4063116196437,123,114.7,121.3,82.1956852769773,642 E 236th St,Multifamily Housing,BRONX,41972,308.31,7.35,Lower Gap + Lower GHG,0.0913312693498452,0.19040247678018576,0.1408668730650155
26649283,3,36.210344068581115,37.760586221671815,42.62835861466682,127.4,117.3,119.1,81.33941377832818,Junius Development LLC-Campus,Other - Lodging/Residential,BROOKLYN,131000,1401.16,10.7,Lower Gap + High GHG,0.09081527347781218,0.7678018575851393,0.42930856553147573
21322068,3,36.19985516411207,36.074157277135484,44.56307297497509,121,114.5,116.9,82.21002202285337,258 West 117th Street,Multifamily Housing,MANHATTAN,35080,322.22999999999996,9.19,Lower Gap + Lower GHG,0.09029927760577916,0.217234262125903,0.1537667698658411
4410170,3,36.1665239077775,41.17171276577626,54.84631789271626,113.5,106.3,86.6,66.22586722872985,70 West 36th Street - 01,Office,MANHATTAN,148064,1060.81,7.159999999999999,Lower Gap + High GHG,0.08978328173374613,0.7053663570691434,0.3975748194014448
3529404,3,36.1486101349278,11.364699658711245,49.879050649759705,82.6,82.5,160.6,72.5364665200672,JWavecrest - 1157 Intervale Ave,Multifamily Housing,BRONX,64245,636,9.9,Lower Gap + High GHG,0.0892672858617131,0.5567595459236326,0.32301341589267285
6821236,3,36.147517891117516,36.34115033922451,44.29259527895023,120.7,113.3,119.3,81.28404863468154,LD Brokerage - 2144 Crotona Parkway,Multifamily Housing,BRONX,42246,396.82,9.39,Lower Gap + Lower GHG,0.08875128998968008,0.326625386996904,0.20768833849329205
6599853,3,36.11986645204716,36.9844880756127,43.45724107008228,116.7,119.3,122,82.58844496990835,2530 OCEAN AVE. CORP,Multifamily Housing,BROOKLYN,38625,277.88,7.1899999999999995,Lower Gap + Lower GHG,0.08823529411764706,0.13983488132094943,0.11403508771929824
6691601,3,36.080081450828295,36.838645469601445,37.36472131683776,137.3,127.5,132.9,96.06135453039856,Wavecrest - 2123 Tiebout Avenue,Multifamily Housing,BRONX,32805,267.66,8.16,Lower Gap + Lower GHG,0.08771929824561403,0.12280701754385964,0.10526315789473684
5983637,3,36.04951831775096,35.215249448890745,29.855161903029096,160.4,151.2,158.8,123.58475055110927,Archcare: 1249 Fifth Avenue,Senior Living Community,MANHATTAN,522998,5858.89,11.2,Lower Gap + High GHG,0.08720330237358101,0.932920536635707,0.510061919504644
2544329,3,36.04473711060962,37.04326472125118,54.495250524818374,104,97.9,104.6,67.55673527874882,122 Greenwich Avenue,Multifamily Housing,MANHATTAN,78989,744.43,9.42,Lower Gap + High GHG,0.08668730650154799,0.6124871001031992,0.3495872033023736
6690539,3,36.03958777360899,31.654436957525036,44.65874687825621,114.6,109.7,126,80.71440421975892,Stellar - 540 West 143rd Street,Multifamily Housing,MANHATTAN,46946,398.37,8.49,Lower Gap + Lower GHG,0.08617131062951497,0.32765737874097006,0.2069143446852425
4926406,3,36.0240878578449,42.82626386207903,45.59309504515781,132,120.5,91.9,78.30184665949209,VP: 2691 Reservoir Ave,Multifamily Housing,BRONX,57841,405.11,7,Lower Gap + Lower GHG,0.08565531475748193,0.33746130030959753,0.21155830753353974
6687001,3,35.99295995135931,36.04600305719424,46.67162021440883,112.9,110.7,116,77.630942669435,Abro - 565 West 174th Street,Multifamily Housing,MANHATTAN,43500,350.94,8.07,Lower Gap + Lower GHG,0.08513931888544891,0.26367389060887514,0.17440660474716202
21355531,3,35.98184679156249,39.687331885711046,38.92546402129171,132.9,133.3,119.3,92.92705212995146,ACS_5343_1250 East 229 Street,Other / Rare,BRONX,35325,355.78,10.07,Lower Gap + Lower GHG,0.0846233230134159,0.26986584107327144,0.17724458204334367
2789683,3,35.969936589130995,29.26777170050852,45.76203091108646,108.1,134,103,80.66036897632449,275 Ft. Washington Ave,Multifamily Housing,MANHATTAN,35756,286.08,8,Lower Gap + Lower GHG,0.08410732714138287,0.15067079463364294,0.11738906088751291
24896812,3,35.94663580961918,34.58478563154284,42.56833231664911,128.5,116.5,115.8,84.0465083438582,255 West 75th Street,Multifamily Housing,MANHATTAN,27713,202.6,7.31,Lower Gap + Lower GHG,0.08359133126934984,0.04540763673890609,0.06449948400412797
6844496,3,35.94213708964592,22.72479379871139,44.53873293214811,145.4,101.8,100.9,79.47944252656202,Charm: 455 Ocean Ave.,Multifamily Housing,BROOKLYN,48672,291.03,5.98,Lower Gap + Lower GHG,0.08307533539731682,0.15892672858617132,0.12100103199174407
6883707,3,35.879724395699704,32.30690328794434,44.61634448252254,115.7,123.6,110.3,77.99309671205566,LUCKY 52 CONEY ISLAND LLC,Multifamily Housing,BROOKLYN,31480,207.16,6.58,Lower Gap + Lower GHG,0.0825593395252838,0.04953560371517028,0.06604747162022703
6690545,3,35.86115740283324,35.0806033107915,60.153425077025915,103,95.2,88.1,58.88730751265812,Stellar - 308 Eckford Street,Multifamily Housing,BROOKLYN,36787,237.03,6.44,Lower Gap + Lower GHG,0.08204334365325078,0.07894736842105263,0.0804953560371517
15596267,3,35.83469828536398,34.68731745519802,61.96545015734492,98.1,90.4,94.2,63.57212756939595,56 FULTON STREET LLC,Multifamily Housing,MANHATTAN,101542,806.43,7.94,Lower Gap + High GHG,0.08152734778121776,0.6367389060887513,0.3591331269349845
6700293,3,35.83058163296443,33.08008559731027,43.08633853893648,136.7,103.9,115.2,82.11991440268973,3728 Avenue K,Multifamily Housing,BROOKLYN,41606,288.31,6.930000000000001,Lower Gap + Lower GHG,0.08101135190918472,0.1563467492260062,0.11867905056759545
6808794,3,35.81886683898569,35.179341437192676,43.521910300572166,117.9,120.2,116.7,81.52065856280733,602 West 190th Street,Multifamily Housing,MANHATTAN,37002,269.57,7.29,Lower Gap + Lower GHG,0.0804953560371517,0.12487100103199174,0.10268317853457172
6664220,3,35.797101220409886,38.13674576507216,50.32621462514616,108.7,109.5,103,72.83584816957756,1401 Teller Ave,Multifamily Housing,BRONX,27418,209.96,7.659999999999999,Lower Gap + Lower GHG,0.07997936016511868,0.0521155830753354,0.06604747162022703
20704209,3,35.78888304348228,14.463059873432414,43.131750899522935,164.4,93.7,96,83.96176395256084,1000 Clove Road,Multifamily Housing,STATEN IS,140580,916.34,6.52,Lower Gap + High GHG,0.07946336429308566,0.6687306501547987,0.3740970072239422
3102189,3,35.763024940793,40.00272887896334,45.301267650025615,121.9,117.6,104.4,78.24584779011504,83-25 Vietor Owners Corp.,Multifamily Housing,QUEENS,58500,383.39,6.55,Lower Gap + Lower GHG,0.07894736842105263,0.3075335397316821,0.19324045407636736
6675163,3,35.76031232791837,27.99972931675957,40.26091525312077,145.7,115.4,110.4,85.79374083695488,Remzija Sulijovic - 4710 Laurel Hill blvd,Multifamily Housing,QUEENS,37216,249.88,6.71,Lower Gap + Lower GHG,0.0784313725490196,0.1001031991744066,0.0892672858617131
15581970,3,35.74611435096263,36.87542449559231,49.05709641257241,116.3,105.4,104.8,67.92457550440768,Deepdale Corp 1,Multifamily Housing,QUEENS,307636,2070.8100000000004,6.73,Lower Gap + High GHG,0.07791537667698659,0.8317853457172343,0.4548503611971104
6690541,3,35.72391577033038,33.16747538351561,42.35746437438967,121.3,132.1,106.6,81.0007416215637,Stellar - 1071 St. Nicholas Avenue,Multifamily Housing,MANHATTAN,32400,220.21,6.8,Lower Gap + Lower GHG,0.07739938080495357,0.06191950464396285,0.0696594427244582
26118601,3,35.68941024732788,35.36502403576125,46.528812781795054,116.3,110.8,110,76.169768416917,Orsid -149-30 88th Street / 87-10 149th Avenue (parent),Multifamily Housing,QUEENS,149463,1134.03,7.59,Lower Gap + High GHG,0.07688338493292053,0.7192982456140351,0.39809081527347784
2680552,3,35.688785080619205,33.673048662893166,46.24505384899732,111.1,115.9,112,78.32695133710683,TKR - 63-09 108th Street,Multifamily Housing,QUEENS,98085,743.11,7.58,Lower Gap + High GHG,0.07636738906088751,0.6119711042311662,0.3441692466460268
2665626,3,35.664938285164894,36.546216516263044,45.781208368691594,117.3,108.4,114.8,78.25378348373695,Stellar - 90-10 34th Avenue,Multifamily Housing,QUEENS,75298,708.81,9.41,Lower Gap + High GHG,0.07585139318885449,0.5959752321981424,0.33591331269349844
1633279,3,35.6453090949803,36.25254019379795,52.4436799628272,122.3,86,100.1,63.847459806202046,"X068, X918 (OECID: 0200105; BBL: 2049860081)",K-12 School,BRONX,94860,820.7,8.65,Lower Gap + High GHG,0.07533539731682147,0.6413828689370485,0.358359133126935
6787431,3,35.64446841423426,34.77011051528282,45.12466884260885,112.9,109.8,120.9,81.4258723548444,Carlyle: 1081 3rd Avenue,Multifamily Housing,MANHATTAN,230548,1859.5,8.07,Lower Gap + High GHG,0.07481940144478844,0.8126934984520123,0.44375644994840036
21322569,3,35.636344926044195,31.099329959833725,45.32217613702698,125.7,107.6,108.8,78.29566535638905,"CAMPUS - Chestnut - 1348, 1358 & 1368 Sheridan Avenue",Multifamily Housing,BRONX,79513,539.06,6.78,Lower Gap + Lower GHG,0.07430340557275542,0.48194014447884415,0.27812177502579977
6284276,3,35.631967418662185,35.5055847329449,41.9685760759089,115.9,125.9,120.3,84.7944152670551,310 85th Street,Multifamily Housing,BROOKLYN,36329,291.72999999999996,8.03,Lower Gap + Lower GHG,0.0737874097007224,0.1609907120743034,0.1173890608875129
18057555,3,35.62840125624249,27.039790983133116,37.112567079061286,109,144.9,185.1,158.06020901686688,1001-1011 Brighton Beach Avenue,Supermarket/Grocery Store,BROOKLYN,46046,724.69,15.739999999999998,Lower Gap + High GHG,0.07327141382868937,0.6047471620227038,0.3390092879256966
4406942,3,35.59609755394579,47.47661265262484,46.81632443077557,82.8,130.6,124.4,76.92338734737517,MP Management - 2006 Cross Bronx Expressway,Multifamily Housing,BRONX,90730,692.89,7.64,Lower Gap + High GHG,0.07275541795665634,0.5887512899896801,0.3307533539731682
26074780,3,35.59274266842419,32.04475465255459,43.9242386024554,113.7,109.4,126.5,81.5469568076236,55 East 179th Street,Multifamily Housing,BRONX,29655,295.72999999999996,9.97,Lower Gap + Lower GHG,0.07223942208462332,0.16821465428276575,0.12022703818369454
19472714,3,35.58887206950951,37.78788042767523,57.54524861987969,104.4,99.7,88.3,59.50307812902868,2057 Boston Road & 1010-1028 East 178th Street - Parent Property,K-12 School,BRONX,268993,1640.97,6.1,Lower Gap + High GHG,0.0717234262125903,0.7920536635706914,0.43188854489164086
2811097,3,35.546337076765795,36.06551075563708,53.15292636773952,109.1,102.3,95.7,66.53988705525013,392 8 AVENUE - [400 Eighth Avenue],Office,MANHATTAN,76638,713.89,9.32,Lower Gap + High GHG,0.07120743034055728,0.5985552115583075,0.3348813209494324
6629601,3,35.54282602527119,19.234178921089907,39.4538869476128,102.1,89.3,171.4,93.61160391911775,Diamond: 2114 Aqueduct Ave (Child),Multifamily Housing,BRONX,27226,292.46999999999997,10.739999999999998,Lower Gap + Lower GHG,0.07069143446852426,0.16202270381836945,0.11635706914344685
6664215,3,35.51145625916494,34.76496526527821,54.93320645071252,101.5,97,102.6,67.83503473472179,304 Echo Place,Multifamily Housing,BRONX,27331,210.31,7.69,Lower Gap + Lower GHG,0.07017543859649122,0.053663570691434466,0.06191950464396284
9768765,3,35.50079507623697,28.14747251430326,40.224116808663915,140.6,114.2,115.1,86.95252748569673,517 West 212th Street,Multifamily Housing,MANHATTAN,34900,321.86,9.22,Lower Gap + Lower GHG,0.0696594427244582,0.21671826625386997,0.14318885448916407
2595885,3,35.497448387514304,36.11952728982362,45.7862427964803,112.1,112.2,114.9,77.94789444819423,3130 Grand Concourse,Multifamily Housing,BRONX,143577,1380.25,9.61,Lower Gap + High GHG,0.06914344685242518,0.7652218782249742,0.41718266253869973
6262419,3,35.49260096410191,31.661978583542066,47.86423700239356,105.9,104.4,119,73.81568468602772,Gold River Capital LLC (853),Multifamily Housing,MANHATTAN,70344,656.57,9.33,Lower Gap + High GHG,0.06862745098039216,0.5706914344685242,0.3196594427244582
6283127,3,35.4806846891179,35.699454758858096,46.567836557436976,114,108.9,112.5,76.17409812956727,4 W 22nd Street,Multifamily Housing,MANHATTAN,30576,295.14000000000004,9.65,Lower Gap + Lower GHG,0.06811145510835913,0.16666666666666666,0.11738906088751289
3122072,3,35.47575754137802,29.80648788141933,44.454442042338364,130.9,107.5,106.2,78.6634488059926,Jason Andrew - 100 East 92nd St.,Multifamily Housing,BROOKLYN,54888,366.58,6.68,Lower Gap + Lower GHG,0.06759545923632611,0.2837977296181631,0.17569659442724458
6672887,3,35.46944954971452,34.96007168836536,44.484338248277815,121.7,110.1,113.5,78.53992831163464,Coney 2502 Ave D,Multifamily Housing,BROOKLYN,41452,282.11,6.81,Lower Gap + Lower GHG,0.06707946336429309,0.14447884416924664,0.10577915376676986
6449071,3,35.467221732358105,33.656737928437465,37.53806245575274,137.8,124.1,127.5,93.84326207156253,55-59 West 180th St/2101 Grand Avenue,Multifamily Housing,BRONX,32050,254.53,7.94,Lower Gap + Lower GHG,0.06656346749226007,0.10784313725490197,0.08720330237358101
4036612,3,35.46646126228554,39.72478131436712,45.2688453193227,126,118.5,97.2,78.64226364774066,Glenwood - The Bristol,Multifamily Housing,MANHATTAN,647202,4437.360000000001,6.859999999999999,Lower Gap + High GHG,0.06604747162022703,0.9148606811145511,0.4904540763673891
25103954,3,35.44721877957051,36.79047061616522,44.711090883639244,119.2,114.3,110.7,79.2851322413367,Bronx Park - 2111 Southern Boulevard,Multifamily Housing,BRONX,201100,1933.57,9.61,Lower Gap + High GHG,0.06553147574819401,0.8199174406604747,0.44272445820433437
1634277,3,35.434664682236885,36.86456465904032,54.39971636550278,100.1,102.3,100.1,63.235435340959675,K994 (OECID: 0301793; BBL: 3018120001),K-12 School,BROOKLYN,25400,209.85,8.26,Lower Gap + Lower GHG,0.06501547987616099,0.05159958720330237,0.058307533539731685
6675932,3,35.42940305761345,34.288568024274085,47.49060226452485,121.1,99.6,108.4,74.11143197572592,RA Cohen - 739 West 186th Street,Multifamily Housing,MANHATTAN,56000,476.95,8.52,Lower Gap + Lower GHG,0.06449948400412797,0.4215686274509804,0.24303405572755418
25746287,3,35.42671456899146,38.70015469127627,45.86416257464968,122.2,114.5,100.8,76.19692447426279,Chestnut - 2300 Grand Concourse,Multifamily Housing,BRONX,79284,555.38,7,Lower Gap + Lower GHG,0.06398348813209494,0.4984520123839009,0.28121775025799794
15097702,3,35.40119927976222,36.50579868824826,48.49224887207908,108,105.5,111.8,74.03957257370716,3500 48th Street Owner LLC,Office,QUEENS,124564,1300.22,10.44,Lower Gap + High GHG,0.06346749226006192,0.7507739938080495,0.4071207430340557
20579865,3,35.39715340700618,37.98253903984366,34.43202697129853,136.9,158.8,118.1,102.9625086189582,New York Hotel - 319 West 48th St,Hotel,MANHATTAN,186954,1869.83,10,Lower Gap + High GHG,0.0629514963880289,0.8142414860681114,0.43859649122807015
3114735,3,35.396605152296175,35.78726686565409,45.501058841126806,119.4,111.5,108.5,76.90954029582161,84-35 Lander Street,Multifamily Housing,QUEENS,50160,342.48999999999995,6.83,Lower Gap + Lower GHG,0.06243550051599587,0.25232198142414863,0.15737874097007226
6640511,3,35.379679485821796,37.880513258838306,47.26898073513232,115.3,104,111.5,72.74942904180338,67-69 Saint Nicholas Avenue,Multifamily Housing,MANHATTAN,31752,276.61,8.709999999999999,Lower Gap + Lower GHG,0.06191950464396285,0.13570691434468524,0.09881320949432404
2817025,3,35.365537041073466,35.666916938599826,46.35879782517169,115,110.3,109.7,75.58058486802848,Building 13,Multifamily Housing,BRONX,155477,1768.6799999999998,11.38,Lower Gap + High GHG,0.06140350877192982,0.803921568627451,0.4326625386996904
21354546,3,35.364572280872714,32.18556694271379,51.96760347009592,115.2,97.3,96.8,65.6329737244984,"DOE_6796_K490, K934 Campus: K490",K-12 School,BROOKLYN,343200,2791.52,8.129999999999999,Lower Gap + High GHG,0.0608875128998968,0.8720330237358102,0.4664602683178535
2587913,3,35.35846759590193,29.510968312523676,119.64488899765605,61.8,77.2,57.1,27.589031687476325,5030 BROADWAY - [5030 Broadway],Self-Storage Facility,MANHATTAN,377494,2262.7,5.99,Lower Gap + High GHG,0.06037151702786378,0.8441692466460269,0.45227038183694535
2648577,3,35.34202488765012,33.260647163285014,53.17188430115206,100.5,95.8,109,66.692983817822,57 West 57th Street,Office,MANHATTAN,159168,1474.73,9.27,Lower Gap + High GHG,0.05985552115583075,0.7765737874097007,0.4182146542827657
24896826,3,35.339365539700715,36.392551871929655,42.502404402401886,121.2,112.3,121.8,82.83606264141599,3640 Bronx Boulevard,Multifamily Housing,BRONX,43178,318.68,7.38,Lower Gap + Lower GHG,0.05933952528379773,0.21104231166150672,0.13519091847265222
2605876,3,35.3357846626674,35.89094227410182,53.95023725795428,106.4,94,101.9,66.00905772589819,160 Fifth Avenue,Office,MANHATTAN,111200,1303.78,11.72,Lower Gap + High GHG,0.058823529411764705,0.7528379772961816,0.4058307533539732
14891922,3,35.33345402990175,40.411052969005425,52.776438008500925,107.8,69.7,128.3,66.74928869831574,116 East 16th Street,Office,MANHATTAN,64405,720.3599999999999,11.18,Lower Gap + High GHG,0.058307533539731685,0.6011351909184727,0.3297213622291022
6284571,3,35.313798484921826,33.67815733437338,43.29220085593584,100.5,114.8,136.7,81.21195557937345,537 Ovington Avenue,Multifamily Housing,BROOKLYN,46200,366.75,7.94,Lower Gap + Lower GHG,0.05779153766769866,0.28431372549019607,0.17105263157894737
6702291,3,35.312633152110095,35.85957022803436,45.08929582260237,110.7,115.2,116,75.59555906931713,140 Johnson Avenue,Multifamily Housing,BROOKLYN,26219,199.86,7.619999999999999,Lower Gap + Lower GHG,0.05727554179566564,0.043859649122807015,0.05056759545923632
2652653,3,35.30269687369948,33.80570423240022,49.29465608995651,120.3,103.9,96.1,71.4918134927972,200 West 58th Street,Multifamily Housing,MANHATTAN,94060,760.21,8.08,Lower Gap + High GHG,0.05675954592363261,0.6217750257997936,0.3392672858617131
2791292,3,35.30021899882304,33.220734904655004,46.01350919928813,112.9,116,107.5,74.279265095345,321 Ovington Avenue,Multifamily Housing,BROOKLYN,92224,611.02,6.63,Lower Gap + High GHG,0.05624355005159959,0.5407636738906089,0.2985036119711042
25514535,3,35.28665525634869,34.390972627894214,46.020963566882045,116.8,108.2,110.7,76.30902737210579,Glenwood,Multifamily Housing,NA,116178,930.41,8.01,Lower Gap + High GHG,0.05572755417956656,0.673890608875129,0.36480908152734776
4040938,3,35.27577911515785,35.34452361737664,48.666793027782134,105.6,112.9,105.2,74.81714565194268,801 Amsterdam Avenue,Multifamily Housing,MANHATTAN,149359,1356.81,9.08,Lower Gap + High GHG,0.05521155830753354,0.760577915376677,0.40789473684210525
15295331,3,35.26191326169481,12.882547983485907,52.10807102625965,150.4,80.5,78.6,68.51969899633195,597 Grand,Multifamily Housing,BROOKLYN,56377,291.68,5.17,Lower Gap + Lower GHG,0.054695562435500514,0.16047471620227038,0.10758513931888544
2682467,3,35.224025973503565,45.603216132926974,45.03441307333438,89.4,126.7,124.5,78.89678386707303,RY - Tracy Towers,Multifamily Housing,NA,987101,7469.67,7.57,Lower Gap + High GHG,0.05417956656346749,0.9463364293085655,0.5002579979360166
5764736,3,35.204743754668044,29.26606401757185,44.00435136368187,111.7,106.5,127.9,79.33362976029835,4128-4130 Carpenter Avenue,Multifamily Housing,BRONX,54048,547.9,10.14,Lower Gap + Lower GHG,0.053663570691434466,0.4907120743034056,0.27218782249742
6674827,3,35.203936085999636,34.97171399586897,53.05270295385592,105.5,101.1,98,65.9627058458446,Dermot - 33 Caton Place (Kestrel),Multifamily Housing,BROOKLYN,120689,856.65,7.1,Lower Gap + High GHG,0.053147574819401446,0.651702786377709,0.3524251805985552
6219449,3,35.1673637027805,35.353913263071775,40.66657650669757,123.8,120.6,120.6,85.97158253639358,1080 Oceanview LLC,Multifamily Housing,BROOKLYN,31000,219.98,7.1,Lower Gap + Lower GHG,0.05263157894736842,0.06140350877192982,0.05701754385964912
2654539,3,35.153976028783774,34.64037175926538,45.06339839850458,116.5,109.5,113.4,78.75962824073463,Milstein - 251 East 32nd Street,Multifamily Housing,MANHATTAN,146800,1125.86,7.67,Lower Gap + High GHG,0.0521155830753354,0.717234262125903,0.3846749226006192
21355328,3,35.11058108146867,26.803599988464725,30.860800047858653,143,140.4,167.4,111.0154132611663,"FDNY_4076_Engine Co. 92 and Ladder Co. 44, Batt. 17",Fire Station,BRONX,10623,136.3,12.83,Lower Gap + Lower GHG,0.05159958720330237,0.013415892672858616,0.032507739938080496
7057730,3,35.07959929800786,37.90539614064565,43.114147378569825,121,104.2,123.8,80.65176425877287,M&amp;I Management - 193 Martense St,Multifamily Housing,BROOKLYN,40120,304.21999999999997,7.58,Lower Gap + Lower GHG,0.05108359133126935,0.18369453044375644,0.1173890608875129
8980082,3,35.0546553150017,34.75897517075887,50.24456910659831,108.4,104.5,101.6,67.38153873416402,65 Washington,Multifamily Housing,BROOKLYN,53671,422.22,7.87,Lower Gap + Lower GHG,0.05056759545923633,0.3586171310629515,0.20459236326109392
4382978,3,34.97616505394384,35.389295106307074,44.16284099681613,116.9,111.3,114.3,78.91070489369292,111-23 76 Rd,Multifamily Housing,QUEENS,52182,351.51,6.74,Lower Gap + Lower GHG,0.0500515995872033,0.26418988648090813,0.1571207430340557
6786130,3,34.97280163939781,31.985068606648838,40.490012779806555,120,128.7,115.6,85.73818229886224,Verrazano Garden Apts Inc.,Multifamily Housing,STATEN IS,33714,239.96,7.119999999999999,Lower Gap + Lower GHG,0.04953560371517028,0.08359133126934984,0.06656346749226005
2661976,3,34.96453726822015,37.23273159467415,45.83673408679088,113.7,105,114.8,77.18717523061115,Pinnacle - 85 Clarkson Ave,Multifamily Housing,BROOKLYN,71142,496.58,6.98,Lower Gap + Lower GHG,0.049019607843137254,0.44427244582043346,0.24664602683178535
26684828,3,34.958679702150256,34.08462950699865,39.817234011273925,130,120.1,117.8,86.82198377501342,CAMPUS - Chestnut - 1288 & 1292 Washington Avenue,Multifamily Housing,BRONX,49171,432.4,8.79,Lower Gap + Lower GHG,0.048503611971104234,0.369969040247678,0.20923632610939114
8718606,3,34.95286604808345,35.92789283802945,40.20479714005162,115.8,122.2,128.5,86.08355628479016,72-22 Austin Street,Multifamily Housing,QUEENS,28500,244.53,8.58,Lower Gap + Lower GHG,0.047987616099071206,0.08875128998968008,0.06836945304437564
21355498,3,34.94670637039873,34.61161813371231,42.628308485509955,117.6,113.9,121.5,79.92433937026031,NYPL_4644_Grand Concourse Branch Library,Library,BRONX,16874,160.04,9.48,Lower Gap + Lower GHG,0.047471620227038186,0.022703818369453045,0.03508771929824561
6299514,3,34.942069647778816,32.167736333725955,52.01129049480907,109.5,98.7,98,67.05296050506092,15 West 26th St,Office,MANHATTAN,45309,380.8,8.4,Lower Gap + Lower GHG,0.04695562435500516,0.304437564499484,0.17569659442724458
25567403,3,34.90959418423474,35.22882658464967,43.099531703424205,125.8,119.1,113.3,94.38611589742536,20 Times Square,Hotel,MANHATTAN,369864,3814.91,10.31,Lower Gap + High GHG,0.04643962848297214,0.9014447884416925,0.4739422084623323
26577529,3,34.887293012985445,33.398933332945134,44.37806861374102,109.1,120.1,112.1,78.70106666705486,2165 Matthews Avenue,Multifamily Housing,BRONX,58500,519.43,8.88,Lower Gap + Lower GHG,0.04592363261093911,0.46542827657378744,0.25567595459236325
6212915,3,34.864870852332665,34.75298017216009,40.27340442176877,120.2,124,120.4,85.64701982783991,150-15 Sanford Avenue,Multifamily Housing,QUEENS,26605,249.36,9.37,Lower Gap + Lower GHG,0.04540763673890609,0.09855521155830753,0.07198142414860681
3105181,3,34.85991036857268,47.3251980978595,45.836938643398355,125.2,129.5,75.2,72.75179521322987,GJUF II Hanson LLC (1 Hanson Pl),Multifamily Housing,BROOKLYN,412439,2319.7,5.619999999999999,Lower Gap + High GHG,0.04489164086687306,0.849329205366357,0.44711042311661503
20943771,3,34.824137435840754,33.62104554728947,40.928851602569985,127.5,110.4,121.4,87.77895445271054,1045 Southern Boulevard,Retail Store,BRONX,49984,619.37,12.39,Lower Gap + High GHG,0.04437564499484004,0.544891640866873,0.29463364293085653
2662227,3,34.81782328457366,34.5008595379967,45.60800276164533,109.7,109.4,114.6,76.24888342317728,Pinnacle - 222 Lenox Rd,Multifamily Housing,BROOKLYN,146660,1053.27,7.18,Lower Gap + High GHG,0.043859649122807015,0.7002063983488133,0.37203302373581015
28404,3,34.80190040921829,35.71126489407541,17.40592592597073,238.1,222.5,245.2,197.4727261265235,The Allen Hospital,Hospital (General Medical & Surgical),MANHATTAN,309145,6108.17,19.76,Lower Gap + High GHG,0.043343653250773995,0.9375644994840041,0.490454076367389
9947961,3,34.78734788586912,32.67552840058809,46.71068563115843,107.6,98.8,121,74.82378683525164,Gershon: 461 Ft. Washington Ave,Multifamily Housing,MANHATTAN,53530,480.65,8.98,Lower Gap + Lower GHG,0.04282765737874097,0.42518059855521156,0.23400412796697626
6664218,3,34.77936631523009,32.32055174880944,57.262688418842885,88.4,92.4,105.9,60.73749950238067,177 Columbia St,Multifamily Housing,BROOKLYN,35000,277.27,7.92,Lower Gap + Lower GHG,0.04231166150670795,0.13725490196078433,0.08978328173374614
6699519,3,34.77123439372254,31.44617014616078,45.32261488089055,124.8,107.6,101.9,76.75440485730614,417 Lorimer Street,Multifamily Housing,BROOKLYN,40102,278.11,6.94,Lower Gap + Lower GHG,0.04179566563467492,0.14086687306501547,0.0913312693498452
10850963,3,34.76344966985976,34.45939799171683,38.521027026587994,126.1,139.3,109.6,89.44468513564925,3318 Perry Ave,Multifamily Housing,BRONX,36000,237.78,6.609999999999999,Lower Gap + Lower GHG,0.0412796697626419,0.0804953560371517,0.0608875128998968
6675954,3,34.736032472044535,28.47876456532046,40.97782043771826,142.4,101.9,111.1,82.62123543467953,541-545 West 49th Street,Multifamily Housing,MANHATTAN,30618,221.53,7.24,Lower Gap + Lower GHG,0.04076367389060888,0.0629514963880289,0.05185758513931889
2796780,3,34.735148334039486,32.00058087383354,51.54206521735925,110.8,96.1,99.2,67.19941912616646,Allied Partners - 254 W 54th Street,Office,MANHATTAN,60000,511.63,8.53,Lower Gap + Lower GHG,0.04024767801857585,0.4582043343653251,0.24922600619195048
8720033,3,34.71720263855254,36.87896630423356,36.83856275516018,127.5,132.4,128.1,90.37744239644343,57-03 48 Street,Refrigerated Warehouse,QUEENS,42064,427.39,10.16,Lower Gap + Lower GHG,0.03973168214654283,0.36480908152734776,0.2022703818369453
6682882,3,34.67564035973201,32.2447042477928,40.958151592413394,125.9,115.3,116.5,84.25850209435197,"Manhasset Management, LLC: 163-07 CROCHERON",Multifamily Housing,QUEENS,38798,270.88,6.98,Lower Gap + Lower GHG,0.0392156862745098,0.1264189886480908,0.08281733746130031
6403427,3,34.67195591441053,34.35939255773485,39.23814812340172,132.6,118.8,117.6,89.36267960725424,52 Saint Nicholas Place,Multifamily Housing,MANHATTAN,25400,235.93,9.29,Lower Gap + Lower GHG,0.03869969040247678,0.0784313725490196,0.058565531475748195
21355721,3,34.67124338145549,35.57064051076354,36.261933806182114,131.9,122.9,136.8,94.15773370979137,CIG > BKM_206_Brooklyn Museum,Museum,BROOKLYN,550409,5843.42,10.62,Lower Gap + High GHG,0.038183694530443756,0.9324045407636739,0.4852941176470588
15568416,3,34.66782686181687,32.55169147403549,43.42659835015775,114.2,108.3,121,79.62976543637988,Gutman: 1280 E 18th St,Multifamily Housing,BROOKLYN,45132,321.01,7.109999999999999,Lower Gap + Lower GHG,0.037667698658410735,0.21465428276573786,0.1261609907120743
4039522,3,34.64932828517552,34.23616880975314,43.97512821216478,117.1,112.1,111.1,77.33014178664403,Argentina_97-05 Horace Harding Expressway,Multifamily Housing,NA,241697,1867.87,7.73,Lower Gap + High GHG,0.03715170278637771,0.8137254901960784,0.42543859649122806
6682158,3,34.64206687062774,21.959892457828502,47.90539877823408,134.5,93.1,92.1,71.67514313737217,35-15 34th Street,Multifamily Housing,QUEENS,43200,214.48,4.96,Lower Gap + Lower GHG,0.03663570691434469,0.05572755417956656,0.04618163054695562
6772377,3,34.63649106752951,29.061557100390075,43.26586978570907,110.1,106.6,128.1,79.14803995212422,683-685 E 140th St,Multifamily Housing,BRONX,57678,488.94,8.48,Lower Gap + Lower GHG,0.03611971104231166,0.434468524251806,0.23529411764705882
4038202,3,34.59530441097405,27.599245745750494,45.39083280202309,105.7,89.4,137.6,75.64606105563755,Kaled: 20 Continental Ave,Multifamily Housing,QUEENS,91030,845.2800000000001,9.29,Lower Gap + High GHG,0.03560371517027864,0.6491228070175439,0.34236326109391124
4043954,3,34.584662933832604,38.31894740418943,45.59237215587491,115.6,99.2,116,75.60802015167407,Wavecrest - 31 West Tremont Avenue,Multifamily Housing,BRONX,87132,666.21,7.65,Lower Gap + High GHG,0.03508771929824561,0.5753353973168215,0.30521155830753355
3107725,3,34.57351442015358,37.88535999708108,61.629871667814136,94.2,95.6,82.7,57.28101034454497,6 Harrison Street,Office,MANHATTAN,56835,393.59,6.930000000000001,Lower Gap + Lower GHG,0.03457172342621259,0.3219814241486068,0.1782765737874097
6722391,3,34.57120375485749,36.066741740427545,45.41856541861263,102.2,111.3,118,78.83978553230988,135-139 West 20th Street,Office,MANHATTAN,34000,348.96999999999997,10.26,Lower Gap + Lower GHG,0.034055727554179564,0.26057791537667696,0.14731682146542827
6320127,3,34.53882733395473,40.577023456427696,58.53201577014807,114.1,95.4,68.5,55.58030528336158,Fed Ex - 2901 Borden Ave,Distribution Center,QUEENS,140410,349.08,2.49,Lower Gap + Lower GHG,0.033539731682146544,0.26109391124871,0.14731682146542827
21355234,3,34.53097846000386,38.34147471406517,30.63985552833754,158.6,134.9,148.4,110.05852528593483,DHS_1141_Classified DHS Location,Other - Lodging/Residential,NA,34800,318.27,9.15,Lower Gap + Lower GHG,0.033023735810113516,0.21052631578947367,0.1217750257997936
25746289,3,34.52034595003395,37.57349910486586,44.413436438285615,129.1,113.3,93.4,76.91300561990917,Chestnut - 295 Fort Washington Avenue,Multifamily Housing,MANHATTAN,49710,368.69,7.42,Lower Gap + Lower GHG,0.032507739938080496,0.28637770897832815,0.15944272445820432
2785927,3,34.48721991134172,32.28557074687161,39.899379122848934,114.7,122.4,125.9,86.38829467921163,4 Union Square,Retail Store,MANHATTAN,252932,2951.75,11.67,Lower Gap + High GHG,0.03199174406604747,0.8761609907120743,0.4540763673890609
21355583,3,34.46340242713665,43.365497764967984,29.14569523631025,178.1,159.9,114.8,113.17614366585865,NYPD_12046_7th Precinct,Police Station,MANHATTAN,58685,574.88,9.8,Lower Gap + High GHG,0.03147574819401445,0.5123839009287926,0.2719298245614035
16871872,3,34.46140520104918,32.55424027664148,36.132937045075586,127.1,124.7,137.3,98.77109109317155,2343 Prospect Avenue,Multifamily Housing,BRONX,35500,381.9299999999999,10.76,Lower Gap + Lower GHG,0.030959752321981424,0.30495356037151705,0.16795665634674925
2719413,3,34.426320194923505,29.145555475005196,48.35130404282786,125.5,91.4,100.4,71.25444452499481,2350 Broadway,Multifamily Housing,MANHATTAN,259558,1842.08,7.1,Lower Gap + High GHG,0.0304437564499484,0.8106295149638802,0.42053663570691435
2787543,3,34.422983554317376,29.61674915858353,37.410472533271026,122.7,122.3,136.5,89.46333970591387,"Willow, LLC",Other - Lodging/Residential,BRONX,54684,565.47,10.34,Lower Gap + High GHG,0.029927760577915376,0.5056759545923633,0.2678018575851393
4395911,3,34.40612045808189,32.323610869390336,46.719766656044015,107.6,103.8,112.8,73.57375260511289,303 Park Avenue South,Multifamily Housing,MANHATTAN,75119,797.52,10.62,Lower Gap + High GHG,0.029411764705882353,0.6336429308565531,0.33152734778121773
26598602,3,34.39772710102699,36.243754532806236,38.07721107562808,129.9,117.5,126.4,90.15624546719377,1275 LAFAYETTE AVENUE,Multifamily Housing,BRONX,32580,284.9,8.739999999999998,Lower Gap + Lower GHG,0.02889576883384933,0.14860681114551083,0.08875128998968008
26598766,3,34.39517217071137,23.15554968837185,38.961977163567965,148,108.9,108.7,86.71711659287762,North Shore Towers Campus,Multifamily Housing,QUEENS,3477147,20226.35,5.819999999999999,Lower Gap + High GHG,0.028379772961816305,0.9881320949432405,0.5082559339525284
6289464,3,34.394044023473946,36.026954556538584,23.408458469161907,180.7,184.3,179.6,143.23240993175233,3821 Broadway,Supermarket/Grocery Store,MANHATTAN,42150,799.64,18.97,Lower Gap + High GHG,0.02786377708978328,0.6341589267285862,0.33101135190918474
6784091,3,34.39107974515883,34.49991655192257,52.38941345796799,100.4,98.9,100.9,64.82569687267008,14 Wall Street,Office,MANHATTAN,1087770,9115.84,8.38,Lower Gap + High GHG,0.027347781217750257,0.955108359133127,0.4912280701754386
20754056,3,34.38882361556282,28.196223234481536,46.81767534694855,120.8,99.9,102.7,74.50377676551847,Maxwell Kates : 23 WEST 116 STREET,Multifamily Housing,MANHATTAN,127564,983.8,7.71,Lower Gap + High GHG,0.026831785345717233,0.6862745098039216,0.35655314757481943
1634729,3,34.38633134012793,37.03815464361239,51.40232764061541,119.4,101.4,80.8,64.06797199254527,K069 (OECID: 0301725; BBL: 3057350032),K-12 School,BROOKLYN,110400,728.64,6.6,Lower Gap + High GHG,0.02631578947368421,0.6073271413828689,0.31682146542827655
6225111,3,34.375455085327864,32.39886339911726,37.38446415697047,139.8,117,121.8,89.40113660088274,2415 DAVIDSON AVENUE - 34585,Multifamily Housing,BRONX,29403,216.59,7.37,Lower Gap + Lower GHG,0.025799793601651185,0.058307533539731685,0.04205366357069144
18949723,3,34.326962129098426,34.19631954444117,39.45654717943369,123.3,108.5,132.7,85.6259788501606,422 East 89th Street,Multifamily Housing,MANHATTAN,29259,298.77,10.21,Lower Gap + Lower GHG,0.025283797729618165,0.17440660474716202,0.0998452012383901
6288750,3,34.285366051169895,33.46026155440758,36.48662166478219,134.3,125.8,124.7,95.00625612790608,Courtyard Marriott 30th,Hotel,MANHATTAN,120798,1088.09,9.01,Lower Gap + High GHG,0.02476780185758514,0.7131062951496389,0.368937048503612
4954132,3,34.27794231146477,29.111137312040512,36.347338196345156,119.5,138.5,129.1,99.98886268795948,College Point - BJ's,Other / Rare,QUEENS,119500,1038.92,8.69,Lower Gap + High GHG,0.024251805985552117,0.695562435500516,0.35990712074303405
6371610,3,34.27224543032813,33.501713822469526,39.90538328054187,121.6,121,118.1,85.49154810177494,Moris Court Apts LLC,Multifamily Housing,BRONX,46500,374.44,8.05,Lower Gap + Lower GHG,0.023735810113519093,0.2961816305469556,0.15995872033023736
1633167,3,34.266768674194104,34.695183772624645,50.997991200442804,106.9,88.4,109.9,64.51041015336968,"K425, K426 (OECID: 0300367; BBL: 3067880001)",K-12 School,BROOKLYN,303600,2844.36,9.37,Lower Gap + High GHG,0.02321981424148607,0.8730650154798761,0.4481424148606811
2830968,3,34.26044703058022,38.521730395752286,26.96573838274527,154.1,164.4,165.9,127.35703743329492,BREUKELEN,Multifamily Housing,BROOKLYN,1709000,17600.04,10.3,Lower Gap + High GHG,0.022703818369453045,0.9845201238390093,0.5036119711042312
6692208,3,34.257471712938276,33.75896839690499,43.11099925477968,116.9,112,112.2,78.44103160309501,"66 Vermilyea Ave, 10034",Multifamily Housing,MANHATTAN,32345,226.3,7,Lower Gap + Lower GHG,0.02218782249742002,0.06914344685242518,0.0456656346749226
6261120,3,34.2196843002992,34.15718765630517,48.04251643877833,116.5,111.3,95.2,58.59115643058681,509 5th Avenue,Office,BROOKLYN,45164,444.23,9.84,Lower Gap + Lower GHG,0.021671826625386997,0.3864809081527348,0.20407636738906088
16634930,3,34.20620334724724,33.75465730884241,44.81556639153021,111.5,95.2,123.8,76.74436201678851,90 Clinton Street,Multifamily Housing,MANHATTAN,38498,363.31,9.44,Lower Gap + Lower GHG,0.021155830753353973,0.27966976264189886,0.15041279669762642
14205076,3,34.20506914361023,38.44336603333964,41.37660792516916,126.5,119.1,104.8,82.31333485836596,Hamilton House,Multifamily Housing,QUEENS,29952,198.65,6.63,Lower Gap + Lower GHG,0.02063983488132095,0.04024767801857585,0.0304437564499484
24896808,3,34.20445287525927,29.836685687416647,47.81994940671694,117.2,99.9,99.7,71.6884948711979,216 West 89th Street,Multifamily Housing,MANHATTAN,76627,630.89,8.229999999999999,Lower Gap + High GHG,0.020123839009287926,0.5510835913312694,0.28560371517027866
6711016,3,34.19480183541104,33.16378476763417,41.08397096871192,126.4,114.9,110.5,82.47127126789337,38-42 Elliot Place,Multifamily Housing,BRONX,48845,343.51,7.03,Lower Gap + Lower GHG,0.0196078431372549,0.25386996904024767,0.13673890608875128
2640762,3,34.165843161122844,36.2902332657749,46.51834295742035,111.1,108.4,103.4,73.51610905309947,100 Arden Street,Multifamily Housing,MANHATTAN,67800,445.35,6.57,Lower Gap + Lower GHG,0.019091847265221878,0.38802889576883387,0.20356037151702788
6672893,3,34.15733826936748,32.94872718603679,38.27065468849452,125,124.6,120.9,88.0652467534566,Coney 518 W 204th Street,Multifamily Housing,MANHATTAN,20330,153.34,7.54,Lower Gap + Lower GHG,0.018575851393188854,0.021155830753353973,0.019865841073271412
6465154,3,34.14681657468603,36.249367749450386,54.74995063021133,85.9,101.2,102,65.75063225054961,771-773 Prospect Avenue,Residential Care Facility,BRONX,35053,312.74,8.92,Lower Gap + Lower GHG,0.01805985552115583,0.2002063983488132,0.10913312693498452
11956092,3,34.13925663035163,47.42871707370918,46.59989130801209,81.7,122.2,121,71.56822493206656,MELNICH REALTY Corp (39th Ave),Multifamily Housing,QUEENS,28535,277.57,9.73,Lower Gap + Lower GHG,0.017543859649122806,0.13777089783281735,0.07765737874097008
10823187,3,34.12444790389008,36.99559987194631,45.625016779127286,97.3,114.1,118.5,71.66903941924174,2177 Frederick Douglass Boulevard,Multifamily Housing,NA,54779,422.66,7.72,Lower Gap + Lower GHG,0.017027863777089782,0.3591331269349845,0.18808049535603713
3994560,3,34.11479032157963,30.55577814207568,45.22073792766642,125.4,101.8,99.9,69.34422185792432,X285 (OECID: 0201464; BBL: 2025270058),K-12 School,BRONX,54396,500,9.19,Lower Gap + Lower GHG,0.016511867905056758,0.44788441692466463,0.2321981424148607
6811843,3,34.099588728846406,18.786607896016818,45.12777785375766,98.4,142.9,92.6,77.93385514231409,624 West 176th Street,Multifamily Housing,MANHATTAN,46500,270.33,5.81,Lower Gap + Lower GHG,0.015995872033023734,0.12538699690402477,0.07069143446852426
2831269,3,34.08801208263354,35.83272809300429,42.332534954067064,107,120.4,117.2,81.36727190699571,WYCKOFF GARDENS,Multifamily Housing,BROOKLYN,526522,3990.02,7.58,Lower Gap + High GHG,0.015479876160990712,0.9060887512899897,0.46078431372549017
6227730,3,34.07829996242711,30.34605439088361,31.30395247417308,148,117.2,174.3,105.20405285449365,Rockaway,Fitness Center/Health Club/Gym,QUEENS,45283,580.1800000000001,12.81,Lower Gap + High GHG,0.014963880288957688,0.5159958720330238,0.2654798761609907
1836628,3,34.07372333483571,26.13265169531276,50.618239618607525,123.7,87,89.9,63.767348304687246,M033 (OECID: 0100052; BBL: 1007240023),K-12 School,MANHATTAN,83100,508,6.109999999999999,Lower Gap + Lower GHG,0.014447884416924664,0.45614035087719296,0.23529411764705882
3524043,3,34.07228773588683,35.8157218329216,44.05103865816735,116.2,111.8,106.3,77.64286222441206,166-40 89th Avenue,Multifamily Housing,QUEENS,76050,545.12,7.17,Lower Gap + Lower GHG,0.01393188854489164,0.48761609907120745,0.25077399380804954
21354181,3,34.06047512719108,33.95392418246102,50.416950780245166,104,102.8,99.4,65.44607581753898,DOE_7248_Q147,K-12 School,QUEENS,96100,635.16,6.609999999999999,Lower Gap + High GHG,0.013415892672858616,0.5552115583075335,0.28431372549019607
4043955,3,34.04765181235246,7.525166314710177,43.34782595741451,84.3,78.1,169.4,78.92026002494917,Wavecrest CHILD - 1491 Macombs Road,Multifamily Housing,BRONX,51709,588.8,11.39,Lower Gap + High GHG,0.012899896800825593,0.521671826625387,0.2672858617131063
4410709,3,34.0474570461303,30.87833083892987,44.59636239001151,119.9,104.9,105.8,74.92166916107013,70-35 Broadway - 37698,Multifamily Housing,QUEENS,121000,762.14,6.3,Lower Gap + High GHG,0.01238390092879257,0.6222910216718266,0.3173374613003096
6775144,3,34.015888153829856,31.034246730215685,65.63577495718688,82.8,91.5,91.7,61.171809749785524,KND: 87-95 Richardson Street,Office,BROOKLYN,40000,294.26,7.359999999999999,Lower Gap + Lower GHG,0.011867905056759546,0.1651186790505676,0.08849329205366357
15346911,3,34.006188542743374,35.74047822408337,66.93406689432035,84.7,79.9,89.9,52.71225264664253,Washington Avenue Apartments,Multifamily Housing,BRONX,32445,221.73,6.83,Lower Gap + Lower GHG,0.011351909184726523,0.06398348813209494,0.03766769865841073
3127630,3,34.00036384297634,21.617646946389684,42.25550691489626,104.2,147.7,93.9,81.60188405760984,Aleseda:  2332 Tiebout Ave,Multifamily Housing,BRONX,121255,809.73,6.68,Lower Gap + High GHG,0.010835913312693499,0.6388028895768834,0.32481940144478844
4000717,3,33.998898763690825,32.647289525594,57.74687317960524,99.3,91.6,88.3,60.43767961015843,The Hegeman,Multifamily Housing,BROOKLYN,79796,549.02,6.88,Lower Gap + Lower GHG,0.010319917440660475,0.49277605779153766,0.2515479876160991
6710991,3,33.9976373734769,31.393866870950433,41.909059928238285,123.6,109.6,111.6,80.20613312904956,1425-1427 Wythe Place,Multifamily Housing,BRONX,55210,388.85,7.04,Lower Gap + Lower GHG,0.00980392156862745,0.3142414860681115,0.16202270381836947
2652765,3,33.965992612522044,33.11210144653665,59.55814883692101,94.4,91,87.7,54.587898553463354,185 Montague Street,Office,BROOKLYN,58000,417.52,7.2,Lower Gap + Lower GHG,0.009287925696594427,0.3544891640866873,0.18188854489164086
26661877,3,33.957992836859596,33.43383928087323,59.35405100438284,101.6,82.9,89,55.56616071912677,1734 Saint Johns Place,Multifamily Housing,BROOKLYN,23698,136.31,5.75,Lower Gap + Lower GHG,0.008771929824561403,0.01393188854489164,0.011351909184726523
2709810,3,33.949591754434046,29.8477367182291,37.658047338734825,132.7,117.9,137.2,84.85402335577508,726 Broadway,College/University,MANHATTAN,350343,4330.81,12.36,Lower Gap + High GHG,0.008255933952528379,0.9122807017543859,0.4602683178534571
6802163,3,33.919164820781724,34.956817756590496,38.64200556705113,122.1,120.7,122.7,87.4120638088971,37-42 80th Street,Multifamily Housing,QUEENS,30550,230.05,7.53,Lower Gap + Lower GHG,0.007739938080495356,0.07275541795665634,0.04024767801857585
26576415,3,33.87993191124457,36.573918759656934,43.924389450864524,107.6,113.4,112.7,75.69227529083162,42-55 Colden Street (Parent Property),Multifamily Housing,QUEENS,270499,1825.51,6.75,Lower Gap + High GHG,0.007223942208462332,0.8085655314757482,0.40789473684210525
2947445,3,33.871131357488274,34.6406636824415,50.824391566145415,113.5,100.1,87.5,66.28766897196967,333 Hudson Street,Office,MANHATTAN,101280,780.04,7.7,Lower Gap + High GHG,0.006707946336429308,0.6269349845201239,0.3168214654282766
2814673,3,33.857394357180574,31.698786827901444,50.2412281794443,94.6,108.1,102,70.30121317209856,Steel Equities - 109-01 14 Ave,Office,QUEENS,149000,1359.54,9.12,Lower Gap + High GHG,0.006191950464396285,0.7610939112487101,0.38364293085655315
5785900,3,33.853214741194876,30.254650600534887,73.19439248007873,89,76.7,75.5,48.20359488971502,Thurcon Properties - 106 Fulton Street,Multifamily Housing,MANHATTAN,80006,485.19,6.06,Lower Gap + Lower GHG,0.005675954592363261,0.43034055727554177,0.2180082559339525
2789436,3,33.849588542937916,33.024333506130574,47.62827381442726,105.9,108,101.1,70.75083120041955,635 West 174th Street,Multifamily Housing,MANHATTAN,89614,592.54,6.609999999999999,Lower Gap + High GHG,0.005159958720330237,0.5252837977296182,0.26522187822497423
2661734,3,33.81748115560277,33.65320114099828,42.20191067875708,114.7,113.8,113.4,79.74679885900173,Pinnacle - 979-993 Carroll St,Multifamily Housing,BROOKLYN,55012,371.52,6.75,Lower Gap + Lower GHG,0.0046439628482972135,0.29102167182662536,0.1478328173374613
5836411,3,33.81380432012008,33.56045094424128,43.735747248313814,110.7,111.9,111,77.43954905575872,Building 2,Multifamily Housing,BRONX,170350,1172.45,6.88,Lower Gap + High GHG,0.0041279669762641896,0.7270381836945304,0.3655830753353973
6464725,3,33.764926908817344,33.4075737848257,44.44821141164611,119.6,107.7,101.5,75.69063770469916,SHERIDAN 1511 LLC,Multifamily Housing,BRONX,204750,1303.08,6.359999999999999,Lower Gap + High GHG,0.003611971104231166,0.7523219814241486,0.3779669762641899
4403647,3,33.76243274502218,37.96756087465832,43.951475669787165,116.8,114,101,76.60257589385984,MP Management - 125 E 18th St,Multifamily Housing,BROOKLYN,62207,385.53,6.2,Lower Gap + Lower GHG,0.0030959752321981426,0.3106295149638803,0.1568627450980392
6723007,3,33.75792101053873,34.13729507380002,50.3011535024153,102,94.8,105.8,66.75814746725169,AAG: 421 7th Avenue,Office,MANHATTAN,71811,765.11,10.65,Lower Gap + High GHG,0.0025799793601651187,0.6238390092879257,0.3132094943240454
10515218,3,33.745583884230975,45.222632798085996,44.82393247713408,86.2,122.4,121.1,75.877367201914,37 Warren Street,Multifamily Housing,MANHATTAN,49858,529.24,10.62,Lower Gap + Lower GHG,0.0020639834881320948,0.47316821465428277,0.23761609907120743
5734430,3,33.68504751444519,38.77834370443,15.201626342896596,265.9,248,254,215.22165629557,NYU Langone Hospital - Brooklyn,Hospital (General Medical & Surgical),BROOKLYN,525896,11477.12,21.82,Lower Gap + High GHG,0.0015479876160990713,0.9700722394220846,0.48581011351909187
6820962,3,33.67522468331856,34.64661907390665,40.231538324216835,113.6,116.6,122.2,84.28059126399975,UAC Developer LLC,Multifamily Housing,BRONX,46000,413.05,8.98,Lower Gap + Lower GHG,0.0010319917440660474,0.34829721362229105,0.17466460268317854
3513910,3,33.66721271923394,33.83073762455348,44.20862074946679,111.9,99.8,117.6,75.56988290232043,SW - 36-14 165th Street,Multifamily Housing,QUEENS,87000,807.01,9.28,Lower Gap + High GHG,5.159958720330237e-4,0.6382868937048504,0.3194014447884417
6801949,3,33.65810632431013,34.65189840672228,50.32575794242351,106.5,86.8,109,64.20767791547293,114-118 East 85th Street (Parent Property),K-12 School,MANHATTAN,54739,532.4,9.73,Lower Gap + Lower GHG,0,0.4762641898864809,0.23813209494324045
